event_id,name,url,image_url,date,time,status,segment,genre,subgenre,venue_name,venue_city,venue_address,venue_lat,venue_lon,day_of_week,month_name,month_num,year,hour
b3e54648-44ed-46b3-8854-4ffc60d18071,Die Fledermaus at Ulriksdal Palace Theatre,https://confidencen.se/laderlappen/,https://images.unsplash.com/...,2026-05-04,,onsale,Arts & Theatre,Film,Stand-up & Spoken Word,Confidencen,Solna,Slottsallén 3,59.386462463175974,18.017660317026976,Monday,May,5,2026,
e7c06dc1-80d7-484a-8a8d-6d77ac2308f8,"Exhibition Scapes, by Alia Ali",https://www.houseofphotography.se/,https://images.unsplash.com/...,2026-05-04,,onsale,Arts & Theatre,Culture & Arts,Nature & Society,House of Photography,Stockholm,Sankt Paulsgatan 29,59.31790663825631,18.06625384848715,Monday,May,5,2026,
f8b9fc02-455e-46a4-be50-d5ab0e7fe94b,Taking Root – on Soil Relations and Human Endeavors,https://fargfabriken.se/sv/pa-gang/att-sla-rot/,https://images.unsplash.com/...,2026-05-04,,onsale,Arts & Theatre,Culture & Arts,Nature & Society,Färgfabriken,Stockholm,Lövholmsbrinken 1,59.31492393338817,18.01989036520007,Monday,May,5,2026,
bcacb114-29cd-4784-8eec-c243d451290f,MUCHA – Beyond Art Nouveau,https://artipelag.se/en/at-artipelag/mucha/,https://images.unsplash.com/...,2026-05-04,,onsale,Arts & Theatre,Culture & Arts,Nature & Society,Artipelag,Gustavsberg,Artipelagstigen 1,59.30670071697362,18.347206414794908,Monday,May,5,2026,
092d0d65-89db-4116-94af-42437676ae6d,Sunset Hike in Tyresta National Park,https://stockholmnature.com,https://images.unsplash.com/...,2026-05-04,,onsale,Arts & Theatre,Nature & Outdoor,,Stockholm Nature | Kayak & Outdoor Tours,Stockholm,Vikstensvägen 71,59.28199071373216,18.12144997339291,Monday,May,5,2026,
ded34fdc-2814-4d9b-a431-e81041fc6e3d,Weekend Brunch at Gondolen,https://gondolen.se/,https://images.unsplash.com/...,2026-05-04,,onsale,Miscellaneous,Food & Drink,,Gondolen,Stockholm,Stadsgården 6,59.319548313189074,18.073298259672384,Monday,May,5,2026,
55f7135e-4672-4117-82c9-8febeb48d4b0,Like share hate – An Exhibition on Antisemitism,https://www.levandehistoria.se/utstallning/utstallningar-som-visas-hos-oss/gilla-dela-hata,https://images.unsplash.com/...,2026-05-04,,onsale,Arts & Theatre,Culture & Arts,Nature & Society,Forum för levande historia,Stockholm,Stora Nygatan 10,59.32494688747681,18.067926968479497,Monday,May,5,2026,
47a41170-f0a9-4ffc-9d8a-e15110589220,In Bloom - Art & Botany,https://waldemarsudde.se/,https://images.unsplash.com/...,2026-05-04,,onsale,Arts & Theatre,Culture & Arts,Nature & Society,Prins Eugens Waldemarsudde,Stockholm,Prins Eugens väg 6,59.320084168259086,18.11367547983008,Monday,May,5,2026,
23295112-5274-46f4-adf9-6183dfcc05c2,Opera: Madama Butterfly,https://www.operan.se/en/productions/madama-butterfly,https://images.unsplash.com/...,2026-05-04,,onsale,Music,Jazz & Blues,Pop,The Royal Swedish Opera,,"Gustav Adolfs torg 2, Stockholm, Sweden",59.3297449,18.0691002,Monday,May,5,2026,
24a1ea85-7edf-4652-b648-b990021a6a11,Free Fridays at Moderna Museet,https://www.modernamuseet.se/stockholm/en/2023/03/17/free-admission-fridays-18-20/,https://images.unsplash.com/...,2026-05-04,,onsale,Arts & Theatre,Culture & Arts,Nature & Society,Moderna Museet,Stockholm,Exercisplan 4,59.32591579357438,18.084134635554676,Monday,May,5,2026,
0afbf109-a94f-418f-9bd4-80cb6fb1c9bf,Flatenbastun – Lakeside Sauna Experience,http://flatenbastun.se/allmanhetens-bastupass/,https://images.unsplash.com/...,2026-05-04,,onsale,Sports,Games & Championships,Races & Competitions,Flatenbastun,Skarpnäck,Flatenvägen 200,59.2533849222834,18.162390598171584,Monday,May,5,2026,
77196d01-e74d-4343-abc8-0386eaf74906,James Cameron – Challenging the Deep,https://www.vasamuseet.se/en/visit/exhibitions/challenging-the-deep,https://images.unsplash.com/...,2026-05-04,,onsale,Arts & Theatre,Culture & Arts,Nature & Society,The Vasa Museum,Stockholm,Galärvarvsvägen 14,59.328052175737156,18.091388047790513,Monday,May,5,2026,
82bbc243-92c3-472d-92f6-a1b83ed1ded0,Weekend activity for families,https://www.nobelprizemuseum.se/program/bygg-en-berg-och-dalbana/,https://images.unsplash.com/...,2026-05-04,,onsale,Arts & Theatre,Miscellaneous,,Nobel Prize Museum,Stockholm,Stortorget 2,59.325179108104294,18.070780084501394,Monday,May,5,2026,
2a866eb8-d276-4b64-b72a-7724550fc785,Plini,https://secure.tickster.com/jjkz51n90y57fzp,https://images.unsplash.com/...,2026-05-04,,onsale,Music,Jazz & Blues,Pop,Debaser Strand,Stockholm,Hornstulls strand 4,59.31394613751992,18.03390323113166,Monday,May,5,2026,
482cb628-ad78-4200-83cd-1c702888f93e,Bergrummet: Annika Liljedahl Nätspinnare,https://artipelag.se/hander-pa-artipelag/bergrummet-annika-liljedahl/,https://images.unsplash.com/...,2026-05-04,,onsale,Arts & Theatre,Culture & Arts,Nature & Society,Artipelag,Gustavsberg,Artipelagstigen 1,59.306526942787,18.346789366727137,Monday,May,5,2026,
343b5b26-1a35-4fb8-a3be-924a0a3edefd,Pottery Painting,https://www.xn--mlakeramik-15a.se/,https://images.unsplash.com/...,2026-05-04,,onsale,Arts & Theatre,Culture & Arts,,Måla Keramiks studio,Stockholm,Hagaesplanaden 82,59.34884172368274,18.037813724036255,Monday,May,5,2026,
47a41170-f0a9-4ffc-9d8a-e15110589220,In Bloom - Art & Botany,https://waldemarsudde.se/,https://images.unsplash.com/...,2026-05-04,,onsale,Arts & Theatre,Culture & Arts,Nature & Society,Prins Eugens Waldemarsudde,Stockholm,Prins Eugens väg 6,59.320084168259086,18.11367547983008,Monday,May,5,2026,
bcacb114-29cd-4784-8eec-c243d451290f,MUCHA – Beyond Art Nouveau,https://artipelag.se/en/at-artipelag/mucha/,https://images.unsplash.com/...,2026-05-04,,onsale,Arts & Theatre,Culture & Arts,Nature & Society,Artipelag,Gustavsberg,Artipelagstigen 1,59.30670071697362,18.347206414794908,Monday,May,5,2026,
23295112-5274-46f4-adf9-6183dfcc05c2,Opera: Madama Butterfly,https://www.operan.se/en/productions/madama-butterfly,https://images.unsplash.com/...,2026-05-04,,onsale,Music,Jazz & Blues,Pop,The Royal Swedish Opera,,"Gustav Adolfs torg 2, Stockholm, Sweden",59.3297449,18.0691002,Monday,May,5,2026,
24a1ea85-7edf-4652-b648-b990021a6a11,Free Fridays at Moderna Museet,https://www.modernamuseet.se/stockholm/en/2023/03/17/free-admission-fridays-18-20/,https://images.unsplash.com/...,2026-05-04,,onsale,Arts & Theatre,Culture & Arts,Nature & Society,Moderna Museet,Stockholm,Exercisplan 4,59.32591579357438,18.084134635554676,Monday,May,5,2026,
e7c06dc1-80d7-484a-8a8d-6d77ac2308f8,"Exhibition Scapes, by Alia Ali",https://www.houseofphotography.se/,https://images.unsplash.com/...,2026-05-04,,onsale,Arts & Theatre,Culture & Arts,Nature & Society,House of Photography,Stockholm,Sankt Paulsgatan 29,59.31790663825631,18.06625384848715,Monday,May,5,2026,
343b5b26-1a35-4fb8-a3be-924a0a3edefd,Pottery Painting,https://www.xn--mlakeramik-15a.se/,https://images.unsplash.com/...,2026-05-04,,onsale,Arts & Theatre,Culture & Arts,,Måla Keramiks studio,Stockholm,Hagaesplanaden 82,59.34884172368274,18.037813724036255,Monday,May,5,2026,
092d0d65-89db-4116-94af-42437676ae6d,Sunset Hike in Tyresta National Park,https://stockholmnature.com,https://images.unsplash.com/...,2026-05-04,,onsale,Arts & Theatre,Nature & Outdoor,,Stockholm Nature | Kayak & Outdoor Tours,Stockholm,Vikstensvägen 71,59.28199071373216,18.12144997339291,Monday,May,5,2026,
0afbf109-a94f-418f-9bd4-80cb6fb1c9bf,Flatenbastun – Lakeside Sauna Experience,http://flatenbastun.se/allmanhetens-bastupass/,https://images.unsplash.com/...,2026-05-04,,onsale,Sports,Games & Championships,Races & Competitions,Flatenbastun,Skarpnäck,Flatenvägen 200,59.2533849222834,18.162390598171584,Monday,May,5,2026,
77196d01-e74d-4343-abc8-0386eaf74906,James Cameron – Challenging the Deep,https://www.vasamuseet.se/en/visit/exhibitions/challenging-the-deep,https://images.unsplash.com/...,2026-05-04,,onsale,Arts & Theatre,Culture & Arts,Nature & Society,The Vasa Museum,Stockholm,Galärvarvsvägen 14,59.328052175737156,18.091388047790513,Monday,May,5,2026,
f8b9fc02-455e-46a4-be50-d5ab0e7fe94b,Taking Root – on Soil Relations and Human Endeavors,https://fargfabriken.se/sv/pa-gang/att-sla-rot/,https://images.unsplash.com/...,2026-05-04,,onsale,Arts & Theatre,Culture & Arts,Nature & Society,Färgfabriken,Stockholm,Lövholmsbrinken 1,59.31492393338817,18.01989036520007,Monday,May,5,2026,
adac1ee2-0d7b-41c3-8ede-fe1463b04b74,Nordic school of photojournalism Exhibition 2026,https://abfstockholm.se/evenemang/utstallning-var-tid-biskopsarno/,https://images.unsplash.com/...,2026-05-04,,onsale,Arts & Theatre,Culture & Arts,Nature & Society,ABF huset,Stockholm,Sveavägen 41,59.33876868772262,18.06013816877274,Monday,May,5,2026,
82bbc243-92c3-472d-92f6-a1b83ed1ded0,Weekend activity for families,https://www.nobelprizemuseum.se/program/bygg-en-berg-och-dalbana/,https://images.unsplash.com/...,2026-05-04,,onsale,Arts & Theatre,Miscellaneous,,Nobel Prize Museum,Stockholm,Stortorget 2,59.325179108104294,18.070780084501394,Monday,May,5,2026,
a3c88bf5-7204-40f7-b211-85eca6a66aa0,Kayak & Camping Adventure in the Stockholm Archipelago,https://stockholmnature.com,https://images.unsplash.com/...,2026-05-04,,onsale,Arts & Theatre,Nature & Outdoor,,Stockholm Nature | Kayak & Outdoor Tours,Stockholm,Vikstensvägen,59.28463090555047,18.1167206168867,Monday,May,5,2026,
482cb628-ad78-4200-83cd-1c702888f93e,Bergrummet: Annika Liljedahl Nätspinnare,https://artipelag.se/hander-pa-artipelag/bergrummet-annika-liljedahl/,https://images.unsplash.com/...,2026-05-04,,onsale,Arts & Theatre,Culture & Arts,Nature & Society,Artipelag,Gustavsberg,Artipelagstigen 1,59.306526942787,18.346789366727137,Monday,May,5,2026,
2a866eb8-d276-4b64-b72a-7724550fc785,Plini,https://secure.tickster.com/jjkz51n90y57fzp,https://images.unsplash.com/...,2026-05-04,,onsale,Music,Jazz & Blues,Pop,Debaser Strand,Stockholm,Hornstulls strand 4,59.31394613751992,18.03390323113166,Monday,May,5,2026,
82bbc243-92c3-472d-92f6-a1b83ed1ded0,Weekend activity for families,https://www.nobelprizemuseum.se/program/bygg-en-berg-och-dalbana/,https://images.unsplash.com/...,2026-05-04,,onsale,Arts & Theatre,Miscellaneous,,Nobel Prize Museum,Stockholm,Stortorget 2,59.325179108104294,18.070780084501394,Monday,May,5,2026,
47a41170-f0a9-4ffc-9d8a-e15110589220,In Bloom - Art & Botany,https://waldemarsudde.se/,https://images.unsplash.com/...,2026-05-04,,onsale,Arts & Theatre,Culture & Arts,Nature & Society,Prins Eugens Waldemarsudde,Stockholm,Prins Eugens väg 6,59.320084168259086,18.11367547983008,Monday,May,5,2026,
c148ddcc-56ac-409f-aeb6-ea7f3b9e29ec,Stockholm Food Tour,https://toursofstockholm.com/tour/stockholm-food-tour/,https://images.unsplash.com/...,2026-05-04,,onsale,Miscellaneous,Food & Drink,,Östermalms Saluhall,Stockholm,Östermalmstorg 31,59.33613874921308,18.079860184674217,Monday,May,5,2026,
77196d01-e74d-4343-abc8-0386eaf74906,James Cameron – Challenging the Deep,https://www.vasamuseet.se/en/visit/exhibitions/challenging-the-deep,https://images.unsplash.com/...,2026-05-04,,onsale,Arts & Theatre,Culture & Arts,Nature & Society,The Vasa Museum,Stockholm,Galärvarvsvägen 14,59.328052175737156,18.091388047790513,Monday,May,5,2026,
cf685cf5-9c5f-43a2-b844-22bbcdfa19e3,The Carl Eldh Studio Museum,https://eldhsatelje.se/,https://images.unsplash.com/...,2026-05-04,,onsale,Arts & Theatre,Culture & Arts,Nature & Society,Carl Eldhs Ateljémuseum,Stockholm,Lögebodavägen 10,59.35283222205604,18.051595835970517,Monday,May,5,2026,
23295112-5274-46f4-adf9-6183dfcc05c2,Opera: Madama Butterfly,https://www.operan.se/en/productions/madama-butterfly,https://images.unsplash.com/...,2026-05-04,,onsale,Music,Jazz & Blues,Pop,The Royal Swedish Opera,,"Gustav Adolfs torg 2, Stockholm, Sweden",59.3297449,18.0691002,Monday,May,5,2026,
93e1b2ae-e581-48d1-9016-c9d2b31bb9c6,Play Beyond Play,https://www.tekniskamuseet.se/en/discover/exhibitions/play-beyond-play/,https://images.unsplash.com/...,2026-05-04,,onsale,Arts & Theatre,Culture & Arts,Nature & Society,The National Museum of Science and Technology,Stockholm,Museivägen 7,59.332452194039554,18.11889678344725,Monday,May,5,2026,
908c9a42-fa31-421b-bafd-d977dc75c0d4,The Swedish Artists Association - Art exhibition - theme: The city,https://galleribellman.se/svenska-konstnarsforbundet-2-7-maj/,https://images.unsplash.com/...,2026-05-04,,onsale,Arts & Theatre,Culture & Arts,Nature & Society,Galleri Bellman,Stockholm,Bellmansgatan 9,59.31946906229456,18.065238975950166,Monday,May,5,2026,
092d0d65-89db-4116-94af-42437676ae6d,Sunset Hike in Tyresta National Park,https://stockholmnature.com,https://images.unsplash.com/...,2026-05-04,,onsale,Arts & Theatre,Nature & Outdoor,,Stockholm Nature | Kayak & Outdoor Tours,Stockholm,Vikstensvägen 71,59.28199071373216,18.12144997339291,Monday,May,5,2026,
f8b9fc02-455e-46a4-be50-d5ab0e7fe94b,Taking Root – on Soil Relations and Human Endeavors,https://fargfabriken.se/sv/pa-gang/att-sla-rot/,https://images.unsplash.com/...,2026-05-04,,onsale,Arts & Theatre,Culture & Arts,Nature & Society,Färgfabriken,Stockholm,Lövholmsbrinken 1,59.31492393338817,18.01989036520007,Monday,May,5,2026,
ded34fdc-2814-4d9b-a431-e81041fc6e3d,Weekend Brunch at Gondolen,https://gondolen.se/,https://images.unsplash.com/...,2026-05-04,,onsale,Miscellaneous,Food & Drink,,Gondolen,Stockholm,Stadsgården 6,59.319548313189074,18.073298259672384,Monday,May,5,2026,
0afbf109-a94f-418f-9bd4-80cb6fb1c9bf,Flatenbastun – Lakeside Sauna Experience,http://flatenbastun.se/allmanhetens-bastupass/,https://images.unsplash.com/...,2026-05-04,,onsale,Sports,Games & Championships,Races & Competitions,Flatenbastun,Skarpnäck,Flatenvägen 200,59.2533849222834,18.162390598171584,Monday,May,5,2026,
bcacb114-29cd-4784-8eec-c243d451290f,MUCHA – Beyond Art Nouveau,https://artipelag.se/en/at-artipelag/mucha/,https://images.unsplash.com/...,2026-05-04,,onsale,Arts & Theatre,Culture & Arts,Nature & Society,Artipelag,Gustavsberg,Artipelagstigen 1,59.30670071697362,18.347206414794908,Monday,May,5,2026,
461c189b-db70-4889-a785-87aa5a443a80,Aalto - Aino & Alvar,https://www.millesgarden.se/utstallningar,https://images.unsplash.com/...,2026-05-04,,onsale,Arts & Theatre,Culture & Arts,Nature & Society,Millesgården,Lidingö,Herserudsvägen 32,59.3586028690257,18.12245300883541,Monday,May,5,2026,
22c95556-7451-49c3-a954-bcee4980e528,Time and Space for New Encounters: Hertha Hillfon X Vår Gård,https://www.vargard.se/aktiviteter/vernissage/,https://images.unsplash.com/...,2026-05-04,,onsale,Arts & Theatre,Culture & Arts,Nature & Society,Vår Gård,Saltsjöbaden,Ringvägen 6,59.28076616920566,18.31088808286512,Monday,May,5,2026,
343b5b26-1a35-4fb8-a3be-924a0a3edefd,Pottery Painting,https://www.xn--mlakeramik-15a.se/,https://images.unsplash.com/...,2026-05-04,,onsale,Arts & Theatre,Culture & Arts,,Måla Keramiks studio,Stockholm,Hagaesplanaden 82,59.34884172368274,18.037813724036255,Monday,May,5,2026,
77196d01-e74d-4343-abc8-0386eaf74906,James Cameron – Challenging the Deep,https://www.vasamuseet.se/en/visit/exhibitions/challenging-the-deep,https://images.unsplash.com/...,2026-05-04,,onsale,Arts & Theatre,Culture & Arts,Nature & Society,The Vasa Museum,Stockholm,Galärvarvsvägen 14,59.328052175737156,18.091388047790513,Monday,May,5,2026,
93e1b2ae-e581-48d1-9016-c9d2b31bb9c6,Play Beyond Play,https://www.tekniskamuseet.se/en/discover/exhibitions/play-beyond-play/,https://images.unsplash.com/...,2026-05-04,,onsale,Arts & Theatre,Culture & Arts,Nature & Society,The National Museum of Science and Technology,Stockholm,Museivägen 7,59.332452194039554,18.11889678344725,Monday,May,5,2026,
a3c88bf5-7204-40f7-b211-85eca6a66aa0,Kayak & Camping Adventure in the Stockholm Archipelago,https://stockholmnature.com,https://images.unsplash.com/...,2026-05-04,,onsale,Arts & Theatre,Nature & Outdoor,,Stockholm Nature | Kayak & Outdoor Tours,Stockholm,Vikstensvägen,59.28463090555047,18.1167206168867,Monday,May,5,2026,
cef81c11-9634-4ff1-9862-54876fe324c4,Art exhibition Equilibrium,https://www.berggallery.se/exhibitions/forthcoming/,https://images.unsplash.com/...,2026-05-04,,onsale,Arts & Theatre,Culture & Arts,Nature & Society,Berg Gallery,Stockholm,Hudiksvallsgatan 8,59.34584862987782,18.037833756784835,Monday,May,5,2026,
adac1ee2-0d7b-41c3-8ede-fe1463b04b74,Nordic school of photojournalism Exhibition 2026,https://abfstockholm.se/evenemang/utstallning-var-tid-biskopsarno/,https://images.unsplash.com/...,2026-05-04,,onsale,Arts & Theatre,Culture & Arts,Nature & Society,ABF huset,Stockholm,Sveavägen 41,59.33876868772262,18.06013816877274,Monday,May,5,2026,
0ecfc0a8-3173-4de7-8645-61c5f41b8356,Guided Hike in Stockholm Nature Reserve + Campfire Lunch,https://stockholmnature.com,https://images.unsplash.com/...,2026-05-04,,onsale,Arts & Theatre,Guided Tours,,Stockholm Nature | Kayak & Outdoor Tours,Stockholm,Vikstensvägen 71,59.28199071373216,18.12144997339291,Monday,May,5,2026,
7b42c1b9-c031-43ae-a074-0f97104165e2,Spring and Summer at The Future Museum,https://framtidsmuseet.com,https://images.unsplash.com/...,2026-05-04,,onsale,Arts & Theatre,Culture & Arts,Nature & Society,Framtidsmuseet,Stockholm,Arenavägen 55,59.29372630980504,18.080029933750637,Monday,May,5,2026,
b3e54648-44ed-46b3-8854-4ffc60d18071,Die Fledermaus at Ulriksdal Palace Theatre,https://confidencen.se/laderlappen/,https://images.unsplash.com/...,2026-05-04,,onsale,Arts & Theatre,Film,Stand-up & Spoken Word,Confidencen,Solna,Slottsallén 3,59.386462463175974,18.017660317026976,Monday,May,5,2026,
092d0d65-89db-4116-94af-42437676ae6d,Sunset Hike in Tyresta National Park,https://stockholmnature.com,https://images.unsplash.com/...,2026-05-04,,onsale,Arts & Theatre,Nature & Outdoor,,Stockholm Nature | Kayak & Outdoor Tours,Stockholm,Vikstensvägen 71,59.28199071373216,18.12144997339291,Monday,May,5,2026,
908c9a42-fa31-421b-bafd-d977dc75c0d4,The Swedish Artists Association - Art exhibition - theme: The city,https://galleribellman.se/svenska-konstnarsforbundet-2-7-maj/,https://images.unsplash.com/...,2026-05-04,,onsale,Arts & Theatre,Culture & Arts,Nature & Society,Galleri Bellman,Stockholm,Bellmansgatan 9,59.31946906229456,18.065238975950166,Monday,May,5,2026,
82e77292-e809-42d9-92b1-87016b088c68,From piggy banks to Swish,https://tumbabruksmuseum.se/utstallningar/fran-spargris-till-swish-100-ar-med-lyckoslanten/,https://images.unsplash.com/...,2026-05-04,,onsale,Arts & Theatre,Culture & Arts,Nature & Society,Tumba bruksmuseum,Tumba,Sven Palmes väg 2,59.201274881698794,17.817266237836918,Monday,May,5,2026,
ab8127ea-1f0b-43af-9b8f-01f12866149c,Superfici Sensibili - ceramics that innovate,https://iicstoccolma.esteri.it/sv/news/dall_istituto/2026/02/superfici-sensibili-mostra-di-design-di-elena-salmistraro/,https://images.unsplash.com/...,2026-05-04,,onsale,Arts & Theatre,Culture & Arts,Nature & Society,Italienska Kulturinstitutet,Stockholm,Gärdesgatan 14,59.33498375552472,18.107576974717716,Monday,May,5,2026,
482cb628-ad78-4200-83cd-1c702888f93e,Bergrummet: Annika Liljedahl Nätspinnare,https://artipelag.se/hander-pa-artipelag/bergrummet-annika-liljedahl/,https://images.unsplash.com/...,2026-05-04,,onsale,Arts & Theatre,Culture & Arts,Nature & Society,Artipelag,Gustavsberg,Artipelagstigen 1,59.306526942787,18.346789366727137,Monday,May,5,2026,
af11ec67-a939-4c00-9537-1db5ad06820d,The Devil — A Life by Nick Cave,https://kulturhusetstadsteatern.se/utstallningar/devil-life-av-nick-cave?utm_source=visit_stockholm&utm_medium=referral&utm_campaign=nick_cave&utm_content=calendar,https://images.unsplash.com/...,2026-05-04,,onsale,Arts & Theatre,Culture & Arts,Nature & Society,Kulturhuset Stadsteatern,Stockholm,Sergels Torg,59.3323872,18.0652583,Monday,May,5,2026,
e7c06dc1-80d7-484a-8a8d-6d77ac2308f8,"Exhibition Scapes, by Alia Ali",https://www.houseofphotography.se/,https://images.unsplash.com/...,2026-05-04,,onsale,Arts & Theatre,Culture & Arts,Nature & Society,House of Photography,Stockholm,Sankt Paulsgatan 29,59.31790663825631,18.06625384848715,Monday,May,5,2026,
55f7135e-4672-4117-82c9-8febeb48d4b0,Like share hate – An Exhibition on Antisemitism,https://www.levandehistoria.se/utstallning/utstallningar-som-visas-hos-oss/gilla-dela-hata,https://images.unsplash.com/...,2026-05-04,,onsale,Arts & Theatre,Culture & Arts,Nature & Society,Forum för levande historia,Stockholm,Stora Nygatan 10,59.32494688747681,18.067926968479497,Monday,May,5,2026,
2a866eb8-d276-4b64-b72a-7724550fc785,Plini,https://secure.tickster.com/jjkz51n90y57fzp,https://images.unsplash.com/...,2026-05-04,,onsale,Music,Jazz & Blues,Pop,Debaser Strand,Stockholm,Hornstulls strand 4,59.31394613751992,18.03390323113166,Monday,May,5,2026,
fd5be8d0-ed9f-4798-a137-f01b8066b694,Andy Allen-Olivar and Nils Johansson's Photographs,https://www.postmuseum.se/utstallning/andy-allen-olivar-nils-johansson/,https://images.unsplash.com/...,2026-05-04,,onsale,Arts & Theatre,Culture & Arts,Nature & Society,Postmuseum,Stockholm,"Lilla Nygatan 6, Stockholm, Sweden",59.32398449999999,18.0677937,Monday,May,5,2026,
82bbc243-92c3-472d-92f6-a1b83ed1ded0,Weekend activity for families,https://www.nobelprizemuseum.se/program/bygg-en-berg-och-dalbana/,https://images.unsplash.com/...,2026-05-04,,onsale,Arts & Theatre,Miscellaneous,,Nobel Prize Museum,Stockholm,Stortorget 2,59.325179108104294,18.070780084501394,Monday,May,5,2026,
adac1ee2-0d7b-41c3-8ede-fe1463b04b74,Nordic school of photojournalism Exhibition 2026,https://abfstockholm.se/evenemang/utstallning-var-tid-biskopsarno/,https://images.unsplash.com/...,2026-05-04,,onsale,Arts & Theatre,Culture & Arts,Nature & Society,ABF huset,Stockholm,Sveavägen 41,59.33876868772262,18.06013816877274,Monday,May,5,2026,
47a41170-f0a9-4ffc-9d8a-e15110589220,In Bloom - Art & Botany,https://waldemarsudde.se/,https://images.unsplash.com/...,2026-05-04,,onsale,Arts & Theatre,Culture & Arts,Nature & Society,Prins Eugens Waldemarsudde,Stockholm,Prins Eugens väg 6,59.320084168259086,18.11367547983008,Monday,May,5,2026,
d4ac932d-825a-4115-84ed-562d48e1ad43,Roadbike Stockholm,https://www.roadbikestockholm.se/,https://images.unsplash.com/...,2026-05-04,,onsale,Arts & Theatre,Nature & Outdoor,,Grand Hôtel,Stockholm,Södra Blasieholmshamnen 8,59.32954695975852,18.075384347734683,Monday,May,5,2026,
19850c39-3ea3-49c8-bb4c-265e33fd452a,Brassaï – The Secret Signs of Paris,https://www.modernamuseet.se/stockholm/en/exhibitions/brassai/,https://images.unsplash.com/...,2026-05-04,,onsale,Arts & Theatre,Culture & Arts,Nature & Society,Moderna Museet,Stockholm,Exercisplan 4,59.32605446693863,18.08469325408934,Monday,May,5,2026,
ef5c214d-ff65-4d24-b8cf-8fd695a6212b,Drömlandet – the story of how Sweden became Sweden,https://www.tekniskamuseet.se/dromlandet,https://images.unsplash.com/...,2026-05-04,,onsale,Arts & Theatre,Culture & Arts,Nature & Society,Tekniska museet,Stockholm,Museivägen 7,59.332504933389146,18.11896571801927,Monday,May,5,2026,
33f4d44f-34bc-4f5e-bc7e-d9ca63e88ed4,The Metro - in step with the times,https://sparvagsmuseet.se/se-och-gora/aktuellt/tunnelbanan-i-takt-med-tiden/,https://images.unsplash.com/...,2026-05-04,,onsale,Arts & Theatre,Culture & Arts,Nature & Society,Stockholm Transport Museum,Stockholm,"Gasverkstorget 1, 115 42 Stockholm, Sweden",59.357918,18.0916322,Monday,May,5,2026,
343b5b26-1a35-4fb8-a3be-924a0a3edefd,Pottery Painting,https://www.xn--mlakeramik-15a.se/,https://images.unsplash.com/...,2026-05-04,,onsale,Arts & Theatre,Culture & Arts,,Måla Keramiks studio,Stockholm,Hagaesplanaden 82,59.34884172368274,18.037813724036255,Monday,May,5,2026,
2fc6ef79-d889-468e-a4bb-5f20988187b7,A World of Tales,https://www.etnografiskamuseet.se/en/exhibitions/A-world-of-tales/,https://images.unsplash.com/...,2026-05-04,,onsale,Arts & Theatre,Culture & Arts,Nature & Society,The Museum of Ethnography,,"Etnografiska museet, Djurgårdsbrunnsvägen 34, 115 27 Stockholm, Sweden",59.3325391,18.1205964,Monday,May,5,2026,
34385c59-b1c7-40eb-b941-8d7e4347f0ce,Brunch at Artipelag Restaurant,https://artipelag.se/hander-pa-artipelag/brunch-med-utsikt-over-baggensfjarden/,https://images.unsplash.com/...,2026-05-04,,onsale,Miscellaneous,Food & Drink,,Artipelag,Gustavsberg,Artipelagstigen 1,59.306526942787,18.346789366727137,Monday,May,5,2026,
23295112-5274-46f4-adf9-6183dfcc05c2,Opera: Madama Butterfly,https://www.operan.se/en/productions/madama-butterfly,https://images.unsplash.com/...,2026-05-04,,onsale,Music,Jazz & Blues,Pop,The Royal Swedish Opera,,"Gustav Adolfs torg 2, Stockholm, Sweden",59.3297449,18.0691002,Monday,May,5,2026,
ac58718b-9024-4121-9d36-00dfa2b4e1af,Åmells art exhibition,https://www.amells.com/utstallningar/aktuellt/,https://images.unsplash.com/...,2026-05-04,,onsale,Arts & Theatre,Culture & Arts,Nature & Society,Åmells galleri,Stockholm,Birger Jarlsgatan 14,59.334662644814074,18.074404587072507,Monday,May,5,2026,
ab8127ea-1f0b-43af-9b8f-01f12866149c,Superfici Sensibili - ceramics that innovate,https://iicstoccolma.esteri.it/sv/news/dall_istituto/2026/02/superfici-sensibili-mostra-di-design-di-elena-salmistraro/,https://images.unsplash.com/...,2026-05-04,,onsale,Arts & Theatre,Culture & Arts,Nature & Society,Italienska Kulturinstitutet,Stockholm,Gärdesgatan 14,59.33498375552472,18.107576974717716,Monday,May,5,2026,
df2783f7-eb77-448b-a0e4-0fc2b75a66f1,When We See Us,https://liljevalchs.se/kalender/when-we-see-us/,https://images.unsplash.com/...,2026-05-04,,onsale,Arts & Theatre,Culture & Arts,Nature & Society,Liljevalch's,Stockholm,Djurgårdsvägen 60,59.3256330174794,18.096022904968248,Monday,May,5,2026,
7d3a92fd-22ea-4704-8a60-0a30440e3d4d,Shul! – The Old Town’s synagogue,https://judiskamuseet.se,https://images.unsplash.com/...,2026-05-04,,onsale,Arts & Theatre,Culture & Arts,Nature & Society,Judiska museet,Stockholm,Själagårdsgatan 19,59.323868136538124,18.072973041829187,Monday,May,5,2026,
d4ac932d-825a-4115-84ed-562d48e1ad43,Roadbike Stockholm,https://www.roadbikestockholm.se/,https://images.unsplash.com/...,2026-05-04,,onsale,Arts & Theatre,Nature & Outdoor,,Grand Hôtel,Stockholm,Södra Blasieholmshamnen 8,59.32954695975852,18.075384347734683,Monday,May,5,2026,
c148ddcc-56ac-409f-aeb6-ea7f3b9e29ec,Stockholm Food Tour,https://toursofstockholm.com/tour/stockholm-food-tour/,https://images.unsplash.com/...,2026-05-04,,onsale,Miscellaneous,Food & Drink,,Östermalms Saluhall,Stockholm,Östermalmstorg 31,59.33613874921308,18.079860184674217,Monday,May,5,2026,
f8b9fc02-455e-46a4-be50-d5ab0e7fe94b,Taking Root – on Soil Relations and Human Endeavors,https://fargfabriken.se/sv/pa-gang/att-sla-rot/,https://images.unsplash.com/...,2026-05-04,,onsale,Arts & Theatre,Culture & Arts,Nature & Society,Färgfabriken,Stockholm,Lövholmsbrinken 1,59.31492393338817,18.01989036520007,Monday,May,5,2026,
24a1ea85-7edf-4652-b648-b990021a6a11,Free Fridays at Moderna Museet,https://www.modernamuseet.se/stockholm/en/2023/03/17/free-admission-fridays-18-20/,https://images.unsplash.com/...,2026-05-04,,onsale,Arts & Theatre,Culture & Arts,Nature & Society,Moderna Museet,Stockholm,Exercisplan 4,59.32591579357438,18.084134635554676,Monday,May,5,2026,
ded34fdc-2814-4d9b-a431-e81041fc6e3d,Weekend Brunch at Gondolen,https://gondolen.se/,https://images.unsplash.com/...,2026-05-04,,onsale,Miscellaneous,Food & Drink,,Gondolen,Stockholm,Stadsgården 6,59.319548313189074,18.073298259672384,Monday,May,5,2026,
93e1b2ae-e581-48d1-9016-c9d2b31bb9c6,Play Beyond Play,https://www.tekniskamuseet.se/en/discover/exhibitions/play-beyond-play/,https://images.unsplash.com/...,2026-05-04,,onsale,Arts & Theatre,Culture & Arts,Nature & Society,The National Museum of Science and Technology,Stockholm,Museivägen 7,59.332452194039554,18.11889678344725,Monday,May,5,2026,
0afbf109-a94f-418f-9bd4-80cb6fb1c9bf,Flatenbastun – Lakeside Sauna Experience,http://flatenbastun.se/allmanhetens-bastupass/,https://images.unsplash.com/...,2026-05-04,,onsale,Sports,Games & Championships,Races & Competitions,Flatenbastun,Skarpnäck,Flatenvägen 200,59.2533849222834,18.162390598171584,Monday,May,5,2026,
0ecfc0a8-3173-4de7-8645-61c5f41b8356,Guided Hike in Stockholm Nature Reserve + Campfire Lunch,https://stockholmnature.com,https://images.unsplash.com/...,2026-05-04,,onsale,Arts & Theatre,Guided Tours,,Stockholm Nature | Kayak & Outdoor Tours,Stockholm,Vikstensvägen 71,59.28199071373216,18.12144997339291,Monday,May,5,2026,
bcacb114-29cd-4784-8eec-c243d451290f,MUCHA – Beyond Art Nouveau,https://artipelag.se/en/at-artipelag/mucha/,https://images.unsplash.com/...,2026-05-04,,onsale,Arts & Theatre,Culture & Arts,Nature & Society,Artipelag,Gustavsberg,Artipelagstigen 1,59.30670071697362,18.347206414794908,Monday,May,5,2026,
bbfee8dc-4b3e-4912-a05f-bda9556183cd,Yet Another Morning – Drawing in the Moderna Museet Collection,https://www.modernamuseet.se/stockholm/en/exhibitions/yet-another-morning/,https://images.unsplash.com/...,2026-05-04,,onsale,Arts & Theatre,Culture & Arts,Nature & Society,Moderna Museet,Stockholm,Exercisplan 4,59.32605446693863,18.08469325408934,Monday,May,5,2026,
19850c39-3ea3-49c8-bb4c-265e33fd452a,Brassaï – The Secret Signs of Paris,https://www.modernamuseet.se/stockholm/en/exhibitions/brassai/,https://images.unsplash.com/...,2026-05-04,,onsale,Arts & Theatre,Culture & Arts,Nature & Society,Moderna Museet,Stockholm,Exercisplan 4,59.32605446693863,18.08469325408934,Monday,May,5,2026,
5ce11b88-dd7c-421f-9ef8-0c9ac8114d25,Free Walking Tour Stockholm,https://www.stockholmfreetour.com/,https://images.unsplash.com/...,2026-05-04,,onsale,Arts & Theatre,Guided Tours,,On the square in front of the Gamla Stan metro exit.,Stockholm,Mälartorget 8,59.3233945,18.0682166,Monday,May,5,2026,
22c95556-7451-49c3-a954-bcee4980e528,Time and Space for New Encounters: Hertha Hillfon X Vår Gård,https://www.vargard.se/aktiviteter/vernissage/,https://images.unsplash.com/...,2026-05-04,,onsale,Arts & Theatre,Culture & Arts,Nature & Society,Vår Gård,Saltsjöbaden,Ringvägen 6,59.28076616920566,18.31088808286512,Monday,May,5,2026,
58bd2268-01ff-4fba-9670-65eab92a9384,Haymarket Chocolate Tasting,https://www.scandichotels.com/sv/hotell/haymarket-by-scandic/gretas,https://images.unsplash.com/...,2026-05-05,,onsale,Miscellaneous,Food & Drink,,"Gretas café, Haymarket by Scandic",Stockholm,Hötorget 13-15,59.334623807682995,18.061551212675035,Tuesday,May,5,2026,
8a657c79-62c7-446f-8e46-ee8250f722da,ORGAN CONCERT: ITALIAN MELODIES IN A MAGNIFICENT SETTING,https://www.stockholmanglicans.se/,https://images.unsplash.com/...,2026-05-05,,onsale,Music,Jazz & Blues,Pop,"St Peter and St Sigfrid, Stockholm",Stockholm,Dag Hammarskjölds väg 14,59.33263640354045,18.10216503129442,Tuesday,May,5,2026,
f1a1858d-5d2f-48cb-835f-4a0e032870fd,City Faces,https://stadsmuseet.stockholm/en/exhibitions/temporary-exhibitions/city-faces/,https://images.unsplash.com/...,2026-05-05,,onsale,Arts & Theatre,Culture & Arts,Nature & Society,Stockholm City Museum,Stockholm,Stadsmuseet,59.319695,18.070904,Tuesday,May,5,2026,
aaa6dac4-5258-4953-826b-f11ead5d4c80,Calvados tasting,https://taysta.se/provningar/calvadosprovning/stockholm,https://images.unsplash.com/...,2026-05-05,,onsale,Miscellaneous,Food & Drink,,,Stockholm,Södermalm,59.3149,18.0717,Tuesday,May,5,2026,
5d10e61e-1738-4750-a98a-2fe2f43d62f2,Opera: Turandot,https://www.operan.se/en/productions/turandot,https://images.unsplash.com/...,2026-05-05,,onsale,Music,Jazz & Blues,Pop,The Royal Swedish Opera,,"Gustav Adolfs torg 2, Stockholm, Sweden",59.3297449,18.0691002,Tuesday,May,5,2026,
2789e394-5fa8-4ced-aa60-a9e76632d4c5,Fredrik Wretman – I C 3 D 2 (it´s all in your head),https://artipelag.se/en/at-artipelag/fredrik-wretman/,https://images.unsplash.com/...,2026-05-05,,onsale,Arts & Theatre,Culture & Arts,Nature & Society,Artipelag,Gustavsberg,Artipelagstigen 1,59.30670071697362,18.347206414794908,Tuesday,May,5,2026,
c932e8b0-1861-4039-b24e-e8b5e777f04b,Prayer for Idiots – Kulturhuset Stadsteatern,https://kulturhusetstadsteatern.se/teater/bon-for-idioter,https://images.unsplash.com/...,2026-05-05,,onsale,Arts & Theatre,Film,Stand-up & Spoken Word,Kulturhuset Stadsteatern,Stockholm,Sergels Torg,59.332033560108854,18.064930738067613,Tuesday,May,5,2026,
5699bc75-a5eb-40e4-bec0-282057721ed2,Vernissage and Exhibition,https://www.spangakonst.se,https://images.unsplash.com/...,2026-05-05,,onsale,Arts & Theatre,Culture & Arts,Nature & Society,Spånga församlingshus,Spånga,Värsta allé 1,59.381908541257445,17.895956969771504,Tuesday,May,5,2026,
4985687a-3a8c-41df-8305-64c2024d5950,Randall King at Debaser Strand,https://www.debaser.se/events/randall-king-1647d,https://images.unsplash.com/...,2026-05-05,,onsale,Music,Jazz & Blues,Pop,Debaser Strand,Stockholm,Hornstulls strand 4,59.31394613751992,18.03390323113166,Tuesday,May,5,2026,
b01f501d-56c2-4c40-977e-9139f6bc7ee3,STHLM DANS 2026,https://www.sthlmdans.se/program-2026,https://images.unsplash.com/...,2026-05-05,,onsale,Music,Miscellaneous,,Dansens Hus,Stockholm,Barnhusgatan 12-14,59.33623303628352,18.056442168567543,Tuesday,May,5,2026,
5be8b6dd-598b-4ac8-b985-c11708587b07,CITY WALK / SPY WALK - CASABLANCA OF THE NORTH,https://swedish-spy-museum.understory.io/experience/3118b49a03a36e2f39b0d547845d1af2,https://images.unsplash.com/...,2026-05-05,,onsale,Arts & Theatre,Guided Tours,,Outside the entrance to Grand Hôtel,Stockholm,Södra Blasieholmshamnen 8,59.32954695975852,18.075384347734683,Tuesday,May,5,2026,
03faa9d4-2295-4706-a3e3-8ab16a1eb85d,Apichaya Wanthiang – January 2567,https://artipelag.se/en/at-artipelag/apichaya-wanthiang/,https://images.unsplash.com/...,2026-05-05,,onsale,Arts & Theatre,Culture & Arts,Nature & Society,Artipelag,Gustavsberg,Artipelagstigen 1,59.30670071697362,18.347206414794908,Tuesday,May,5,2026,
f2fab692-afbd-4882-933b-4dc8c33869b5,Paula Tove Alderin – SHED/Horizons of Rawness,https://www.galleriduerr.com/exhibitions/91-paula-tove-alderin-shed-horizons-of/overview/,https://images.unsplash.com/...,2026-05-05,,onsale,Arts & Theatre,Culture & Arts,Nature & Society,Galleri Duerr,Stockholm,"Hudiksvallsgatan 6, floor 2",59.34589405979304,18.037897207791872,Tuesday,May,5,2026,
965fe690-c364-4c6e-b170-e47cb046606e,Dotan,https://fkpscorpio.se/sv/evenemang/detail/dotan/,https://images.unsplash.com/...,2026-05-05,,onsale,Music,Jazz & Blues,Pop,Debaser Nova,Stockholm,Hornstulls strand 4,59.31394613751992,18.03390323113166,Tuesday,May,5,2026,
b78ac8aa-15e0-499c-9238-b8952af254fb,Cookies & Cocktails,https://stockholmsbranneri.com,https://images.unsplash.com/...,2026-05-06,,onsale,Miscellaneous,Food & Drink,,Stockholms Bränneri,Stockholm,Folkungagatan 136,59.31538967922847,18.08840685063212,Wednesday,May,5,2026,
493b3306-166d-4bfe-b3f8-2d2baa435fa8,Lilla improteatern & friends (in swedish only),https://improteatern.se/,https://images.unsplash.com/...,2026-05-06,,onsale,Arts & Theatre,Film,Stand-up & Spoken Word,Gamestreet 1,Stockholm,Magnus Ladulåsgatan 1,59.31167389234139,18.058616518070266,Wednesday,May,5,2026,
5b2a6fcf-5b7f-400a-8ac7-1f031ed50e90,"Journalists’, Cultural Workers’ & Freelancers’ After-Work",http://www.ilmerlo.se,https://images.unsplash.com/...,2026-05-06,,onsale,Miscellaneous,Miscellaneous,,il Merlo,Stockholm,Wollmar Yxkullsgatan 10,59.31688936395426,18.06271174832372,Wednesday,May,5,2026,
41c68af8-182b-434d-8694-c13b7f5e6b85,City Walk: Hidden Lives and Dangerous Connections — Women in the Stockholm of Spies (in Swedish),https://www.kvinnohistoriska.se/vandring/dolda-liv,https://images.unsplash.com/...,2026-05-06,,onsale,Arts & Theatre,Guided Tours,,Starts by Östermalm Saluhall,Stockholm,Nybrogatan 31,59.3359354,18.077741,Wednesday,May,5,2026,
f4b306ba-262a-441f-b48b-5e4b73003dff,"Shopping, Drinks and Art salon",https://aw-maj-2026.confetti.events/,https://images.unsplash.com/...,2026-05-06,,onsale,Music,Culture & Arts,,Slow Fashion Hub,Stockholm,Hornsgatan 29C,59.31897629020688,18.064275057084984,Wednesday,May,5,2026,
edd5e958-ec0c-487c-8051-d5d7f73416fa,Medieval walking tour in the Old Town,https://kultur.stockholm/kalendarium/?t=event&c=346,https://images.unsplash.com/...,2026-05-06,,onsale,Arts & Theatre,Guided Tours,,Gamla stan,Stockholm,Samlingsplats står på biljetten,59.324491,18.072946,Wednesday,May,5,2026,
0975b697-5fdf-4bd8-b7c9-7e33f0489be8,The City & We: The Urban Planner Gustav Vasa (in Swedish),https://stadsmuseet.stockholm/aktuellt/kalendarium/2026/05/staden-och-vi-stadsplaneraren-gustav-vasa/,https://images.unsplash.com/...,2026-05-06,,onsale,Miscellaneous,Miscellaneous,,"Stadsmuseet, Slussen",Stockholm,Ryssgården,59.32000919657109,18.07141279176451,Wednesday,May,5,2026,
98643946-b3f5-4b14-b32d-ebeb6e26cacf,Äventyrs – The adventure museum (pop-up),https://www.aventyrs.se,https://images.unsplash.com/...,2026-05-06,,onsale,Arts & Theatre,Culture & Arts,Nature & Society,Äventyrs,Stockholm,Sergelgatan 8,59.33354135571679,18.063817824266778,Wednesday,May,5,2026,
bda9a622-0b5c-4d38-8fa2-47e50935fd4a,An Oyster Affair,https://www.scandichotels.com/haymarket,https://images.unsplash.com/...,2026-05-06,,onsale,Miscellaneous,Food & Drink,,Haymarket by Scandic,Stockholm,Hötorget 13-15,59.334623807682995,18.061551212675035,Wednesday,May,5,2026,
13ecb8f1-05ea-4418-843d-2826b9310b66,Concert: Lunch and Classical Music,https://www.operan.se/forestallningar/lunchkonserter/,https://images.unsplash.com/...,2026-05-06,,onsale,Miscellaneous,Culture & Arts,,The Royal Opera House,Stockholm,Gustav Adolfs torg 2,59.32968309474683,18.07048827514647,Wednesday,May,5,2026,
b78ac8aa-15e0-499c-9238-b8952af254fb,Cookies & Cocktails,https://stockholmsbranneri.com,https://images.unsplash.com/...,2026-05-06,,onsale,Miscellaneous,Food & Drink,,Stockholms Bränneri,Stockholm,Folkungagatan 136,59.31538967922847,18.08840685063212,Wednesday,May,5,2026,
74052a57-27d6-46a6-990d-d614cc9b9344,Social Pub Night Södermalm,https://www.tjamigo.com/en/event/hump-day-social-9XYD,https://images.unsplash.com/...,2026-05-06,,onsale,Music,Miscellaneous,,Blecktornskällaren,Stockholm,Ringvägen 147,59.30902692922811,18.0823241444688,Wednesday,May,5,2026,
e0f1a842-cf8a-48b6-b6e8-94c3112618e8,Sip 'n' Go,https://taysta.se/vandringar/sip-n-go/stockholm,https://images.unsplash.com/...,2026-05-06,,onsale,Miscellaneous,Miscellaneous,,Gamla Stan,Stockholm,Gamla Stan,59.3236778,18.0697939,Wednesday,May,5,2026,
754fbad2-0b00-44a7-8a7a-cc5b7e725747,Frankenstein – Kulturhuset Stadsteatern,https://kulturhusetstadsteatern.se/teater/frankenstein,https://images.unsplash.com/...,2026-05-06,,onsale,Arts & Theatre,Film,Stand-up & Spoken Word,Kulturhuset Stadsteatern,Stockholm,Sergels Torg,59.332033560108854,18.064930738067613,Wednesday,May,5,2026,
215f9ede-0fd5-476c-93a5-ba450014336f,True Crime Walk in Old Town,https://www.promenadteatern.se,https://images.unsplash.com/...,2026-05-06,,onsale,Arts & Theatre,Guided Tours,,Stortorget,Stockholm,Stortorget,59.3251912,18.0706477,Wednesday,May,5,2026,
f0e13543-e1f7-4d1d-83c8-8414adc77537,Fäbodjäntan,https://www.dramaten.se/repertoar/fabodjantan,https://images.unsplash.com/...,2026-05-06,,onsale,Arts & Theatre,Film,Stand-up & Spoken Word,The Royal Dramatic Theatre,Stockholm,Nybroplan,59.33311433652258,18.077032865142808,Wednesday,May,5,2026,
b269183a-a8ad-410c-a7a5-0995839d7b68,Campfire Bar Quiz,https://www.scandichotels.com/sv/hotell/downtown-camper-by-scandic/aktiviteter,https://images.unsplash.com/...,2026-05-06,,onsale,Music,Miscellaneous,,Downtown Camper,Stockholm,Brunkebergstorg 9,59.33130070535992,18.06554298757834,Wednesday,May,5,2026,
ae862427-ca94-4a8a-8b24-15edc214c0a2,"Accept – Half a Century of Metal, 1976–2026",https://cirkus.se/sv/evenemang/accept/,https://images.unsplash.com/...,2026-05-06,,onsale,Music,Jazz & Blues,Pop,Cirkus,Stockholm,Djurgårdsslätten 43-45,59.324617685956476,18.099584878540025,Wednesday,May,5,2026,
f4b306ba-262a-441f-b48b-5e4b73003dff,"Shopping, Drinks and Art salon",https://aw-maj-2026.confetti.events/,https://images.unsplash.com/...,2026-05-06,,onsale,Music,Culture & Arts,,Slow Fashion Hub,Stockholm,Hornsgatan 29C,59.31897629020688,18.064275057084984,Wednesday,May,5,2026,
edd0a61a-9a92-4133-8091-4235107708de,Art exhibition Emma Harrysson,https://www.lundberg-sandhagen.com/,https://images.unsplash.com/...,2026-05-07,,onsale,Arts & Theatre,Culture & Arts,Nature & Society,Galleri LUNDBERG-SANDHAGEN,STOCKHOLM,Hälsingegatan 13,59.34229005097518,18.042728536782192,Thursday,May,5,2026,
0e31a600-38af-4685-8fbd-066aa7f9f695,AlvaMarit: Ascending – Release Gig,https://fb.me/e/90oDA0Zgf,https://images.unsplash.com/...,2026-05-07,,onsale,Music,Miscellaneous,,Pet Sounds Bar,Stockholm,Stadsgården 6 - Katarinavägen 11,59.318748639584655,18.076426632842672,Thursday,May,5,2026,
c811c47a-783e-4bfd-8783-94ac6fc1abc5,Stockholm on the Water - Sightseeing Tour on Lake Mälaren,https://www.getyourguide.com/en-gb/stockholm-l50/stockholm-on-the-water-the-eight-island-tour-t1182479/?preview=POKFFD77ZKYYGUTJXKTHHIVPFLXYXSE4,https://images.unsplash.com/...,2026-05-07,,onsale,Arts & Theatre,Guided Tours,,"Arkipelag Rederi, M/S Hamnskär",Stockholm,Södra Riddarholmshamnen,59.32391391910291,18.063479699175247,Thursday,May,5,2026,
6ad7b3ab-26fb-422f-980b-3f4e79705738,Willy Clay Band at Debaser Strand,https://www.debaser.se/events/willy-clay-band,https://images.unsplash.com/...,2026-05-07,,onsale,Music,Jazz & Blues,Pop,Debaser Strand,Stockholm,Hornstulls strand 4,59.31394613751992,18.03390323113166,Thursday,May,5,2026,
cc30211c-39c9-40cf-9be3-3fd9d56828f0,The Onion woman,https://tinyurl.com/lok-kvinnan,https://images.unsplash.com/...,2026-05-07,,onsale,Arts & Theatre,Film,Stand-up & Spoken Word,Tumbascenen,tumba,Utbildningsvägen 2A,59.201656006836174,17.835271487867118,Thursday,May,5,2026,
8d72c340-e6c8-4393-ac5d-98805c272f75,Design talks: Alice Rawsthorn in conversation with...,https://www.nationalmuseum.se/en/design-talks-alice-rawsthorn-in-conversation-with,https://images.unsplash.com/...,2026-05-07,,onsale,Miscellaneous,Culture & Arts,,Nationalmuseum,Stockholm,Södra Blasieholmshamnen 2,59.32829818191394,18.07773899197474,Thursday,May,5,2026,
55eda262-0e62-4b03-9c2e-b3d39b6e7110,SECRET FEMALE SPIES – SHADOWS BEHIND THE CASABLANCA OF THE NORTH,https://swedish-spy-museum.understory.io/experience/9fb8c1beb07d61adfff653d6de296650,https://images.unsplash.com/...,2026-05-07,,onsale,Arts & Theatre,Culture & Arts,,Swedish Spy Museum,Stockholm,Villagatan 17,59.34361455931497,18.07392530984893,Thursday,May,5,2026,
d5d76176-4c8f-48f3-86f4-138028dc03ce,Visning av Blockmakarens hus,https://kultur.stockholm/kalendarium/?t=event&c=366,https://images.unsplash.com/...,2026-05-07,,onsale,Arts & Theatre,Guided Tours,,Södermalm,Stockholm,Samlingsplats står på biljetten,59.316796,18.087262,Thursday,May,5,2026,
82d002ac-3eea-4167-bd07-8aa72dc444ea,Thursday evenings at the Stockholm Transport Museum,https://sparvagsmuseet.se/,https://images.unsplash.com/...,2026-05-07,,onsale,Arts & Theatre,Culture & Arts,Nature & Society,Spårvägsmuseet,Stockholm,Gasverkstorget 1,59.35815854433838,18.091995351990676,Thursday,May,5,2026,
dcc63a2b-cf3f-4631-8be1-57300444fd10,Dance performance: Art in Motion – at the Nationalmuseum,https://www.nationalmuseum.se/dansperformance-art-in-motion,https://images.unsplash.com/...,2026-05-07,,onsale,Arts & Theatre,Culture & Arts,Nature & Society,Nationalmuseum,Stockholm,Södra Blasieholmshamnen 2,59.32829818191394,18.07773899197474,Thursday,May,5,2026,
b19a5845-7865-4e31-adcb-af33b444a191,Joshua Idehen,https://www.fasching.se/joshua-idehen/#2026-05-07T20-00,https://images.unsplash.com/...,2026-05-07,,onsale,Music,Jazz & Blues,Pop,Fasching,Stockholm,Kungsgatan 63,59.33343035452211,18.055770994281755,Thursday,May,5,2026,
95e394c2-7a0a-486a-9a9f-ff8c1e1e6772,HUNTER - Courtney May Robertson,https://dansenshus.se/en/program/courtney-may-robertson-sct-hunter/,https://images.unsplash.com/...,2026-05-07,,onsale,Arts & Theatre,Film,Stand-up & Spoken Word,Dansens Hus,Stockholm,Barnhusgatan 12-14,59.33666834361291,18.056326211547837,Thursday,May,5,2026,
cef84cc1-2cf1-4a05-99e1-7d3d997e28ff,Tore Wretman 110 Year's,https://riche.se/events/tore-wretman-110-ar/,https://images.unsplash.com/...,2026-04-23,,onsale,Miscellaneous,Miscellaneous,,Riche,Stockholm,Birger Jarlsgatan 4,59.33354810314884,18.07565483175017,Thursday,April,4,2026,
c529f038-997e-44ea-936e-ad01b48daa4f,Brevskrivarkväll på Postmuseum,https://www.postmuseum.se/aktuellt/brevskrivarkvallar-pa-postmuseum/,https://images.unsplash.com/...,2026-05-07,,onsale,Arts & Theatre,Culture & Arts,Nature & Society,Postmuseum,Stockholm,Lilla Nygatan 6,59.32410454811719,18.068059067273538,Thursday,May,5,2026,
90c58e50-ba69-4867-91e5-3c0ffa3d7200,Thursday evenings at Nationalmuseum,https://www.nationalmuseum.se/en/thursday-evenings-at-nationalmuseum,https://images.unsplash.com/...,2026-05-07,,onsale,Music,Culture & Arts,,Nationalmuseum,Stockholm,Södra Blasieholmshamnen 2,59.32829818191394,18.07773899197474,Thursday,May,5,2026,
55eda262-0e62-4b03-9c2e-b3d39b6e7110,SECRET FEMALE SPIES – SHADOWS BEHIND THE CASABLANCA OF THE NORTH,https://swedish-spy-museum.understory.io/experience/9fb8c1beb07d61adfff653d6de296650,https://images.unsplash.com/...,2026-05-07,,onsale,Arts & Theatre,Culture & Arts,,Swedish Spy Museum,Stockholm,Villagatan 17,59.34361455931497,18.07392530984893,Thursday,May,5,2026,
c36d2656-aea1-40f6-8a4c-ab04503ba815,Unbound: Women Artists of Europe,https://anivista.se/en/unbound,https://images.unsplash.com/...,2026-05-08,,onsale,Arts & Theatre,Culture & Arts,Nature & Society,Galeri 67,Stockholm,Västerlånggatan 60,59.323540194576395,18.071458851020537,Friday,May,5,2026,
b58b289e-9221-4000-b540-f567fabd85fe,Djungelboken - The Musical,https://www.drosenorberg.se/djungelbokenthemusical,https://images.unsplash.com/...,2026-05-08,,onsale,Arts & Theatre,Film,Stand-up & Spoken Word,Dreamland by Dröse & Norberg,Stockholm,Ladugårdsgärdet,59.3395198,18.114564,Friday,May,5,2026,
f37bd4e3-4b17-4113-8a62-345029d7b7cf,Björn Gustafsson,https://bjorngustafsson.se/Biljetter,https://images.unsplash.com/...,2026-05-08,,onsale,Arts & Theatre,Film,Stand-up & Spoken Word,China Teatern,Stockholm,Berzelii park 9,59.3326088689885,18.073439662378945,Friday,May,5,2026,
b09bd9ee-ff5d-400c-a436-bc9f20549253,Trubbel at Debaser Strand,https://www.debaser.se/events/trubbel-bff26,https://images.unsplash.com/...,2026-05-08,,onsale,Music,Jazz & Blues,Pop,Debaser Strand,Stockholm,Hornstulls strand 4,59.31394613751992,18.03390323113166,Friday,May,5,2026,
afffada0-793d-4c14-a384-893e5cdfcbf3,Eric Prydz checks in at Hotel Grand Stade,https://www.hotelgrandstade.com,https://images.unsplash.com/...,2026-05-08,,onsale,Music,Miscellaneous,,Förbindelsehallen,Stockholm,Stora Skorstensgatan 14,59.292474168595625,18.078541625347686,Friday,May,5,2026,
ed27af3f-d0c9-4c00-bd8c-d4c380277eb3,The brain and the genes,https://www.nobelprizemuseum.se/program/hjarnan-och-generna/,https://images.unsplash.com/...,2026-05-08,,onsale,Miscellaneous,Miscellaneous,,Nobel Prize Museum,Stockholm,Stortorget 2,59.3113173,17.9991413,Friday,May,5,2026,
a1ed5bf7-86ae-4367-b295-d61d1fe4c474,500 Years with the Royal Swedish Orchestra,https://www.operan.se/en/productions/royal-swedish-orchestra-500-yrs,https://images.unsplash.com/...,2026-05-08,,onsale,Arts & Theatre,Culture & Arts,,The Royal Swedish Opera,,"Gustav Adolfs torg 2, Stockholm, Sweden",59.3297449,18.0691002,Friday,May,5,2026,
4d80afd2-3d8b-48f2-a790-7b7fea24f14e,Oyster Friday at Bonnie's,https://bankhotel.se/restaurants/bonnies/,https://images.unsplash.com/...,2026-05-08,,onsale,Miscellaneous,Food & Drink,,Bonnie's på Bank Hotel,Stockholm,Arsenalsgatan 6,59.33135891767748,18.074654451606165,Friday,May,5,2026,
076d9d5b-b162-4805-be40-5d5c7bada1d8,Spring Festival - free admissiom,https://www.varfestivalen.se,https://images.unsplash.com/...,2026-05-08,,onsale,Miscellaneous,Culture & Arts,,,Stockholm,Liljeholmskajen,59.31158060175906,18.022274849015417,Friday,May,5,2026,
f59d783b-6b6b-4761-b905-5aa5b88e55c0,Dolce at Debaser Nova,https://www.debaser.se/events/dolce,https://images.unsplash.com/...,2026-05-08,,onsale,Music,Jazz & Blues,Pop,Debaser Nova,Stockholm,Hornstulls strand 4,59.31394613751992,18.03390323113166,Friday,May,5,2026,
046ae6c5-5307-43a1-9d07-6aff6ffa47f9,Filip och Fredrik,https://www.filipandfredrik.com/,https://images.unsplash.com/...,2026-05-08,,onsale,Arts & Theatre,Film,Stand-up & Spoken Word,Oscarsteatern,Stockholm,Kungsgatan 63,59.33349462660658,18.056031706769033,Friday,May,5,2026,
9d757858-a1f0-4835-808c-fe2bda514780,Top Secret Ursvik; City walk/Spy walk...,https://swedish-spy-museum.understory.io/sv/experience/8165b752f5be0a3b13bd42f683f99604,https://images.unsplash.com/...,2026-05-09,,onsale,Arts & Theatre,Guided Tours,,"The parking lot to the left of the ""Milot"" Preschool",Sundbyberg,Milstensvägen 54,59.3875452454144,17.95668603757241,Saturday,May,5,2026,
fbea5458-bdf1-40b7-8f6b-a56849ec8128,Taysta's Wine Tour,https://taysta.se/vandringar/taystas-winetour/stockholm,https://images.unsplash.com/...,2026-05-09,,onsale,Miscellaneous,Food & Drink,,,Stockholm,Gamla Stan,59.3247,18.0735,Saturday,May,5,2026,
ec6764d2-4f28-4ac2-ac82-c1e164bc84bf,Taysta's Beer Tour,https://taysta.se/vandringar/barrunda/stockholm,https://images.unsplash.com/...,2026-05-09,,onsale,Miscellaneous,Food & Drink,,,Stockholm,Södermalm,59.3203,18.0678,Saturday,May,5,2026,
37aef05e-9ff7-47da-947c-2d8d4663cef8,Nordic Design Market: Pre-Owned & Vintage,https://finlandsinstitutet.se/designloppis-9-5/,https://images.unsplash.com/...,2026-05-09,,onsale,Miscellaneous,Conventions & Fairs,Markets,Finlandsinstitutet,Stockholm,Snickarbacken 4,59.33806800252668,18.068106257388422,Saturday,May,5,2026,
a94aa645-173f-4931-9345-9887c46ebd44,Embraced,https://kulturhusetstadsteatern.se/utstallningar/omfamnad,https://images.unsplash.com/...,2026-05-09,,onsale,Arts & Theatre,Culture & Arts,Nature & Society,Kulturhuset Stadsteatern,Stockholm,Sergels Torg,59.3323872,18.0652583,Saturday,May,5,2026,
b924654d-5e23-4ecf-aca8-8a9d766b4154,Wine tasting in English in Old Town (Stockholm),https://taysta.se/provningar/vinprovning/stockholm,https://images.unsplash.com/...,2026-05-09,,onsale,Music,Food & Drink,,Taysta Gamla Stan,Stockholm,Österlånggatan 28,59.323755651397505,18.0736277522862,Saturday,May,5,2026,
a3a6d63a-5570-4323-8479-5056f2c76ef1,Food walk in Hornstull,https://vadhanderisverige.se/stockholm/mat-dryck/restaurang/matmilen-hornstull/,https://images.unsplash.com/...,2026-05-09,,onsale,Miscellaneous,Food & Drink,,Hornstull,Stockholm,Flera platser,59.3182193,18.0224666,Saturday,May,5,2026,
25dc07d1-e4d7-4753-b9ae-2f299b9bb1ff,"Opening day on plan 5: art, music, food and views",https://kulturhusetstadsteatern.se/kulturhuset-stadsteatern/invigning-av-plan-5,https://images.unsplash.com/...,2026-05-09,,onsale,Miscellaneous,Food & Drink,,Kulturhuset Stadsteatern,Stockholm,Sergels Torg,59.3323872,18.0652583,Saturday,May,5,2026,
5001a59e-f273-4dbb-a0db-55e221b4d056,Year of the Fire Horse – Lena Palmgren,https://www.galleriverso.se/year-of-the-fire-horse-23-apr-31-may-lena-palmgren/,https://images.unsplash.com/...,2026-05-09,,onsale,Arts & Theatre,Culture & Arts,Nature & Society,Galleri Verso,Stockholm,Hantverkargatan 55,59.32973123589983,18.037145518715107,Saturday,May,5,2026,
3408d90a-834e-468b-ac93-4b1726f64dc6,Cilla Ribbing Quartet,https://fb.me/e/9E61ukd39,https://images.unsplash.com/...,2026-05-09,,onsale,Music,Jazz & Blues,Pop,S.t Eriks jazzbar,Stockholm,Rörstrandsgatan 21,59.34034964039006,18.03123552260513,Saturday,May,5,2026,
5c0ca815-1914-4ca5-a9f8-34c7299f650b,Car boot sale at Solvalla horse racing track,https://solvallaloppis.se,https://images.unsplash.com/...,2026-05-09,,onsale,Miscellaneous,Conventions & Fairs,Markets,Solvalla,Bromma,Travbanevägen,59.364234222495575,17.941450670636165,Saturday,May,5,2026,
2f2e69e4-e16f-4248-85d7-d32949b5994d,Dad Gösta – a family walk in Gustav Vasa's fortune-telling,https://medeltidsmuseet.stockholm/aktuellt/kalendarium/2026/02/pappa-gosta--en-familjevandring-i-gustav-vasas-spar/,https://images.unsplash.com/...,2026-05-09,,onsale,Arts & Theatre,Guided Tours,,Gamla stan,Stockholm,Samlingsplats står på biljetten,59.324491,18.072946,Saturday,May,5,2026,
a564ee32-1b26-4956-b864-fd3a1b4811df,Mami Umami + N I T E F I S H,https://www.debaser.se/events/debaser-alternative-7-mami-umami,https://images.unsplash.com/...,2026-05-09,,onsale,Music,Jazz & Blues,Pop,Debaser Nova,Stockholm,Hornstulls strand 4,59.31394613751992,18.03390323113166,Saturday,May,5,2026,
ac799275-5a56-4614-97e4-d801c11dcf21,Art'n Brunch,https://artipelag.se/en/at-artipelag/artn-brunch/,https://images.unsplash.com/...,2026-05-09,,onsale,Miscellaneous,Food & Drink,,Artipelag,Gustavsberg,Artipelagstigen 1,59.306526942787,18.346789366727137,Saturday,May,5,2026,
4db529a1-4a71-40d2-a5d1-86723568d76f,Still looking for Rick,https://www.strindbergsintimateater.se,https://images.unsplash.com/...,2026-05-09,,onsale,Arts & Theatre,Film,Stand-up & Spoken Word,Strindbergs Intima Teater,Stockholm,Barnhusgatan 20,59.33555426976437,18.053908822151783,Saturday,May,5,2026,
1179becd-2d66-4948-a551-ac04eb68ebee,Historic beer tour,https://vadhanderisverige.se/stockholm/sodermalm/i-olens-kvarter-en-stadsvandring-pa-sodermalm/,https://images.unsplash.com/...,2026-05-09,,onsale,Arts & Theatre,Food & Drink,,Nackas hörna,Stockholm,Katarina Bangata 38,59.31112667979258,18.080238810777786,Saturday,May,5,2026,
7b28051e-b95b-4c48-bbff-6932c72f6d9f,Visit secret military base,https://vadhanderisverige.se/stockholm/kultur/stadsvandringar/spionvandring-i-kalla-krigets-skugga/,https://images.unsplash.com/...,2026-05-09,,onsale,Arts & Theatre,Culture & Arts,,Ursvik,Sundbyberg,Milstensvägen,59.383618071557635,17.95499167783561,Saturday,May,5,2026,
2e5decd6-8c17-4574-a26c-9182dc7fd459,Art exhibition - Everything is Art,https://seizocreative.confetti.events/the-public-desenio-everything-is-art/signup,https://images.unsplash.com/...,2026-05-09,,onsale,Arts & Theatre,Culture & Arts,Nature & Society,The Building,Stockholm,"The Building, Västra Trädgårdsgatan 9",59.330840874151704,18.06985958389467,Saturday,May,5,2026,
7b28051e-b95b-4c48-bbff-6932c72f6d9f,Visit secret military base,https://vadhanderisverige.se/stockholm/kultur/stadsvandringar/spionvandring-i-kalla-krigets-skugga/,https://images.unsplash.com/...,2026-05-09,,onsale,Arts & Theatre,Culture & Arts,,Ursvik,Sundbyberg,Milstensvägen,59.383618071557635,17.95499167783561,Saturday,May,5,2026,
7e052f78-6b0a-492d-9e04-f369ee079f79,CIRCUS SHOW: OPA FASHION,https://www.frihamnstorget.se,https://images.unsplash.com/...,2026-05-09,,onsale,Music,Jazz & Blues,Pop,Frihamnstorget,Stockholm,Södra Hamnvägen 5,59.342856739353245,18.117789006782655,Saturday,May,5,2026,
a564ee32-1b26-4956-b864-fd3a1b4811df,Mami Umami + N I T E F I S H,https://www.debaser.se/events/debaser-alternative-7-mami-umami,https://images.unsplash.com/...,2026-05-09,,onsale,Music,Jazz & Blues,Pop,Debaser Nova,Stockholm,Hornstulls strand 4,59.31394613751992,18.03390323113166,Saturday,May,5,2026,
aa193ea9-4a64-4539-9810-33e5059e6386,Marcus & Martinus – The Room,https://aviciiarena.se/en/events/music-show/marcus-martinus-2/,https://images.unsplash.com/...,2026-05-09,,onsale,Arts & Theatre,Film,Stand-up & Spoken Word,Avicii Arena,Johanneshov,Arenatorget,59.29315760196665,18.0818277145792,Saturday,May,5,2026,
017543e7-c37d-4a8c-a0ae-7f71309441b4,Spring Concert with Stockholms Studentsångare,https://billet.to/1884281-vk26_visitsthlm,https://images.unsplash.com/...,2026-05-09,,onsale,Music,Jazz & Blues,Pop,Dansens Hus,Stockholm,Barnhusgatan 12-14,59.33623303628352,18.056442168567543,Saturday,May,5,2026,
6cdefe66-e031-47e2-b9b8-06df6adf9e13,Colour! An exhibition for children and curious grown-ups,https://www.nationalmuseum.se/en/exhibitions/upcoming-exhibitions/colour,https://images.unsplash.com/...,2026-05-09,,onsale,Arts & Theatre,Culture & Arts,Nature & Society,Nationalmuseum,Stockholm,Södra Blasieholmshamnen 2,59.32829818191394,18.07773899197474,Saturday,May,5,2026,
5090d775-b3d6-4217-95a0-48b764b31189,Bongo's Bingo at Münchenbryggeriet!,https://www.bongosbingo.se,https://images.unsplash.com/...,2026-05-09,,onsale,Music,Miscellaneous,,Münchenbryggeriet,Stockholm,Torkel Knutssonsgatan 2,59.32062995842928,18.05584341392516,Saturday,May,5,2026,
ac799275-5a56-4614-97e4-d801c11dcf21,Art'n Brunch,https://artipelag.se/en/at-artipelag/artn-brunch/,https://images.unsplash.com/...,2026-05-09,,onsale,Miscellaneous,Food & Drink,,Artipelag,Gustavsberg,Artipelagstigen 1,59.306526942787,18.346789366727137,Saturday,May,5,2026,
3b34e85a-ade6-43c1-b010-91c4580815a0,SALONGEN at Stockholms Bränneri,https://stockholmsbranneri.com,https://images.unsplash.com/...,2026-05-09,,onsale,Miscellaneous,Culture & Arts,,Stockholms Bränneri,Stockholm,Folkungagatan 136,59.31538967922847,18.08840685063212,Saturday,May,5,2026,
067c7f63-179a-49f8-b8ac-ba70ee8833a3,Emil i Lönneberga,https://www.teaterbristol.se/teater/emil-i-lonneberga/,https://images.unsplash.com/...,2026-05-09,,onsale,Arts & Theatre,Film,Stand-up & Spoken Word,Teater Bristol,Sundbyberg,Sturegatan 39,59.363502929622086,17.96688245514727,Saturday,May,5,2026,
e20c2f45-920d-48d6-8967-338343ebb371,Patrik Boman Seven Piece Machine,https://mountainbikeskolan.se/musik/patrik-boman-seven-piece-machine/,https://images.unsplash.com/...,2026-05-09,,onsale,Music,Jazz & Blues,Pop,Kafé Källtorp / Källtorp Jazz & Sound,Nacka,Ältavägen 105,59.28685017362557,18.173062102018406,Saturday,May,5,2026,
fb8a5f7c-8385-4e38-ba5b-0c17e3672e7f,Jazz @ Villa Foresta,https://www.tickster.com/se/sv/events/xuj2x2chtmfd32e/2026-05-09/jazz-villa-foresta,https://images.unsplash.com/...,2026-05-09,,onsale,Music,Jazz & Blues,Pop,Villa Foresta,Stockholm,Herserudsvägen 22,59.35956477623412,18.119590672720022,Saturday,May,5,2026,
8d680cb5-bf88-4e30-b45d-dde31489bdfd,Jazz Lounge - The Cole Porter Diary with Miranda Perez & Stefan Gustafson Ensemble,https://tellusbio.nu/program/jazzsalong-exklusive-3-ratterssupe-the-cole-porter-diary-med-miranda-perez-och-stefan-gustafson/,https://images.unsplash.com/...,2026-05-09,,onsale,Music,Jazz & Blues,Pop,Biocafé Tellus,Stockholm,Vattenledningsvägen 46,59.301979383128696,18.007640297528184,Saturday,May,5,2026,
56d62891-5fb9-4bb8-94c2-6cdfeb12fb05,Bach's Partitas for Piano – Friends of Chamber Music at Allhelgonakyrkan,https://kammarmusikens-vanner.se,https://images.unsplash.com/...,2026-05-09,,onsale,Music,Jazz & Blues,Pop,Allhelgonakyrkan,Stockholm,Helgalunden 9,59.31042947308646,18.07081403120924,Saturday,May,5,2026,
2a02819f-bcfb-4b5e-8dad-afca0220b4d5,Jazz @ Foresta,https://villaforesta.se/aktuella-erbjudanden/jazz-at-villa-foresta,https://images.unsplash.com/...,2026-05-09,,onsale,Music,Jazz & Blues,Pop,Villa Foresta,Stockholm,Herserudsvägen 22,59.35956477623412,18.119590672720022,Saturday,May,5,2026,
3c73f137-cabf-48c6-bf45-a95021cd36aa,Tough Viking 2026 – Stockholms Stadion,http://toughviking.se/,https://images.unsplash.com/...,2026-05-09,,onsale,Sports,Games & Championships,Races & Competitions,Stockholms Stadion,Stockholm,"Drottning Sofias väg 1, Stockholm",59.34558699999999,18.077765,Saturday,May,5,2026,
e20c2f45-920d-48d6-8967-338343ebb371,Patrik Boman Seven Piece Machine,https://mountainbikeskolan.se/musik/patrik-boman-seven-piece-machine/,https://images.unsplash.com/...,2026-05-09,,onsale,Music,Jazz & Blues,Pop,Kafé Källtorp / Källtorp Jazz & Sound,Nacka,Ältavägen 105,59.28685017362557,18.173062102018406,Saturday,May,5,2026,
8d680cb5-bf88-4e30-b45d-dde31489bdfd,Jazz Lounge - The Cole Porter Diary with Miranda Perez & Stefan Gustafson Ensemble,https://tellusbio.nu/program/jazzsalong-exklusive-3-ratterssupe-the-cole-porter-diary-med-miranda-perez-och-stefan-gustafson/,https://images.unsplash.com/...,2026-05-09,,onsale,Music,Jazz & Blues,Pop,Biocafé Tellus,Stockholm,Vattenledningsvägen 46,59.301979383128696,18.007640297528184,Saturday,May,5,2026,
7e052f78-6b0a-492d-9e04-f369ee079f79,CIRCUS SHOW: OPA FASHION,https://www.frihamnstorget.se,https://images.unsplash.com/...,2026-05-09,,onsale,Music,Jazz & Blues,Pop,Frihamnstorget,Stockholm,Södra Hamnvägen 5,59.342856739353245,18.117789006782655,Saturday,May,5,2026,
ac799275-5a56-4614-97e4-d801c11dcf21,Art'n Brunch,https://artipelag.se/en/at-artipelag/artn-brunch/,https://images.unsplash.com/...,2026-05-09,,onsale,Miscellaneous,Food & Drink,,Artipelag,Gustavsberg,Artipelagstigen 1,59.306526942787,18.346789366727137,Saturday,May,5,2026,
56d62891-5fb9-4bb8-94c2-6cdfeb12fb05,Bach's Partitas for Piano – Friends of Chamber Music at Allhelgonakyrkan,https://kammarmusikens-vanner.se,https://images.unsplash.com/...,2026-05-09,,onsale,Music,Jazz & Blues,Pop,Allhelgonakyrkan,Stockholm,Helgalunden 9,59.31042947308646,18.07081403120924,Saturday,May,5,2026,
4db529a1-4a71-40d2-a5d1-86723568d76f,Still looking for Rick,https://www.strindbergsintimateater.se,https://images.unsplash.com/...,2026-05-09,,onsale,Arts & Theatre,Film,Stand-up & Spoken Word,Strindbergs Intima Teater,Stockholm,Barnhusgatan 20,59.33555426976437,18.053908822151783,Saturday,May,5,2026,
3dbf749f-c3c9-4845-8544-2c3f64ae9bac,Lost in Confidencen,https://confidencen.se/vilse-pa-confidencen/,https://images.unsplash.com/...,2026-05-09,,onsale,Arts & Theatre,Miscellaneous,,Confidencen,Solna,Slottsallén 3,59.386462463175974,18.017660317026976,Saturday,May,5,2026,
ec6764d2-4f28-4ac2-ac82-c1e164bc84bf,Taysta's Beer Tour,https://taysta.se/vandringar/barrunda/stockholm,https://images.unsplash.com/...,2026-05-09,,onsale,Miscellaneous,Food & Drink,,,Stockholm,Södermalm,59.3203,18.0678,Saturday,May,5,2026,
bee635b4-b571-4f9d-a380-03ee20af76ca,Stockholm Rum Fest 2026,https://billetto.se/e/stockholm-rum-fest-2026-biljetter-1764795,https://images.unsplash.com/...,2026-05-09,,onsale,Miscellaneous,Food & Drink,,K-märkt Garnisonen,Stockholm,Linnégatan 87F,59.33481431535205,18.094807899601193,Saturday,May,5,2026,
c7994a96-40f6-48f6-8deb-83844fc7ab64,Helsinki Book Fair in Stockholm,https://kirjamessut.messukeskus.com/sv/stockholm/,https://images.unsplash.com/...,2026-05-09,,onsale,Miscellaneous,Culture & Arts,,Tyge & Sessil / Adlibris,Stockholm,Brahegatan 4 / Kungsgatan 15,59.33712969037572,18.0756103238443,Saturday,May,5,2026,
17a76219-cee3-4773-81c5-1508d49d776f,Walking tour: A woman's place in Vällingby – the dream of the modern city,https://www.kvinnohistoriska.se/vandring/kvinnans-plats-i-vallingby,https://images.unsplash.com/...,2026-05-10,,onsale,Arts & Theatre,Guided Tours,,Tunnelbaneuppgången som ligger vid Vällingby sim- och idrottshall,Vällingby,Bräckegatan 28,59.36447636194737,17.869474933421913,Sunday,May,5,2026,
929bb48b-bc5f-447e-9f36-e58d33088f4c,Prima Donna x 3- Orchestra Chesty Morgan,https://arstafolketshus.org/arsta-folkets-hus-teater/,https://images.unsplash.com/...,2026-05-10,,onsale,Music,Jazz & Blues,Pop,Årsta Folkets Hus,Årsta,Hjälmarsvägen 28,59.297306472108374,18.05278053416535,Sunday,May,5,2026,
83e4c048-8778-416b-a16a-f494edbfbbc5,The ghost castle and mysterious Stockholm,https://vadhanderisverige.se/stockholm/kultur/stadsvandringar/stockholms-spokslott-vasastans-mystik/,https://images.unsplash.com/...,2026-05-10,,onsale,Arts & Theatre,Culture & Arts,,Strindbergsmuseet,Stockholm,Drottninggatan 85,59.338471549255075,18.056719190467476,Sunday,May,5,2026,
475fde03-c330-4a54-b404-2944675bea3d,Ukrainian cuisine - masterclass,https://www.cafeua.com/,https://images.unsplash.com/...,2026-05-10,,onsale,Miscellaneous,Miscellaneous,,Vasastan,Stockholm,Ynglingatan 12,59.349186974274545,18.047464144438266,Sunday,May,5,2026,
b645311a-757e-4eb7-92da-df279179df42,Brazilian Forró Music & Dance,https://forroproject.com,https://images.unsplash.com/...,2026-05-10,,onsale,Music,Culture & Arts,,Fartyget Vieille Montagne,Stockholm,Söder Mälarstrand kajplats 15,59.320715578710654,18.067158417173502,Sunday,May,5,2026,
1af4f61b-541e-4278-92d0-5000e110cf54,Organ Lounge at City Hall: Spring Sounds and Birdsong,https://stadshuset.stockholm/orgellounge,https://images.unsplash.com/...,2026-05-10,,onsale,Music,Jazz & Blues,Pop,Stockholms stadshus,Stockholm,Hantverkargatan 1,59.32782489775113,18.05514054282341,Sunday,May,5,2026,
0752c270-4edc-47f8-bab7-156e07eab77e,In the Footsteps of Axel von Fersen,https://vadhanderisverige.se/gamla-stan/kultur/stadsvandringar/i-axel-von-fersens-fotspar/,https://images.unsplash.com/...,2026-05-10,,onsale,Arts & Theatre,Miscellaneous,,Fersenska palatset,Stockholm,Södra Blasieholmshamnen 12,59.32982393974896,18.07382455937278,Sunday,May,5,2026,
b53d5040-f6b6-4d53-96a5-4910762e210e,Exhibition programme x Art Notes Fredrik Wretman | Apichaya Wanthiang,https://artipelag.se/hander-pa-artipelag/utstallningsprogram-x-art-notes-2/,https://images.unsplash.com/...,2026-05-10,,onsale,Arts & Theatre,Culture & Arts,Nature & Society,Artipelag,Gustavsberg,Artipelagstigen 1,59.306526942787,18.346789366727137,Sunday,May,5,2026,
b645311a-757e-4eb7-92da-df279179df42,Brazilian Forró Music & Dance,https://forroproject.com,https://images.unsplash.com/...,2026-05-10,,onsale,Music,Culture & Arts,,Fartyget Vieille Montagne,Stockholm,Söder Mälarstrand kajplats 15,59.320715578710654,18.067158417173502,Sunday,May,5,2026,
3acdd930-0bae-4781-af2e-03d2e3261c78,Family hike in the Archipelago,https://www.salstationen.com/utflykt-vandra-med-barn/,https://images.unsplash.com/...,2026-05-10,,onsale,Arts & Theatre,Nature & Outdoor,,Sälstationen,Gålö Haninge,Oxnövägen 91,59.0733136465183,18.231049197833556,Sunday,May,5,2026,
b32c693e-5055-4401-8d03-0e2e9e1361ea,Spring Concert with Ophelia Vokalensemble,https://www.facebook.com/events/1614356363042085/,https://images.unsplash.com/...,2026-05-10,,onsale,Music,Jazz & Blues,Pop,Gustaf Adolfskyrkan,Stockholm,Wittstocksgatan 26,59.337811767746615,18.0971928025117,Sunday,May,5,2026,
476c110f-a60d-45d2-b73d-77507fc99bff,The Commoners at Debaser Nova,https://www.debaser.se/events/the-commoners,https://images.unsplash.com/...,2026-05-10,,onsale,Music,Jazz & Blues,Pop,Debaser Nova,Stockholm,Hornstulls strand 4,59.31394613751992,18.03390323113166,Sunday,May,5,2026,
4906391f-7f85-4f84-9652-ec9be52511df,Vintage market at Mariatorget,https://soderloppisar.se,https://images.unsplash.com/...,2026-05-10,,onsale,Miscellaneous,Conventions & Fairs,Markets,Mariatorget,Stockholm,Mariatorget,59.3182817,18.0629195,Sunday,May,5,2026,
929bb48b-bc5f-447e-9f36-e58d33088f4c,Prima Donna x 3- Orchestra Chesty Morgan,https://arstafolketshus.org/arsta-folkets-hus-teater/,https://images.unsplash.com/...,2026-05-10,,onsale,Music,Jazz & Blues,Pop,Årsta Folkets Hus,Årsta,Hjälmarsvägen 28,59.297306472108374,18.05278053416535,Sunday,May,5,2026,
17a76219-cee3-4773-81c5-1508d49d776f,Walking tour: A woman's place in Vällingby – the dream of the modern city,https://www.kvinnohistoriska.se/vandring/kvinnans-plats-i-vallingby,https://images.unsplash.com/...,2026-05-10,,onsale,Arts & Theatre,Guided Tours,,Tunnelbaneuppgången som ligger vid Vällingby sim- och idrottshall,Vällingby,Bräckegatan 28,59.36447636194737,17.869474933421913,Sunday,May,5,2026,
abe6aef4-ed97-4f90-8d84-0035d5e588ca,In the footsteps of Gustav Vasa,https://kultur.stockholm/kalendarium/?t=event&c=372,https://images.unsplash.com/...,2026-05-10,,onsale,Arts & Theatre,Miscellaneous,,Gamla stan,Stockholm,Samlingsplats står på biljetten,59.324491,18.072946,Sunday,May,5,2026,
f62c62fc-d2c3-4114-8095-4776184e6a64,Folk music and dance evenings,https://folkmusikhuset.se,https://images.unsplash.com/...,2026-05-10,,onsale,Miscellaneous,Culture & Arts,,Skeppsholmens Folkhögskola/Föreningen Folkmusikhuset,Stockholm,Slupskjulsvägen 12,59.32604940111099,18.08665063143087,Sunday,May,5,2026,
83e4c048-8778-416b-a16a-f494edbfbbc5,The ghost castle and mysterious Stockholm,https://vadhanderisverige.se/stockholm/kultur/stadsvandringar/stockholms-spokslott-vasastans-mystik/,https://images.unsplash.com/...,2026-05-10,,onsale,Arts & Theatre,Culture & Arts,,Strindbergsmuseet,Stockholm,Drottninggatan 85,59.338471549255075,18.056719190467476,Sunday,May,5,2026,
74326c01-2377-4a0a-9742-44474e0d65c5,Birdwatching at the Forest Cemetery,https://skogskyrkogarden.stockholm/aktuellt/kalendarium/2026/05/fagelvandring-pa-skogskyrkogarden-med-tomas-bannerhed/,https://images.unsplash.com/...,2026-05-11,,onsale,Arts & Theatre,Nature & Outdoor,,Enskede,Stockholm,Samlingsplats står på biljetten,59.278802,18.0948423,Monday,May,5,2026,
fd600196-d8f4-4f09-9dac-5671878b0378,Soundscapes of Poland – The Swigut Sisters & Friends,https://www.konserthuset.se/en/programme/calendar/external-concert/2026/soundscapes-of-poland-the-wigut-sisters-friends/20260511-1900/,https://images.unsplash.com/...,2026-05-11,,onsale,Music,Jazz & Blues,Pop,Konserthuset Stockholm,Stockholm,Hötorget 8,59.33493384129133,18.063482631958777,Monday,May,5,2026,
69a173db-f489-434a-95ee-e30a9ec083e0,A tribute to the Mavericks,https://www.scalateatern.se/forestallning/en-hyllning-till-the-mavericks/,https://images.unsplash.com/...,2026-05-11,,onsale,Music,Jazz & Blues,Pop,Scalateatern,Stockholm,Wallingatan 32,59.33631756777703,18.053967160197885,Monday,May,5,2026,
3d55dcd4-16f2-4011-9227-353a5a38462d,Earth to Eve,https://fkpscorpio.se/sv/evenemang/detail/earth-to-eve/,https://images.unsplash.com/...,2026-05-12,,onsale,Music,Jazz & Blues,Pop,Debaser Nova,Stockholm,Hornstulls strand 4,59.31394613751992,18.03390323113166,Tuesday,May,5,2026,
770811d8-4479-4502-b6e4-ae1e6c8c55c5,Dermot Kennedy - Live at Annexet,https://annexet.se/en/events/music-show/dermot-kennedy-2/,https://images.unsplash.com/...,2026-05-12,,onsale,Music,Jazz & Blues,Pop,Annexet,Johanneshov,Arenatorget,59.293488948580354,18.083577455139146,Tuesday,May,5,2026,
b768c595-dfd6-4271-ba18-93421c320136,Walking tour: About the midwife,https://www.kvinnohistoriska.se/vandring/barnmorskan,https://images.unsplash.com/...,2026-05-12,,onsale,Arts & Theatre,Guided Tours,,"Ryssgården, outside Stadsmuseet",Stockholm,Ryssgården,59.31976428083669,18.071571491589573,Tuesday,May,5,2026,
fb2ce255-335d-4e32-9bc8-1f13f884d207,Walking tour: Eva-Lisa’s monument – with Sam Hultin,https://www.kvinnohistoriska.se/vandring/eva-lisas-monument,https://images.unsplash.com/...,2026-05-13,,onsale,Arts & Theatre,Guided Tours,,Björns trädgård,Stockholm,Götgatan 45,59.315457567253816,18.074116249603264,Wednesday,May,5,2026,
f9210f1d-5b09-4f21-9890-b052ec6e104a,Katrin Sundberg,https://www.scalateatern.se/forestallning/ni-hor-vad-jag-tanker/,https://images.unsplash.com/...,2026-05-13,,onsale,Arts & Theatre,Film,Stand-up & Spoken Word,Scalateatern,Stockholm,Wallingatan 32,59.33631756777703,18.053967160197885,Wednesday,May,5,2026,
d3fabbcb-158b-4d2b-bb23-1be4a1b720bd,Meeting of the clans,https://kreativet.se/vara-projekt/klanernas-radslag,https://images.unsplash.com/...,2026-05-13,,onsale,Arts & Theatre,Miscellaneous,,Hellasgården,Nacka,Ältavägen 101,59.28976317834562,18.160819661878435,Wednesday,May,5,2026,
c3e09de2-7b30-4eba-98f8-3aeeeaf748d0,"PELAGO OPENS MAY 13, 2026",https://pelagosthlm.se/,https://images.unsplash.com/...,2026-05-13,,onsale,Miscellaneous,Miscellaneous,,Pelago,Stockholm,Urvärdersgränd 15A,59.31856105072356,18.073823888820527,Wednesday,May,5,2026,
51d90d4d-aa5b-48c0-81c5-07c166afc72b,Ulf Stureson at Debaser Nova,https://www.debaser.se/events/ulf-stureson,https://images.unsplash.com/...,2026-05-13,,onsale,Music,Jazz & Blues,Pop,Debaser Nova,Stockholm,Hornstulls strand 4,59.31394613751992,18.03390323113166,Wednesday,May,5,2026,
80c73d6b-946b-479f-a5ef-313da661c2e8,Taysta's Food Tour,https://taysta.se/vandringar/food-tour/stockholm,https://images.unsplash.com/...,2026-05-13,,onsale,Miscellaneous,Food & Drink,,,Stockholm,Södermalm,59.3149,18.0717,Wednesday,May,5,2026,
6181233d-b63f-40ff-a582-a28441435cec,Historical beer walk at Södermalm + Beer tasting,https://guidingstar.se/,https://images.unsplash.com/...,2026-05-13,,onsale,Miscellaneous,Food & Drink,,Ringvägen 117,Stockholm,Ringvägen 117,59.307793574085366,18.075422150118015,Wednesday,May,5,2026,
fc5b8a98-8ff2-47ab-93b9-b4275dff9696,Conrad Molden,https://www.eventim.se/event/20571984/?affiliate=FKS,https://images.unsplash.com/...,2026-05-13,,onsale,Arts & Theatre,Film,Stand-up & Spoken Word,Bio Skandia,Stockholm,Drottninggatan 82,59.33543922814329,18.05998276828788,Wednesday,May,5,2026,
d848a5d6-ae95-421a-89a2-1f6bdef1907b,Sasha Velour,https://fkpscorpio.se/sv/evenemang/detail/sasha-velour/,https://images.unsplash.com/...,2026-05-13,,onsale,Music,Jazz & Blues,Pop,Göta Lejon,Stockholm,Götgatan 55,59.313784078375335,18.073845262673615,Wednesday,May,5,2026,
c3b5c464-7494-43dd-b938-1c620e191f64,Springbeast Festival 2026 – Urban Art & Music Festival in Stockholm,https://snosatra.com,https://images.unsplash.com/...,2026-05-14,,onsale,Music,Culture & Arts,,Kulturkvarter Snösätra,Högdalen,Snösätragränd 1,59.25057434442013,18.04017255922787,Thursday,May,5,2026,
c6b84b6c-e10e-4767-98ef-98e1a314e1b7,Bavé at Debaser Nova,https://www.debaser.se/events/bave,https://images.unsplash.com/...,2026-05-14,,onsale,Music,Jazz & Blues,Pop,Debaser Nova,Stockholm,Hornstulls strand 4,59.31394613751992,18.03390323113166,Thursday,May,5,2026,
f859c966-3e8b-4619-9ab5-ce9eacd600fc,LANY – Soft World Tour,https://www.fallan.nu/whats-on/lany,https://images.unsplash.com/...,2026-05-15,,onsale,Music,Jazz & Blues,Pop,Fållan,Johanneshov,Hallgränd 19,59.29266172428274,18.07785198002955,Friday,May,5,2026,
a3cbbd74-9dd5-486a-96d6-d44bb42a9369,Sunset Kayak Tour in Central Stockholm,https://stockholmnature.com,https://images.unsplash.com/...,2026-05-15,,onsale,Arts & Theatre,Guided Tours,,Stockholm Nature I Kayak & Outdoor Tours,Stockholm,Smedsuddsvägen 23,59.3255425893355,18.02363095713017,Friday,May,5,2026,
dd2bd6d7-7f13-4185-bf2b-662673c51e4f,Herr Aurells Nästan Lämpliga Sånger – Standup & Musik,https://www.kulturaktiebolaget.se/evenemang/herr-aurells-nastan-lampliga-sanger,https://images.unsplash.com/...,2026-05-15,,onsale,Arts & Theatre,Film,Stand-up & Spoken Word,Södra Teatern,Stockholm,Mosebacke Torg 1,59.318321370202256,18.07431171558534,Friday,May,5,2026,
2429a9ee-2851-43c8-ba3d-d611cbe8a8dc,David Urwitz on Kollektivet Livet,https://kollektivetlivet.se,https://images.unsplash.com/...,2026-05-15,,onsale,Music,Jazz & Blues,Pop,Kollektivet Livet Bar och Scen,Stockholm,Stadsgårdsterminalen,59.3191756,18.0785363,Friday,May,5,2026,
23df3cc3-cbf9-47c8-9da0-a8fbeeede566,AW Create,https://presentmakeriet.se,https://images.unsplash.com/...,2026-05-15,,onsale,Miscellaneous,Miscellaneous,,Presentmakeriet,Stockholm,Östgötagatan 39,59.31406185464658,18.076889402268876,Friday,May,5,2026,
80e46564-ef75-477e-9eb9-a4f13952cac9,Concert with Orange Room,https://www.lykkenytorget.se/lykke-live/orange-room,https://images.unsplash.com/...,2026-05-15,,onsale,Music,Jazz & Blues,Pop,Lykke Nytorget,Stockholm,Nytorgsgatan 38,59.313432373718086,18.082079644353172,Friday,May,5,2026,
7c89a88b-2499-4ec5-9c2b-d11118a718e5,Family tour at the Postal Museum,https://www.postmuseum.se/aktuellt/familjevisning/,https://images.unsplash.com/...,2026-05-15,,onsale,Arts & Theatre,Culture & Arts,Nature & Society,Postmuseum,Stockholm,Lilla Nygatan 6,59.32410454811719,18.068059067273538,Friday,May,5,2026,
cf8a5c41-8aac-46e1-aa9f-64f26d8bdb6e,BRUNOZ,https://krall.se/show/brunoz/,https://images.unsplash.com/...,2026-05-15,,onsale,Music,Jazz & Blues,Pop,Rival,Stockholm,Mariatorget 3,59.31816735273142,18.063649515651008,Friday,May,5,2026,
b8bb170b-d05e-4460-84da-e764fa5fe1c6,Blessed Insanity world premiere and release party,https://parkensoder.se/pa-scen/,https://images.unsplash.com/...,2026-05-15,,onsale,Music,Jazz & Blues,Pop,Parken Söder,Stockholm,Fatbursgatan 1,59.31466187318537,18.066626348563773,Friday,May,5,2026,
72e3a6df-1285-4270-be40-248c8e0be9e7,Quarnevalen 2026,https://www.quarnevalen.se,https://images.unsplash.com/...,2026-05-16,,onsale,Music,Miscellaneous,,KTH,Stockholm,Brinellvägen 8,59.34981557510318,18.070684195529054,Saturday,May,5,2026,
6cd73546-2be8-4baf-82dd-8538f333e1b2,Russe Nights – Kick off the Syttende Mai celebrations early at Debaser Klubben.,https://www.debaser.se/events/russe-nights,https://images.unsplash.com/...,2026-05-16,,onsale,Music,Miscellaneous,,Debaser Strand,Stockholm,Hornstulls strand 4,59.31394613751992,18.03390323113166,Saturday,May,5,2026,
db2985af-ae4f-4437-b56f-1cc89940951f,Food walk in Gamla stan,https://vadhanderisverige.se/stockholm/mat-dryck/restaurang/matmilen-gamla-stan/,https://images.unsplash.com/...,2026-05-16,,onsale,Miscellaneous,Food & Drink,,Gamla stan,Stockholm,Flera platser,59.324173,18.0745326,Saturday,May,5,2026,
f8718370-018c-427c-ae1d-beb8bbdcc878,Eurovision final,https://tolvstockholm.se/eurovision/,https://images.unsplash.com/...,2026-05-16,,onsale,Music,Jazz & Blues,Pop,Tolv Stockholm,Johanneshov,Arenavägen 69,59.291759705772506,18.083031325639695,Saturday,May,5,2026,
dbdc1d3a-9468-40cc-9618-0f8362a21940,Bear Garden at Debaser Nova,https://www.debaser.se/events/bear-garden,https://images.unsplash.com/...,2026-05-16,,onsale,Music,Jazz & Blues,Pop,Debaser Nova,Stockholm,Hornstulls strand 4,59.31394613751992,18.03390323113166,Saturday,May,5,2026,
5ecc56ea-d87d-458c-8dab-fce4242bb6af,From Aladdin to Elsa,https://krall.se/show/fran-aladdin-till-elsa/,https://images.unsplash.com/...,2026-05-16,,onsale,Arts & Theatre,Miscellaneous,,Rival,Stockholm,Mariatorget 3,59.31816735273142,18.063649515651008,Saturday,May,5,2026,
b2aa3dea-8e1b-4c35-b2c9-2398408fa6b1,SOFIA ISELLA - Live at Fryshuset,https://fryshuset.se/konsert/sofia-isella,https://images.unsplash.com/...,2026-05-16,,onsale,Music,Jazz & Blues,Pop,Fryshuset Arenan,Stockholm,Mårtensdalsgatan 2-8,59.3009075061779,18.088909686660752,Saturday,May,5,2026,
10e57a63-f8f6-4bec-a3d9-c15ff8f06764,History Dancers at the City Museum (in Swedish),https://stadsmuseet.stockholm/aktuellt/kalendarium/2026/05/historiedansarna/,https://images.unsplash.com/...,2026-05-16,,onsale,Music,Culture & Arts,,Stadsmuseum,Stockholm,Ryssgården,59.32000919657109,18.07141279176451,Saturday,May,5,2026,
e128b253-2fdc-4b8e-af39-074615359887,Magnolia Day to remember Tora Dahl,https://vastrasicklao.se/magnoliadagen,https://images.unsplash.com/...,2026-05-16,,onsale,Arts & Theatre,Miscellaneous,,Vilans skola,Nacka,Danvikshemsvägen 6,59.31402606392001,18.11752201901632,Saturday,May,5,2026,
5ecc56ea-d87d-458c-8dab-fce4242bb6af,From Aladdin to Elsa,https://krall.se/show/fran-aladdin-till-elsa/,https://images.unsplash.com/...,2026-05-16,,onsale,Arts & Theatre,Miscellaneous,,Rival,Stockholm,Mariatorget 3,59.31816735273142,18.063649515651008,Saturday,May,5,2026,
5097367a-0a00-4ba4-b7de-1f71e71ae4ec,"Industrial walk tour, Kungsholmen mid",https://guidingstar.se/,https://images.unsplash.com/...,2026-05-16,,onsale,Arts & Theatre,Guided Tours,,Minnesstenen i Fria Ukrainas plats (Mariebergsparken),Stockholm,Fria Ukrainas plats,59.3147274,18.0949018,Saturday,May,5,2026,
dbdc1d3a-9468-40cc-9618-0f8362a21940,Bear Garden at Debaser Nova,https://www.debaser.se/events/bear-garden,https://images.unsplash.com/...,2026-05-16,,onsale,Music,Jazz & Blues,Pop,Debaser Nova,Stockholm,Hornstulls strand 4,59.31394613751992,18.03390323113166,Saturday,May,5,2026,
473ad61e-1880-404f-8aaf-ec37e7afdd98,Moveat Djurgården,https://se.moveat.co/event/stockholm-djurgarden-2026-05-16,https://images.unsplash.com/...,2026-05-16,,onsale,Miscellaneous,Miscellaneous,,Djurgården,Stockholm,,59.3327881,18.0644881,Saturday,May,5,2026,
b2aa3dea-8e1b-4c35-b2c9-2398408fa6b1,SOFIA ISELLA - Live at Fryshuset,https://fryshuset.se/konsert/sofia-isella,https://images.unsplash.com/...,2026-05-16,,onsale,Music,Jazz & Blues,Pop,Fryshuset Arenan,Stockholm,Mårtensdalsgatan 2-8,59.3009075061779,18.088909686660752,Saturday,May,5,2026,
720c37a9-d1e4-4930-9c0c-18537d2a7b90,The Food Mile: Gamla stan,https://vadhanderisverige.se/stockholm/mat-dryck/restaurang/matmilen-gamla-stan/,https://images.unsplash.com/...,2026-05-16,,onsale,Miscellaneous,Food & Drink,,Gamla stan,Stockholm,Gamla stan,59.3246,18.0708,Saturday,May,5,2026,
bbabff53-e806-494a-8e13-efd0df43b4bf,Street theater about Stockholm bloodbath,https://vadhanderisverige.se/stockholm/kultur/stadsvandringar/utomhusteater-i-gamla-stan-stockholms-blodbad/,https://images.unsplash.com/...,2026-05-16,,onsale,Arts & Theatre,Culture & Arts,,Gamla stan,Stockholm,Köpmantorget,59.3251046696147,18.07349660917237,Saturday,May,5,2026,
8f7c6808-26df-4263-b608-5bd3831cd5ee,Eurovision Final,https://sthlmunderstjarnorna.com/event/eurovision-finalen,https://images.unsplash.com/...,2026-05-16,,onsale,Music,Miscellaneous,,Stockholm Under Stjärnorna,Stockholm,Brunkebergstorg 2 - 4,59.33057365907848,18.066986602762256,Saturday,May,5,2026,
72e3a6df-1285-4270-be40-248c8e0be9e7,Quarnevalen 2026,https://www.quarnevalen.se,https://images.unsplash.com/...,2026-05-16,,onsale,Music,Miscellaneous,,KTH,Stockholm,Brinellvägen 8,59.34981557510318,18.070684195529054,Saturday,May,5,2026,
0b09df8e-7459-416b-9b42-dc998d7ec740,Photo Exhibition outdoors,https://www.sviestins.com/,https://images.unsplash.com/...,2026-05-16,,onsale,Arts & Theatre,Culture & Arts,Nature & Society,,Stockholm,Bryggvägen 21,59.31668748581629,17.996774082070573,Saturday,May,5,2026,
567821ee-ccbf-4fe7-9035-f2965db688d5,Welcome to HRH Princess Madeleine's Eventing at Ryttarstadion,https://www.stockholmsfaltrittklubb.se/aktiviteter/,https://images.unsplash.com/...,2026-05-16,,onsale,Arts & Theatre,Miscellaneous,,Ryttarstadion,Stockholm,Storängsvägen 27,59.351272140327495,18.08569216080275,Saturday,May,5,2026,
7360107d-a114-41a5-a4fa-9d0927778ed0,Pet Sounds 60 Years – A Tribute to Brian Wilson and The Beach Boys,https://www.maximstockholm.se/pa-scen/pet-sounds/,https://images.unsplash.com/...,2026-05-16,,onsale,Music,Jazz & Blues,Pop,Maxim Stockholm,Stockholm,Karlaplan 4,59.33690576783238,18.088883235160665,Saturday,May,5,2026,
d0cc0c49-01f6-47c0-906b-b032f9ac0c4d,View of the wind turbine team's clubhouse,https://medeltidsmuseet.stockholm/aktuellt/?t=event&c=356,https://images.unsplash.com/...,2026-05-17,,onsale,Arts & Theatre,Culture & Arts,,Gamla stan,Stockholm,Samlingsplats står på biljetten,59.324491,18.072946,Sunday,May,5,2026,
f39e5499-17b5-4b7d-88e0-eed371f1c74e,Olivia Dean - The Art of Loving,https://aviciiarena.se/evenemang/musik-show/olivia-dean/,https://images.unsplash.com/...,2026-05-17,,onsale,Music,Jazz & Blues,Pop,Avicii Arena,Johanneshov,Arenatorget,59.29353277718874,18.083555997467027,Sunday,May,5,2026,
2098c63c-7e9c-44de-a5e2-1ca999c30154,Spy women in Stockholm,https://vadhanderisverige.se/stockholm/kultur/stadsvandringar/spionvandring-11-svenska-kvinnliga-spioner/,https://images.unsplash.com/...,2026-05-17,,onsale,Arts & Theatre,Culture & Arts,,Östermalm,Stockholm,Villagatan 17,59.34361455931497,18.07392530984893,Sunday,May,5,2026,
bb993219-903f-45aa-910a-f910905a1673,SNOR at Debaser Nova,https://www.debaser.se/events/snor,https://images.unsplash.com/...,2026-05-17,,onsale,Music,Jazz & Blues,Pop,Debaser Nova,Stockholm,Hornstulls strand 4,59.31394613751992,18.03390323113166,Sunday,May,5,2026,
d0cc0c49-01f6-47c0-906b-b032f9ac0c4d,View of the wind turbine team's clubhouse,https://medeltidsmuseet.stockholm/aktuellt/?t=event&c=356,https://images.unsplash.com/...,2026-05-17,,onsale,Arts & Theatre,Culture & Arts,,Gamla stan,Stockholm,Samlingsplats står på biljetten,59.324491,18.072946,Sunday,May,5,2026,
c1b49b54-091c-41d0-b7b4-60fd72dce485,Anastasia sings Alf Robertson at Debaser Nova,https://www.debaser.se/events/anastasia-sjunger-alf-robertson,https://images.unsplash.com/...,2026-05-18,,onsale,Music,Jazz & Blues,Pop,Debaser Nova,Stockholm,Hornstulls strand 4,59.31394613751992,18.03390323113166,Monday,May,5,2026,
18af5999-88e8-4df8-a6f9-25c9cdebd64d,Walking tour: About the maid,https://www.kvinnohistoriska.se/vandring/hembitradet,https://images.unsplash.com/...,2026-05-19,,onsale,Arts & Theatre,Guided Tours,,"Dalagatan 11, outside Eastmaninstitutet",Stockholm,Dalagatan 11,59.340305174393734,18.04640366604849,Tuesday,May,5,2026,
cc8ab2e0-776c-436e-9d0c-d887f7e50ad9,Job Festival in Kungsträdgården 2026 - Jobbfestivalen,https://jobbfestivalen.se/stockholm/,https://images.unsplash.com/...,2026-05-19,,onsale,Miscellaneous,Conventions & Fairs,Markets,Kungsträdgården,Stockholm,Jussi Björlings allé,59.330985584579665,18.071646989440904,Tuesday,May,5,2026,
e0d5cf2f-1671-45b4-889a-736c879518a3,"Attention , pasta lovers.",https://www.elite.se/restauranger/stockholm/panza/?utm_source=visitstockholm&utm_medium=pastatakeover,https://images.unsplash.com/...,2026-05-19,,onsale,Miscellaneous,Food & Drink,,Restaurang Panza,Stockholm,St Eriksgatan 115,59.34670287153995,18.039812137391323,Tuesday,May,5,2026,
f70abd0a-72e3-49a5-a702-265fa5920c43,Long Day's Journey into Night – Kulturhuset Stadsteatern,https://kulturhusetstadsteatern.se/teater/lang-dags-fard-mot-natt,https://images.unsplash.com/...,2026-05-19,,onsale,Arts & Theatre,Film,Stand-up & Spoken Word,Kulturhuset Stadsteatern,Stockholm,Sergels Torg,59.332033560108854,18.064930738067613,Tuesday,May,5,2026,
c68c5a02-b4f8-4d12-84fc-be80aec88cdb,Wild Plant Walk,https://vildvaxt.se/,https://images.unsplash.com/...,2026-05-19,,onsale,Miscellaneous,Guided Tours,,Hellasgården,Nacka,Ältavägen 101,59.28976317834562,18.160819661878435,Tuesday,May,5,2026,
726197b3-e050-4c5e-98bf-7871419cb271,Laughing Stock with Harriet Dyer,https://www.eventim.se/event/21084475/?affiliate=FKS,https://images.unsplash.com/...,2026-05-19,,onsale,Arts & Theatre,Film,Stand-up & Spoken Word,Parken Söder,Stockholm,Fatbursgatan 1,59.31466187318537,18.066626348563773,Tuesday,May,5,2026,
7dde0dfa-f290-48e6-9b93-5da5219cf6cc,Tori Amos - Live at Cirkus,https://cirkus.se/sv/events/tori-amos/,https://images.unsplash.com/...,2026-05-20,,onsale,Music,Jazz & Blues,Pop,Cirkus,Stockholm,Djurgårdsslätten 43-45,59.324617685956476,18.099584878540025,Wednesday,May,5,2026,
96a05ef0-d276-4550-a2ac-0a80c7bdf471,16 Horsepower – Live at Fållan,https://www.fallan.nu/whats-on/16-horsepower,https://images.unsplash.com/...,2026-05-20,,onsale,Music,Jazz & Blues,Pop,Fållan,Johanneshov,Hallgränd 19,59.29260140711424,18.07776242599486,Wednesday,May,5,2026,
f75472e2-c975-4fbb-8b27-4d6feddb3d3e,Ätbarts conference & report release for the Food Bank Report #3,https://atbart.org/save-the-date-for-arets-matbanksrapport-2/,https://images.unsplash.com/...,2026-05-21,,onsale,Miscellaneous,Food & Drink,,Bacchi Syre,Stockholm,Järntorgsgatan 5,59.32237339174486,18.07310581117548,Thursday,May,5,2026,
867555c6-47bb-49e6-9b54-cbf7dc96e3a5,Nietzsche kontra Wagner,https://folkoperan.se/uppsattningar/nietzsche-kontra-wagner/,https://images.unsplash.com/...,2026-05-21,,onsale,Music,Jazz & Blues,Pop,Folkoperan,Stockholm,Hornsgatan 72,59.31845330135826,18.05817940181967,Thursday,May,5,2026,
13677b00-ceb8-4efe-bbbb-c505610ed680,Acid King at Debaser Nova,https://www.debaser.se/events/acid-king,https://images.unsplash.com/...,2026-05-21,,onsale,Music,Jazz & Blues,Pop,Debaser Nova,Stockholm,Hornstulls strand 4,59.31394613751992,18.03390323113166,Thursday,May,5,2026,
3c85792c-0b7d-4084-8798-008ed86b6bd3,Exhibition: Samaneh Reyhani,https://eldhsatelje.se/,https://images.unsplash.com/...,2026-05-21,,onsale,Arts & Theatre,Culture & Arts,Nature & Society,Carl Eldhs Ateljémuseum,Stockholm,Lögebodavägen 10,59.35283222205604,18.051595835970517,Thursday,May,5,2026,
9f920cc4-8c21-4bd2-8677-3a78d4df4bd4,[Reggae] Kalle Baah – Kollektivet Livet • 22 maj,https://www.kulturaktiebolaget.se/boka-artist/kalle-baah,https://images.unsplash.com/...,2026-05-22,,onsale,Music,Jazz & Blues,Pop,Kollektivet Livet Bar och Scen,Stockholm,Stadsgårdsterminalen,59.3191756,18.0785363,Friday,May,5,2026,
0dd578be-7cf3-425f-9b5a-1ee2f80e932d,This Party Is Killing You! The Robyn Party,https://www.debaser.se/events/this-party-is-killing-you-the-robyn-party,https://images.unsplash.com/...,2026-05-22,,onsale,Music,Culture & Arts,,Debaser Strand,Stockholm,Hornstulls strand 4,59.31394613751992,18.03390323113166,Friday,May,5,2026,
f597d5a2-ebf0-4217-815d-c3e6cd5516e9,"The Cello Suites of Johan Sebastian Bach, part 1 – Friends of Chamber Music at Allhelgonakyrkan",https://kammarmusikens-vanner.se,https://images.unsplash.com/...,2026-05-22,,onsale,Music,Jazz & Blues,Pop,Allhelgonakyrkan,Stockholm,Helgalunden 9,59.31042947308646,18.07081403120924,Friday,May,5,2026,
47dc7c3c-2e1f-417d-a19a-85a1ad982bf0,ART WORKS,https://marie-winblad.confetti.events,https://images.unsplash.com/...,2026-05-22,,onsale,Arts & Theatre,Culture & Arts,Nature & Society,Slakthusområdet,Johanneshov,Hallvägen 5,59.29272651639428,18.076294538600507,Friday,May,5,2026,
d7409bbd-f8d3-4f91-8d4b-6eebd30c5bee,Songkran Festival Stockholm,https://facebook.com/events/s/stockholm-songkran-festival-20/1576299060317737/,https://images.unsplash.com/...,2026-05-22,,onsale,Miscellaneous,Culture & Arts,,Kungsträdgården,Stockholm,Jussi Björlings allé,59.330910590631376,18.07144623625625,Friday,May,5,2026,
39875750-a912-4397-9bc6-fee33e8906f9,Open House – Svenskt visarkiv Celebrates 75 Years,https://svensktvisarkiv.se/evenemang/oppet-hus-svenskt-visarkiv-firar-75-ar/,https://images.unsplash.com/...,2026-05-22,,onsale,Music,Jazz & Blues,Pop,Svenskt visarkiv,Stockholm,Tegeluddsvägen 100,59.34025069202309,18.113986196980818,Friday,May,5,2026,
2aa13372-ae40-48a2-8743-a98733bb3297,Between the corners,https://www.galleriodenhall.com/,https://images.unsplash.com/...,2026-05-23,,onsale,Arts & Theatre,Culture & Arts,Nature & Society,Galleri Odenhall,Stockholm,St Paulsgatan 14,59.31812531748699,18.066992470094476,Saturday,May,5,2026,
c63ec832-d4d3-4c89-ab2c-a69b66005e1c,Sweet Home Alabama - A Country Night by Philgood,https://secure.tickster.com/sv/u4ytgvgjvw2ukzu/products,https://images.unsplash.com/...,2026-05-23,,onsale,Music,Miscellaneous,,Fållan,Johanneshov,Hallgränd 19,59.29266172428274,18.07785198002955,Saturday,May,5,2026,
8f9b05c3-ab99-4b87-82c9-dd82516bb171,Funkisfestivalen FINAL + Culture Weekend,https://funkisgladje.se/funkisfestivalen/,https://images.unsplash.com/...,2026-05-23,,onsale,Music,Culture & Arts,,Stockholm Waterfront,Stockholm,Nils Ericsons Plan 4,59.32982477793928,18.056216276276956,Saturday,May,5,2026,
98d24500-b7ac-4cf2-8ea5-b4a091bc3feb,Pippi Longstocking at Skansen,https://www.skansen.se/se-och-gora/for-barn/tjolahopp-tjolahej/,https://images.unsplash.com/...,2026-05-23,,onsale,Arts & Theatre,Family,,Skansen,Stockholm,Djurgårdsslätten 49-51,59.32442360526156,18.100980249280553,Saturday,May,5,2026,
d235436a-8c8e-4b46-9287-14d9a85308c2,LIVE: Isabel Berglund,https://mountainbikeskolan.se/musik/isabel-berglund/,https://images.unsplash.com/...,2026-05-23,,onsale,Music,Jazz & Blues,Pop,Kafé Källtorp / Källtorp Jazz & Sound,Nacka,Ältavägen 105,59.28685017362557,18.173062102018406,Saturday,May,5,2026,
3ada64e0-b6db-4838-a2ce-b50807b9936e,POW Gospel - Feel the light,https://billetto.se/e/feel-the-light-pow-gospel-varkonsert-biljetter-1904409?utm_source=organiser&utm_medium=share&utm_campaign=copy_link&utm_content=1904409,https://images.unsplash.com/...,2026-05-23,,onsale,Music,Jazz & Blues,Pop,Hammarbykyrkan,Johanneshov,Nathorstvägen 44,59.29522344344073,18.093672570816096,Saturday,May,5,2026,
2c648fb1-7ed5-4e53-bee8-59c573f0391e,Forgotten dragons and treasures,https://kultur.stockholm/kalendarium/?t=event&c=340,https://images.unsplash.com/...,2026-05-23,,onsale,Arts & Theatre,Miscellaneous,,Gamla stan,Stockholm,Samlingsplats står på biljetten,59.3271097,18.063422,Saturday,May,5,2026,
3ab1cb92-e886-4a51-8cf6-ded349d0424b,TAL R - The Elephant in the Room,https://www.millesgarden.se/utstallningar,https://images.unsplash.com/...,2026-05-23,,onsale,Arts & Theatre,Culture & Arts,Nature & Society,Millesgården,Lidingö,Herserudsvägen 32,59.3586028690257,18.122453008835407,Saturday,May,5,2026,
be317a48-8fac-4cb9-9bc8-4f0f91866b3e,Dolly Style - Grönan Live 2026,https://www.gronalund.com/konserter/dolly-style,https://images.unsplash.com/...,2026-05-23,,onsale,Music,Jazz & Blues,Pop,Gröna Lund,Stockholm,Lilla Allmänna Gränd 9,59.32439600576757,18.096623719787583,Saturday,May,5,2026,
535de7ba-87f2-4c96-8e84-5b7347418177,Dayparty: Studio Barnhus i Vinterviken,https://secure.tickster.com/sv/ue0u10mkxkvcf1x/products,https://images.unsplash.com/...,2026-05-23,,onsale,Music,Culture & Arts,,Vintervikens Trädgård,Stockholm,Vinterviksvägen 30,59.311091811075386,17.99883074965274,Saturday,May,5,2026,
6adfaf96-c4a2-46be-8081-e8f95f47d188,Beatles - Tours for Beatles Fans Stockholm,https://www.toursforfans.com/the-beatles/,https://images.unsplash.com/...,2026-05-23,,onsale,Arts & Theatre,Guided Tours,,Konserthuset Stockholm,Stockholm,Hötorget 8,59.33493384129133,18.063482631958777,Saturday,May,5,2026,
d235436a-8c8e-4b46-9287-14d9a85308c2,LIVE: Isabel Berglund,https://mountainbikeskolan.se/musik/isabel-berglund/,https://images.unsplash.com/...,2026-05-23,,onsale,Music,Jazz & Blues,Pop,Kafé Källtorp / Källtorp Jazz & Sound,Nacka,Ältavägen 105,59.28685017362557,18.173062102018406,Saturday,May,5,2026,
8f9b05c3-ab99-4b87-82c9-dd82516bb171,Funkisfestivalen FINAL + Culture Weekend,https://funkisgladje.se/funkisfestivalen/,https://images.unsplash.com/...,2026-05-23,,onsale,Music,Culture & Arts,,Stockholm Waterfront,Stockholm,Nils Ericsons Plan 4,59.32982477793928,18.056216276276956,Saturday,May,5,2026,
05de3f0b-043c-470f-a829-c7511ce0a7cd,Nostalgiklubben,https://www.debaser.se/klubbar,https://images.unsplash.com/...,2026-05-23,,onsale,Music,Miscellaneous,,Debaser Strand,Stockholm,Hornstulls strand 4,59.31394613751992,18.03390323113166,Saturday,May,5,2026,
3ab1cb92-e886-4a51-8cf6-ded349d0424b,TAL R - The Elephant in the Room,https://www.millesgarden.se/utstallningar,https://images.unsplash.com/...,2026-05-23,,onsale,Arts & Theatre,Culture & Arts,Nature & Society,Millesgården,Lidingö,Herserudsvägen 32,59.3586028690257,18.122453008835407,Saturday,May,5,2026,
3ada64e0-b6db-4838-a2ce-b50807b9936e,POW Gospel - Feel the light,https://billetto.se/e/feel-the-light-pow-gospel-varkonsert-biljetter-1904409?utm_source=organiser&utm_medium=share&utm_campaign=copy_link&utm_content=1904409,https://images.unsplash.com/...,2026-05-23,,onsale,Music,Jazz & Blues,Pop,Hammarbykyrkan,Johanneshov,Nathorstvägen 44,59.29522344344073,18.093672570816096,Saturday,May,5,2026,
535de7ba-87f2-4c96-8e84-5b7347418177,Dayparty: Studio Barnhus i Vinterviken,https://secure.tickster.com/sv/ue0u10mkxkvcf1x/products,https://images.unsplash.com/...,2026-05-23,,onsale,Music,Culture & Arts,,Vintervikens Trädgård,Stockholm,Vinterviksvägen 30,59.311091811075386,17.99883074965274,Saturday,May,5,2026,
ee591746-753c-46fb-8a6c-c32e20880966,The Food Mile: Kungsholmen,https://vadhanderisverige.se/stockholm/mat-dryck/restaurang/matmilen-kungsholmen/,https://images.unsplash.com/...,2026-05-23,,onsale,Miscellaneous,Food & Drink,,Kungsholmen,Stockholm,Kungsholmen,59.331304,18.041571,Saturday,May,5,2026,
05336c95-0851-4116-823b-35ecbaced209,"fog and dew, a choir concert",https://www.nortic.se/ticket/event/79492,https://images.unsplash.com/...,2026-05-24,,onsale,Arts & Theatre,Culture & Arts,,Eric ericssonhallen,Stockholm,Kyrkslingan 2-4,59.32627579631577,18.082175700963546,Sunday,May,5,2026,
d0d20bf2-47a1-44ea-899e-a7b50d6f0972,Walking tour: The arrival in 1945 – the women who survived and came to Sigtuna,https://www.kvinnohistoriska.se/vandring/mottagandet-1945,https://images.unsplash.com/...,2026-05-24,,onsale,Arts & Theatre,Guided Tours,,Sigtunastiftelsen Main Entrance,Sigtuna,Manfred Björkquists allé 4,59.615871473036634,17.710132188028723,Sunday,May,5,2026,
1ce525d2-c1b2-4330-88a3-d75e4b3b6c50,Guided author tour: Per Anders Fogelström,https://vadhanderisverige.se/stockholm/kultur/stadsvandringar/per-anders-fogelstrom-en-stadsvandring/,https://images.unsplash.com/...,2026-05-24,,onsale,Arts & Theatre,Guided Tours,,Bryggartäppan,Stockholm,Bjurholmsgatan/Gotlandsgatan,59.310113684884314,18.07972680222231,Sunday,May,5,2026,
36bb71a5-fdd1-40f4-922a-5241ddf92bf5,Ondara at Debaser Strand,https://www.debaser.se/events/ondara,https://images.unsplash.com/...,2026-05-24,,onsale,Music,Jazz & Blues,Pop,Debaser Nova,Stockholm,Hornstulls strand 4,59.31394613751992,18.03390323113166,Sunday,May,5,2026,
ba884a36-0eae-48a1-b3a9-0df58557033f,Södermalms industrial history,https://vadhanderisverige.se/stockholm/sodermalm/barnangensbarn-och-baracker/,https://images.unsplash.com/...,2026-05-24,,onsale,Arts & Theatre,Culture & Arts,,Kajsas på kajen,Stockholm,Tegelvikskajen 68,59.308253111926945,18.09712633401952,Sunday,May,5,2026,
15353828-b9fa-4621-80c2-c2d87bbade49,Conan Gray,https://www.axs.com/se/events/1176871/conan-gray-tickets?skin=aviciiarena,https://images.unsplash.com/...,2026-05-25,,onsale,Music,Jazz & Blues,Pop,Avicii Arena,Johanneshov,Arenatorget,59.29315760196665,18.0818277145792,Monday,May,5,2026,
1fe87c2e-6498-4a52-b999-9b385610ba73,Beermakersdinner with Oppigårds Brewery and Portal Restaurant 25th of May!,https://www.portalrestaurant.se/aktuellt-bryggerisamarbete/,https://images.unsplash.com/...,2026-05-25,,onsale,Miscellaneous,Food & Drink,,Portal Restaurant och Bar,Stockholm,Sankt Eriksplan 1,59.3390085777915,18.03884771561195,Monday,May,5,2026,
e6564ec1-fc3f-440b-bde1-cc6368a0b326,Cordovas at Debaser Nova,https://www.debaser.se/events/cordovas-ebab0,https://images.unsplash.com/...,2026-05-25,,onsale,Music,Jazz & Blues,Pop,Debaser Nova,Stockholm,Hornstulls strand 4,59.31394613751992,18.03390323113166,Monday,May,5,2026,
0af6bc3e-df6d-43e3-8c8a-4319c5a18d20,Spring concert with the Stockholm Police choir,https://www.poliskoren.se,https://images.unsplash.com/...,2026-05-26,,onsale,Music,Jazz & Blues,Pop,Historiska museet,Stockholm,Narvavägen 13-17,59.333999024179654,18.09171907714856,Tuesday,May,5,2026,
49e06b3f-828b-4016-ab54-a9a3c6e45e2a,Opus Big Band,https://www.teaterbristol.se/musik/opus-big-band-spelar-ccs/,https://images.unsplash.com/...,2026-05-27,,onsale,Music,Jazz & Blues,Pop,Teater Bristol,Sundbyberg,Sturegatan 39,59.363502929622086,17.96688245514727,Wednesday,May,5,2026,
999a5734-27d4-426e-b58b-61a572505bc4,Lecture: With a Box Camera and Tripod in 1860s Stockholm (in Swedish),https://stadsmuseet.stockholm/aktuellt/kalendarium/2026/04/staden--vi-med-ladkamera-och-stativ-i-1860-talets-stockholm/,https://images.unsplash.com/...,2026-05-27,,onsale,Miscellaneous,Culture & Arts,,"Stadsmuseet, Slussen",Stockholm,Ryssgården,59.32000919657109,18.07141279176451,Wednesday,May,5,2026,
702e8998-c494-428e-b95e-ef4c089f0398,Phosphorescent – Live at Nalen,https://nalen.com/sv/konsert/phosphorescent,https://images.unsplash.com/...,2026-05-27,,onsale,Music,Jazz & Blues,Pop,Nalen,Stockholm,Regeringsgatan 74,59.33713616442869,18.067698777770982,Wednesday,May,5,2026,
11a91e32-1f38-4a94-a70c-1e85c5d6df0d,EARLY SUMMER CONCERT: Blossoms of Gladness,https://riddarholmenskammarkor.se/,https://images.unsplash.com/...,2026-05-27,,onsale,Music,Jazz & Blues,Pop,Gustaf Adolfskyrkan,Stockholm,Wittstocksgatan 22,59.338145936871314,18.095235750253664,Wednesday,May,5,2026,
a7ed1496-4e84-4af8-a890-e47c0e09eab0,SUS LIVE - Newkid,https://sthlmunderstjarnorna.com/event/newkid,https://images.unsplash.com/...,2026-05-27,,onsale,Music,Jazz & Blues,Pop,Stockholm Under Stjärnorna,Stockholm,Brunkebergstorg 2 - 4,59.33057365907848,18.066986602762256,Wednesday,May,5,2026,
49cea9d9-76c0-4503-88af-a2e034a90582,Post Work - evening open with free admission once a month at the Postal Museum,https://www.postmuseum.se/aktuellt/post-work-nytt-kvallskoncept/,https://images.unsplash.com/...,2026-05-28,,onsale,Miscellaneous,Culture & Arts,,Postmuseum,Stockholm,Lilla Nygatan 6,59.32410454811719,18.068059067273538,Thursday,May,5,2026,
ef189e24-1c18-4893-8ebf-5de5c0ca7f88,Kathleen Edwards at Debaser Nova,https://www.debaser.se/events/kathleen-edwards,https://images.unsplash.com/...,2026-05-28,,onsale,Music,Jazz & Blues,Pop,Debaser Nova,Stockholm,Hornstulls strand 4,59.31394613751992,18.03390323113166,Thursday,May,5,2026,
6dd5b4d9-4674-47f7-82b4-ee7e9fae47ef,The letter is a rich medium med Maja Ringsäter på Postmuseum,https://www.postmuseum.se/aktuellt/the-letter-is-a-rich-medium/,https://images.unsplash.com/...,2026-05-28,,onsale,Arts & Theatre,Culture & Arts,Nature & Society,Postmuseum,Stockholm,Lilla Nygatan 6,59.32410454811719,18.068059067273538,Thursday,May,5,2026,
b6c18ab0-93cd-47e2-a7b5-0656be9236cb,Potential - Stand up with Christer Svensson,https://christersvensson.se/,https://images.unsplash.com/...,2026-05-28,,onsale,Arts & Theatre,Film,Stand-up & Spoken Word,Bacchi Syre,Stockholm,Järntorgsgatan 5,59.32237339174486,18.07310581117548,Thursday,May,5,2026,
d62ba59b-afd1-4dde-8757-fb959705162d,"Critical Mass Stockholm, the monthly bike celebration",https://cykelaktion.se,https://images.unsplash.com/...,2026-05-29,,onsale,Music,Nature & Outdoor,,Medborgarplatsen,Stockholm,Medborgarplatsen 29,59.31538460278668,18.071736208196597,Friday,May,5,2026,
a535dd79-e178-49e4-9df5-d7a26c7941bb,LINKIN PARK,https://3arena.se/evenemang/musik-show/linkin-park/,https://images.unsplash.com/...,2026-05-29,,onsale,Music,Jazz & Blues,Pop,3Arena,Johanneshov,Arenaslingan 14,59.2911549936432,18.08452159271239,Friday,May,5,2026,
c47d4788-8ee6-4195-8e6e-61c846d47aaa,Sketch Live Jazz,https://kultur.stockholm/kalendarium/?t=event&c=308,https://images.unsplash.com/...,2026-05-29,,onsale,Music,Jazz & Blues,Pop,Stadsmuseum,Stockholm,Ryssgården,59.32000919657109,18.07141279176451,Friday,May,5,2026,
690d9795-c591-4dbe-8967-480ab48be967,Ballet: Gustavia,https://www.operan.se/en/productions/gustavia,https://images.unsplash.com/...,2026-05-29,,onsale,Arts & Theatre,Film,Stand-up & Spoken Word,The Royal Swedish Opera,,"Gustav Adolfs torg 2, Stockholm, Sweden",59.3297449,18.0691002,Friday,May,5,2026,
c47d4788-8ee6-4195-8e6e-61c846d47aaa,Sketch Live Jazz,https://kultur.stockholm/kalendarium/?t=event&c=308,https://images.unsplash.com/...,2026-05-29,,onsale,Music,Jazz & Blues,Pop,Stadsmuseum,Stockholm,Ryssgården,59.32000919657109,18.07141279176451,Friday,May,5,2026,
ce5f748e-53f5-4c1b-8428-1c9b126a97c4,Elitloppet 2026,https://www.elitloppet.se/en/,https://images.unsplash.com/...,2026-05-29,,onsale,Sports,Games & Championships,Races & Competitions,Solvalla,Stockholm,"Solvalla, Travbanevägen, 168 64 Bromma, Sweden",59.36664589999999,17.9397449,Friday,May,5,2026,
3340bb52-ed0f-41b0-8881-21dab53469c2,Pitch My Mate (pitch ticket),https://studioformasthlm.se/reservation/ws-/products/pitch-my-mate1,https://images.unsplash.com/...,2026-05-29,,onsale,Music,Food & Drink,,Miss Clara,Stockholm,Sveavägen 48,59.33758264842331,18.061935584089696,Friday,May,5,2026,
134b4537-2d42-4526-9f79-f8a2fd6879bb,Jazz Lunch,https://kultur.stockholm/kalendarium/?t=event&c=308,https://images.unsplash.com/...,2026-05-29,,onsale,Music,Jazz & Blues,Pop,Stadsmuseum,Stockholm,Ryssgården,59.32000919657109,18.07141279176451,Friday,May,5,2026,
11be0807-6416-48db-afd3-8a4dafe88f8d,Public Sip & Paint Evening,https://www.chiseldesign.se/sip-paint/,https://images.unsplash.com/...,2026-05-30,,onsale,Miscellaneous,Culture & Arts,,Chisel Design AB,Spånga,Almbygatan 10,59.39304490545442,17.929084933329875,Saturday,May,5,2026,
eca90b9d-c3bb-40a6-afab-ada1ed603fae,adidas Stockholm Marathon 2026,https://www.stockholmmarathon.se/,https://images.unsplash.com/...,2026-05-30,,onsale,Sports,Games & Championships,Races & Competitions,Stockholm Olympic Stadium,Stockholm,Lidingövägen,59.34529873735665,18.07902842864989,Saturday,May,5,2026,
f18a8955-fd23-4042-9aca-0297fa72723c,Familjevisning av Blockmakarens hus,https://kultur.stockholm/kalendarium/?t=event&c=308,https://images.unsplash.com/...,2026-05-30,,onsale,Arts & Theatre,Guided Tours,,Södermalm,Stockholm,Samlingsplats står på biljetten,59.316796,18.087262,Saturday,May,5,2026,
5349bc9f-c4df-4a86-9b43-7ea5a02a25da,Food walk i Vasastan,https://vadhanderisverige.se/vasastan/matmilen-vasastan/,https://images.unsplash.com/...,2026-05-30,,onsale,Miscellaneous,Food & Drink,,Vasastan,Stockholm,Flera platser,59.3394938,18.0377174,Saturday,May,5,2026,
22907de2-0c59-4aae-8a82-36fd0644f7ee,"Industrial walk tour, Kungsholmen east",https://guidingstar.se/,https://images.unsplash.com/...,2026-05-30,,onsale,Arts & Theatre,Guided Tours,,Pipersgatan 26,Stockholm,Pipersgatan 26,59.331773528518056,18.046522856711647,Saturday,May,5,2026,
ba3f7ea9-d22f-4a53-b418-b4e588a0c65d,Echo Three Fest 2026,https://www.echothree.se/,https://images.unsplash.com/...,2026-05-30,,onsale,Music,Miscellaneous,,Slaktkyrkan,Johanneshov,Styckmästargatan 10,59.292540563872336,18.080186591521,Saturday,May,5,2026,
39dbe079-e4e2-4bb6-b67b-0155b63f8d44,NPF-vandring i Gamla stan,https://medeltidsmuseet.stockholm/aktuellt/kalendarium/2026/05/npf-vandring-i-gamla-stan2/,https://images.unsplash.com/...,2026-05-30,,onsale,Arts & Theatre,Guided Tours,,Gamla stan,Stockholm,Samlingsplats står på biljetten,59.324491,18.072946,Saturday,May,5,2026,
5abcd0a6-58ea-444e-809c-ba9f0abce05c,Moveat Birkastan,https://se.moveat.co/event/stockholm-birkastan-2026-05-30,https://images.unsplash.com/...,2026-05-30,,onsale,Miscellaneous,Miscellaneous,,St Eriksplan,Stockholm,,59.3327881,18.0644881,Saturday,May,5,2026,
badc3e40-dbcc-474a-ae2d-f420e31b72d0,BROR GUNNAR JANSSON & THE ESCAPISM at Debaser Nova.,https://www.debaser.se/events/bror-gunnar-jansson-the-escapism,https://images.unsplash.com/...,2026-05-30,,onsale,Music,Jazz & Blues,Pop,Debaser Nova,Stockholm,Hornstulls strand 4,59.31394613751992,18.03390323113166,Saturday,May,5,2026,
0be5e245-a16d-414c-8639-ba9e5b44a5d8,Popeda - concert in Debaser!,https://www.debaser.se/events/popeda,https://images.unsplash.com/...,2026-05-30,,onsale,Music,Jazz & Blues,Pop,Debaser Strand,Stockholm,Hornstulls strand 4,59.31394613751992,18.03390323113166,Saturday,May,5,2026,
467dbf1c-5396-4fdc-98fb-b48c845a9ba4,Natural Mystics Wine Festival,https://www.naturalmystics.se/,https://images.unsplash.com/...,2026-05-30,,onsale,Miscellaneous,Food & Drink,,Fållan,Johanneshov,Hallgränd 19,59.29266172428274,18.07785198002955,Saturday,May,5,2026,
ba3f7ea9-d22f-4a53-b418-b4e588a0c65d,Echo Three Fest 2026,https://www.echothree.se/,https://images.unsplash.com/...,2026-05-30,,onsale,Music,Miscellaneous,,Slaktkyrkan,Johanneshov,Styckmästargatan 10,59.292540563872336,18.080186591521,Saturday,May,5,2026,
f8def03b-2165-441e-a052-5de35f0ef6c1,View of the Black Friars Monastery's shelter,https://medeltidsmuseet.stockholm/aktuellt/?t=event&c=726,https://images.unsplash.com/...,2026-05-31,,onsale,Arts & Theatre,Miscellaneous,,Gamla stan,Stockholm,Samlingsplats står på biljetten,59.324491,18.072946,Sunday,May,5,2026,
88125aaa-9eb8-40c6-8d61-bd586b31ed43,Jazz brunch Mother's Day,https://nalen.com/sv/konsert/jazzbrunch-mors-dag,https://images.unsplash.com/...,2026-05-31,,onsale,Miscellaneous,Food & Drink,,Nalen,Stockholm,Regeringsgatan 74,59.33707030459172,18.067513573014878,Sunday,May,5,2026,
04cb678d-efcd-4583-b1d8-db4d1cb44930,Palmeri – Misa Tango,https://www.kammarkorenhogalid.se/konserter/palmeri-misa-tango/,https://images.unsplash.com/...,2026-05-31,,onsale,Music,Jazz & Blues,Pop,Högalidskyrkan,Stockholm,Högalids kyrkväg 11,59.317084327022116,18.037362693826367,Sunday,May,5,2026,
8520449e-5e6b-4470-9b06-93d1765ba7a4,A God Disguised,https://musikstorkyrkanstjacob.com/konsert/forkladd-gud/,https://images.unsplash.com/...,2026-05-31,,onsale,Music,Jazz & Blues,Pop,Storkyrkan,Stockholm,Trångsund 1,59.32570398288112,18.06986704378849,Sunday,May,5,2026,
e4df68c5-1c62-45d0-b00f-98966ca3001e,Albert Lee at Debaser Nova,https://www.debaser.se/events/albert-lee,https://images.unsplash.com/...,2026-05-31,,onsale,Music,Jazz & Blues,Pop,Debaser Nova,Stockholm,Hornstulls strand 4,59.31394613751992,18.03390323113166,Sunday,May,5,2026,
9b7aba48-f605-4632-b3e0-aff2924c9df8,Chance Peña,https://fkpscorpio.se/sv/evenemang/detail/chance-pena/,https://images.unsplash.com/...,2026-06-01,,onsale,Music,Jazz & Blues,Pop,Debaser Strand,Stockholm,Hornstulls strand 4,59.31394613751992,18.03390323113166,Monday,June,6,2026,
e8ba5627-2abd-467d-b23b-7aaf180e20be,Empire of the Sun,https://www.livenation.se/event/empire-of-the-sun-stockholm-tickets-edp1648175,https://images.unsplash.com/...,2026-06-01,,onsale,Music,Jazz & Blues,Pop,Gröna Lund,Stockholm,Lilla Allmänna Gränd 9,59.32351856926621,18.097274358429615,Monday,June,6,2026,
917d64b9-84e0-4a11-bee6-847e4f05e19b,Mari Froes,https://fkpscorpio.se/evenemang/detail/mari-froes/,https://images.unsplash.com/...,2026-06-02,,onsale,Music,Jazz & Blues,Pop,Nalen,Stockholm,Regeringsgatan 74,59.33707030459172,18.067513573014878,Tuesday,June,6,2026,
d748ae49-5163-469e-97ee-3ee86d43635e,Summer Concert with Stockholm Indie Choir,https://stadsmuseet.stockholm/aktuellt/kalendarium/2026/06/sommarkonsert-med-stockholms-indiekor/,https://images.unsplash.com/...,2026-06-02,,onsale,Music,Culture & Arts,,Stadsmuseum,Stockholm,Ryssgården,59.32000919657109,18.07141279176451,Tuesday,June,6,2026,
76acb513-a656-4268-8f0f-eefd983bf691,XXV Stockholm Early Music Festival 2026,https://www.earlymusicsweden.se/,https://images.unsplash.com/...,2026-06-03,,onsale,Music,Culture & Arts,,Tyska kyrkan,Stockholm,Svartmangatan 16,59.32393020453114,18.072408855926426,Wednesday,June,6,2026,
5ccda446-13ee-4152-a708-41b70c251bcf,Archipelago Boat Day 2026,https://www.destinationvaxholm.se/sv/skargardsbatens-dag,https://images.unsplash.com/...,2026-06-03,,onsale,Miscellaneous,Conventions & Fairs,Markets,"Båtarna avgår från Strömkajen, Stockholm och möts av marknad och folkfest på kajen i Vaxholm.",Stockholm,Strömkajen,59.3284242,18.077544,Wednesday,June,6,2026,
39b7ac38-eef5-4d66-88ac-09c465971695,Mari Froes,https://secure.tickster.com/k1dl7j999x94vle,https://images.unsplash.com/...,2026-06-03,,onsale,Music,Jazz & Blues,Pop,Nalen,Stockholm,Regeringsgatan 74,59.33707030459172,18.067513573014878,Wednesday,June,6,2026,
ca0b9e02-5077-44a3-8ef5-fda47a682b8a,Magnus Uggla – Grönan Live 2026,https://www.gronalund.com/en/concerts/magnus-uggla,https://images.unsplash.com/...,2026-06-05,,onsale,Music,Jazz & Blues,Pop,Gröna Lund,Stockholm,Lilla Allmänna Gränd 9,59.32439600576757,18.096623719787583,Friday,June,6,2026,
3a3ed3a5-3608-4462-b95b-64aaba2468d9,John Vincent III at Debaser Strand,https://www.debaser.se/events/john-vincent-iii-b24dc,https://images.unsplash.com/...,2026-06-05,,onsale,Music,Jazz & Blues,Pop,Debaser Strand,Stockholm,Hornstulls strand 4,59.31394613751992,18.03390323113166,Friday,June,6,2026,
7df344c5-1275-4a1f-9995-72a4f6a5f1a6,National Day of Sweden at Skansen 2026,https://www.skansen.se/se-och-gora/hogtider-traditioner/om-sveriges-nationaldag/sveriges-nationaldag/,https://images.unsplash.com/...,2026-06-06,,onsale,Arts & Theatre,Miscellaneous,,Skansen Open-Air Museum,Stockholm,Djurgårdsslätten 49-51,59.3242427445447,18.10119420394896,Saturday,June,6,2026,
0df14da4-9fda-4da5-816b-b506be79ef4f,Duschpalatset at Debaser Nova,https://www.debaser.se/events/duschpalatset,https://images.unsplash.com/...,2026-06-06,,onsale,Music,Jazz & Blues,Pop,Debaser Nova,Stockholm,Hornstulls strand 4,59.31394613751992,18.03390323113166,Saturday,June,6,2026,
f0049f63-051a-4d9e-8ac5-40c87be1a71b,Art exhibition: Bokstavligt målat at Vällingby Folkets hus,https://bokstavligtmalat.se/utstallning-bokstavligt-malat-pa-vallingby-folkets-hus/,https://images.unsplash.com/...,2026-06-06,,onsale,Arts & Theatre,Culture & Arts,Nature & Society,Vällingby Folkets hus,Stockholm,Albert Aronsons torg 5,59.36235071130207,17.871452727295207,Saturday,June,6,2026,
ea1ce3fc-67f1-4c62-acda-cf0c18f48c50,Peter Jöback – Vitabergsparken,https://www.nortic.se/ticket/event/76073,https://images.unsplash.com/...,2026-06-06,,onsale,Music,Jazz & Blues,Pop,Vitabergsparken,Stockholm,Skånegatan/Malmgårdsvägen,59.30878513741158,18.091320115421233,Saturday,June,6,2026,
3fd69224-745a-4a79-a22c-2da771d8db6d,Don West,https://fkpscorpio.se/sv/evenemang/detail/don-west/,https://images.unsplash.com/...,2026-06-06,,onsale,Music,Jazz & Blues,Pop,Debaser Strand,Stockholm,Hornstulls strand 4,59.31394613751992,18.03390323113166,Saturday,June,6,2026,
13cfecc6-95bf-4184-8e71-793f82e6859b,Nationaldagsgaloppen 2026 – National Day Horse Race,https://www.horseracingsweden.com/racecourses-and-events/nationaldagsgaloppen/,https://images.unsplash.com/...,2026-06-06,,onsale,Arts & Theatre,Miscellaneous,,Gärdet,Östermalm,Ladugårdsgärdet,59.33875570486014,18.10876876220702,Saturday,June,6,2026,
3e053194-2245-472f-ae38-f0b9497d7bb3,The joyful world of Stig Lindberg,https://gustavsbergsporslinsmuseum.se/en/what-to-see-and-do/the-joyful-world-of-stig-lindberg,https://images.unsplash.com/...,2026-06-06,,onsale,Arts & Theatre,Culture & Arts,Nature & Society,Gustavsbergs Porslinsmuseum,Gustavsberg,Odelbergs väg 5,59.32435741871289,18.383381032357484,Saturday,June,6,2026,
d0234b2b-f25f-4c75-b628-b95fa8e0552e,ÖtillÖ Swimrun Utö 2026,https://otilloswimrun.com/races/uto-sweden/,https://images.unsplash.com/...,2026-06-06,,onsale,Sports,Games & Championships,Races & Competitions,The Stockholm Archipelago,,"Utö, Sweden",58.95740772186164,18.29447418922119,Saturday,June,6,2026,
82da2c8c-327f-425f-9f9b-36bf21311009,National Day Concert by Baggensfjärden,https://artipelag.se/hander-pa-artipelag/nationaldagskonsert-vid-baggensfjarden/,https://images.unsplash.com/...,2026-06-06,,onsale,Music,Jazz & Blues,Pop,Artipelag,Gustavsberg,Artipelagstigen 1,59.306526942787,18.346789366727137,Saturday,June,6,2026,
96a5527a-a4ec-4750-9956-28760e0668f7,Ky-Mani Marley at Debaser Strand,https://www.debaser.se/events/ky-mani-marley,https://images.unsplash.com/...,2026-06-07,,onsale,Music,Jazz & Blues,Pop,Debaser Strand,Stockholm,Hornstulls strand 4,59.31394613751992,18.03390323113166,Sunday,June,6,2026,
fe9d1376-7774-4ef3-9dc6-22530a8e233b,Wine tasting with dinner at Nobis Hotel,https://taysta.se/provningar/vinprovning/stockholm,https://images.unsplash.com/...,2026-06-07,,onsale,Miscellaneous,Food & Drink,,Nobis Hotel,Stockholm,Norrmalmstorg 2-4,59.33318541819844,18.073813076165408,Sunday,June,6,2026,
1de7fe83-6c08-439e-9ff0-226da40472db,Storybook Ballets,https://www.intiman.se/shower/storybook-ballets,https://images.unsplash.com/...,2026-06-07,,onsale,Arts & Theatre,Family,,Intiman,Stockholm,Odengatan 81,59.34206269185154,18.04829261174811,Sunday,June,6,2026,
ff6dc544-da81-44df-bd40-5f22447a2c33,"Gärdesloppet 2026, Kungliga Automobil Klubben (KAK)",https://kak.se/om-gardesloppet/,https://images.unsplash.com/...,2026-06-07,,onsale,Miscellaneous,Conventions & Fairs,Markets,Gärdet,Östermalm,Greve von Essens väg,59.336059485061455,18.118559210040743,Sunday,June,6,2026,
d3c6883a-27d0-4aad-a4e7-0a633ec9cce9,BAUHAUS-galan / Diamond League,https://bauhausgalan.se/,https://images.unsplash.com/...,2026-06-07,,onsale,Sports,Games & Championships,Races & Competitions,Stockholms Stadion,Stockholm,Lidingövägen,59.34676951892757,18.080517040520952,Sunday,June,6,2026,
3cfaaa81-772b-4f72-8fa1-7b85b9844f43,Wine tasting with dinner at Nobis Hotel,https://taysta.se/provningar/vinprovning/stockholm,https://images.unsplash.com/...,2026-06-07,,onsale,Miscellaneous,Food & Drink,,Nobis Hotel,Stockholm,Norrmalmstorg 2-4,59.33318541819844,18.073813076165408,Sunday,June,6,2026,
fe9d1376-7774-4ef3-9dc6-22530a8e233b,Wine tasting with dinner at Nobis Hotel,https://taysta.se/provningar/vinprovning/stockholm,https://images.unsplash.com/...,2026-06-07,,onsale,Miscellaneous,Food & Drink,,Nobis Hotel,Stockholm,Norrmalmstorg 2-4,59.33318541819844,18.073813076165408,Sunday,June,6,2026,
ff6dc544-da81-44df-bd40-5f22447a2c33,"Gärdesloppet 2026, Kungliga Automobil Klubben (KAK)",https://kak.se/om-gardesloppet/,https://images.unsplash.com/...,2026-06-07,,onsale,Miscellaneous,Conventions & Fairs,Markets,Gärdet,Östermalm,Greve von Essens väg,59.336059485061455,18.118559210040743,Sunday,June,6,2026,
fa21e7b5-5fea-404b-86a6-f1576a7ae61d,Guitar Wolf + The Hard-Ons (featuring Jerry A),https://www.debaser.se/events/guitar-wolf-the-hard-ons,https://images.unsplash.com/...,2026-06-08,,onsale,Music,Jazz & Blues,Pop,Debaser Nova,Stockholm,Hornstulls strand 4,59.31488429026149,18.032285572147355,Monday,June,6,2026,
e4338984-b095-4516-a42d-368c4e143844,Stockholm Fashion Week 2026,https://www.asfb.se/sthlmfw/home,https://images.unsplash.com/...,2026-06-08,,onsale,Miscellaneous,Conventions & Fairs,Markets,,,"Stockholm, Sweden",59.3327036,18.0656255,Monday,June,6,2026,
c54fca24-dffc-4482-b83a-cd2e5fc7e0b6,Sugar at Debaser Strand,https://www.debaser.se/events/sugar,https://images.unsplash.com/...,2026-06-09,,onsale,Music,Jazz & Blues,Pop,Debaser Strand,Stockholm,Hornstulls strand 4,59.31394613751992,18.03390323113166,Tuesday,June,6,2026,
9f610253-a6fe-4ce2-a05c-4771726156de,"Discover the exciting history of Bromma Church, one of Stockholm's most historic buildings",https://www.svenskakyrkan.se/bromma/upptack-bromma-kyrkas-spannande-historia-under-vara-guidade-visningar,https://images.unsplash.com/...,2026-06-09,,onsale,Arts & Theatre,Culture & Arts,,Bromma Church,Bromma,Gliavägen 100,59.354365649332465,17.920632286891646,Tuesday,June,6,2026,
7b61878c-2482-4727-9c9b-3aa057c26493,Rosendal Garden Party 2026,https://www.rosendal.com/,https://images.unsplash.com/...,2026-06-12,,onsale,Music,Culture & Arts,,Rosendals trädgård,Stockholm,Rosendalsterrassen 12,59.32757054709905,18.114605249023423,Friday,June,6,2026,
09c00fcd-720e-411c-8670-d2a2332c877c,Foo Fighters - TAKE COVER TOUR,https://www.livenation.se/event/foo-fighters-take-cover-tour-2026-stockholm-tickets-edp1633553,https://images.unsplash.com/...,2026-06-12,,onsale,Music,Jazz & Blues,Pop,Strawberry Arena,Solna,Råsta Strandväg 1,59.37267169947656,18.00053626403807,Friday,June,6,2026,
75d5ccf2-0306-41df-83ae-c6de00b3c022,Moveat Södermalm,https://se.moveat.co/en/event/stockholm-sodermalm-2026-06-13,https://images.unsplash.com/...,2026-06-13,,onsale,Miscellaneous,Miscellaneous,,Södermalm,Stockholm,Sofiagatan 1,59.311551139369385,18.08205106206333,Saturday,June,6,2026,
d16551d2-2ebb-47ee-b3b5-93ef72d33e49,Eken Cup Handball 2026,https://ekencup.se/,https://images.unsplash.com/...,2026-06-13,,onsale,Arts & Theatre,Miscellaneous,,Gubbängsfältet,Farsta,"Gubbängsfältet, Farsta, Sweden",59.2605241,18.0865709,Saturday,June,6,2026,
fe3d80a9-8eb0-4bd4-83b6-68081af8841d,Extreme,https://www.axs.com/se/events/1242081/extreme-tickets,https://images.unsplash.com/...,2026-06-14,,onsale,Music,Jazz & Blues,Pop,Annexet,Johanneshov,Arenatorget,59.29315760196665,18.0818277145792,Sunday,June,6,2026,
f5ae3387-540e-4e5d-814d-782d0d461e0e,"Walk tour, Kungsholmen west",https://guidingstar.se/,https://images.unsplash.com/...,2026-06-14,,onsale,Arts & Theatre,Guided Tours,,Minnesstenen i Fria Ukrainas plats (Mariebergsparken),Stockholm,Fria Ukrainas plats,59.3261364,18.0118178,Sunday,June,6,2026,
395cdcfc-1320-4153-8ffc-77a9a104f54d,"Industrial walk tour, Södermalm west",https://guidingstar.se/,https://images.unsplash.com/...,2026-06-14,,onsale,Arts & Theatre,Guided Tours,,Hornsbruksgatan 19,Stockholm,Hornsbruksgatan 19,59.31608071984542,18.03563384247741,Sunday,June,6,2026,
94d34390-f86e-4fcb-b7c9-5b49f5623648,The history of Katarinaberget,https://vadhanderisverige.se/stockholm/kultur/stadsvandringar/stadsvandring-pa-sodermalm-katarinaberget/,https://images.unsplash.com/...,2026-06-14,,onsale,Arts & Theatre,Culture & Arts,,Götgatan,Stockholm,Götgatan 3,59.31928954337243,18.070858871576803,Sunday,June,6,2026,
fe3d80a9-8eb0-4bd4-83b6-68081af8841d,Extreme,https://www.axs.com/se/events/1242081/extreme-tickets,https://images.unsplash.com/...,2026-06-14,,onsale,Music,Jazz & Blues,Pop,Annexet,Johanneshov,Arenatorget,59.29315760196665,18.0818277145792,Sunday,June,6,2026,
4d627b6b-6de2-48c6-80c3-7cfa219b27b1,Guided tour on the prison island Långholmen,https://vadhanderisverige.se/stockholm/kultur/stadsvandringar/guidad-vandring-pa-fangelseon-langholmen/,https://images.unsplash.com/...,2026-06-14,,onsale,Arts & Theatre,Guided Tours,,"Alstaviksvägen, Långholmen",Stockholm,Alstaviksvägen,59.321549026982744,18.026712868899512,Sunday,June,6,2026,
37327149-759b-486c-9a2b-7215588fd0fc,Valerie June at Debaser Strand,https://www.debaser.se/events/valerie-june,https://images.unsplash.com/...,2026-06-15,,onsale,Music,Jazz & Blues,Pop,Debaser Strand,Stockholm,Hornstulls strand 4,59.31394613751992,18.03390323113166,Monday,June,6,2026,
e25f245b-661f-42c3-afb9-7053b67853df,Amanda Shires,https://fkpscorpio.se/sv/evenemang/detail/amanda-shires/,https://images.unsplash.com/...,2026-06-15,,onsale,Music,Jazz & Blues,Pop,Södra Teatern,Stockholm,Mosebacke Torg 1,59.318321370202256,18.07431171558534,Monday,June,6,2026,
a16a0fab-40b1-4151-905b-ef1c6ef82423,Curtis Harding at Debaser Strand,https://www.debaser.se/events/curtis-harding,https://images.unsplash.com/...,2026-06-16,,onsale,Music,Jazz & Blues,Pop,Debaser Strand,Stockholm,Hornstulls strand 4,59.31394613751992,18.03390323113166,Tuesday,June,6,2026,
23f1d37f-9756-487d-979c-d554d2cd89d1,Brad Paisley - Grönan Live 2026,https://www.gronalund.com/konserter/brad-paisley,https://images.unsplash.com/...,2026-06-16,,onsale,Music,Jazz & Blues,Pop,Gröna Lund,Stockholm,Lilla Allmänna Gränd 9,59.32439600576757,18.096623719787583,Tuesday,June,6,2026,
b6a68712-b96f-406f-ae8d-6c1d3e18f61e,Midsummer Bloom at Riche,https://riche.se/events/midsommarprakt/,https://images.unsplash.com/...,2026-06-16,,onsale,Miscellaneous,Family,,Riche,Stockholm,Birger Jarlsgatan 4,59.33354810314884,18.07565483175017,Tuesday,June,6,2026,
93644ae8-e679-4ecc-a50e-e90ab05507e2,Sunn o))) at Debaser Strand,https://www.debaser.se/events/sunn-o,https://images.unsplash.com/...,2026-06-17,,onsale,Music,Jazz & Blues,Pop,Debaser Strand,Stockholm,Hornstulls strand 4,59.31394613751992,18.03390323113166,Wednesday,June,6,2026,
0a9bd17b-d9c8-4421-a782-936c7beab6dc,Men I Trust – Equus Euro Tour,https://www.fallan.nu/whats-on/men-i-trust,https://images.unsplash.com/...,2026-06-18,,onsale,Music,Jazz & Blues,Pop,Fållan,Johanneshov,Hallgränd 19,59.29260140711424,18.07776242599486,Thursday,June,6,2026,
8fb98f63-7eba-462a-9b52-08b7ec7960c6,PUMA HYROX World Championships Stockholm,https://hyrox.com/event/puma-hyrox-world-championships-stockholm/,https://images.unsplash.com/...,2026-06-18,,onsale,Sports,Games & Championships,Races & Competitions,Strawberry Arena,Solna,Råsta Strandväg 1,59.37267169947656,18.00053626403807,Thursday,June,6,2026,
31e442c3-0926-43ff-8161-b3b1b8362ff6,ALI WONG LIVE,https://www.livenation.se/event/ali-wong-live-stockholm-tickets-edp1651997,https://images.unsplash.com/...,2026-06-22,,onsale,Arts & Theatre,Film,Stand-up & Spoken Word,Stockholm Waterfront,Stockholm,Nils Ericsons Plan 4,59.32949975708542,18.05647641525267,Monday,June,6,2026,
b5279e37-61a4-4cb3-95de-63a79984fdc8,Melrose Avenue | Broken Summer Pre-Party,https://fkpscorpio.se/sv/evenemang/detail/melrose-avenue/,https://images.unsplash.com/...,2026-06-23,,onsale,Music,Jazz & Blues,Pop,Kollektivet Livet Bar och Scen,Stockholm,Stadsgårdsterminalen,59.3191756,18.0785363,Tuesday,June,6,2026,
2efaf9fa-87bf-46d5-afd2-b868c11b475a,Pitbull: I'm Back!,https://www.livenation.se/en/event/pitbull-i-m-back--stockholm-tickets-edp1628324,https://images.unsplash.com/...,2026-06-23,,onsale,Music,Jazz & Blues,Pop,3Arena,Johanneshov,Arenaslingan 14,59.2911549936432,18.08452159271239,Tuesday,June,6,2026,
8c1bffe1-bd48-45b0-83af-a2703c39e1a7,Midsummer comedy fest June 24-28,https://www.midsummercomedyfest.com/,https://images.unsplash.com/...,2026-06-24,,onsale,Music,Family,,PIK Vasastan,Stockholm,Hagagatan 48,59.34836890052463,18.04900884537446,Wednesday,June,6,2026,
8ff9a93c-4631-4154-9f49-eb01f5e80acd,JOOST KLEIN: WORLD TOUR 2026,https://www.fallan.nu/whats-on/joost-klein,https://images.unsplash.com/...,2026-06-24,,onsale,Music,Jazz & Blues,Pop,Fållan,Johanneshov,Hallgränd 19,59.29260140711424,18.07776242599486,Wednesday,June,6,2026,
635d4e60-0291-4a6f-a595-595ea5bdd087,Broken Summer,https://www.brokensummer.se/,https://images.unsplash.com/...,2026-06-24,,onsale,Music,Jazz & Blues,Pop,Östermalms IP,Stockholm,Fiskartorpsvägen 2,59.34671728841343,18.082834686191205,Wednesday,June,6,2026,
0e02408f-9947-433c-a779-08cc01c094a7,Fakemink at Debaser Strand,https://www.debaser.se/events/fakemink,https://images.unsplash.com/...,2026-06-24,,onsale,Music,Jazz & Blues,Pop,Debaser Strand,Stockholm,Hornstulls strand 4,59.31394613751992,18.03390323113166,Wednesday,June,6,2026,
a82709f4-e9e1-483f-b8d3-069ef6d20773,Julian Marley & The Uprising,https://www.debaser.se/events/julian-marley-the-uprising-2923e,https://images.unsplash.com/...,2026-06-25,,onsale,Music,Jazz & Blues,Pop,Debaser Strand,Stockholm,Hornstulls strand 4,59.31394613751992,18.03390323113166,Thursday,June,6,2026,
ddf51c4b-9115-4864-a54d-04634c1100c9,Gotland Runt Offshore Race 2026,https://www.ksss.se/gotlandrunt/,https://images.unsplash.com/...,2026-06-26,,onsale,Sports,Games & Championships,Races & Competitions,,Sandhamn,Trovillevägen,59.280030700454844,18.92066163317326,Friday,June,6,2026,
34ed9a3a-3787-4260-9260-326549203266,Vi Älskar Festival 2026,https://www.vialskar.se,https://images.unsplash.com/...,2026-06-26,,onsale,Music,Culture & Arts,,Gärdet,Östermalm,Gärdets Sportfält,59.3358230369201,18.104343074994226,Friday,June,6,2026,
e82b9d65-b790-4887-8bdb-1a05a3f5e63d,Cocktail Course & Workshop,https://bartenderlab.com/,https://images.unsplash.com/...,2026-06-27,,onsale,Music,Food & Drink,,Bartenderlab,Stockholm,Södermalmsallén 36,59.313609399513155,18.069488684679158,Saturday,June,6,2026,
32eed499-13b2-4ae6-9450-cb2a4b21b422,The Food Mile: Södermalm,https://vadhanderisverige.se/stockholm/mat-dryck/restaurang/matmilen-sodermalm/,https://images.unsplash.com/...,2026-06-27,,onsale,Miscellaneous,Food & Drink,,Södermalm,Stockholm,Medborgarplatsen / Skanstull,59.31472612779535,18.072383379458664,Saturday,June,6,2026,
da80c375-a1ff-462a-86ed-314460e22b67,Food walk Södermalm,https://vadhanderisverige.se/stockholm/mat-dryck/restaurang/matmilen-sodermalm/,https://images.unsplash.com/...,2026-06-27,,onsale,Miscellaneous,Food & Drink,,Södermalm,Stockholm,Flera platser,59.3114835,18.0709741,Saturday,June,6,2026,
697bda15-7558-4558-a415-f13a25007264,Dödskällan at Debaser Nova,https://www.debaser.se/events/dodskallan,https://images.unsplash.com/...,2026-06-27,,onsale,Music,Jazz & Blues,Pop,Debaser Nova,Stockholm,Hornstulls strand 4,59.31394613751992,18.03390323113166,Saturday,June,6,2026,
ab2f51d1-dde7-4f4a-a3f6-196bdf5af6d2,"Industrial walk tour, Södermalm east",https://guidingstar.se/,https://images.unsplash.com/...,2026-06-28,,onsale,Arts & Theatre,Guided Tours,,"Axel Landquists Park, mittemot Åsögatan 146",Stockholm,Åsögatan 146,59.31371312556496,18.08072672136163,Sunday,June,6,2026,
a106d237-0567-49bd-ae14-f98e7c2fe0c8,A Perfect Circle - Grönan Live 2026,https://www.gronalund.com/konserter/a-perfect-circle,https://images.unsplash.com/...,2026-06-28,,onsale,Music,Jazz & Blues,Pop,Gröna Lund,Stockholm,Lilla Allmänna Gränd 9,59.32439600576757,18.096623719787583,Sunday,June,6,2026,
e152327e-511e-491f-b83d-e2eb190f0ea8,Deep-dive in the history of Stockholm,https://guidingstar.se/,https://images.unsplash.com/...,2026-06-28,,onsale,Arts & Theatre,Culture & Arts,,Birger Jarls Torg,Stockholm,Birger Jarls Torg,59.324569598587466,18.065215724826036,Sunday,June,6,2026,
8b66ffa5-0117-4405-83fc-8dd67a37038e,Emily Nenni,https://www.debaser.se/events/emily-nenni,https://images.unsplash.com/...,2026-06-28,,onsale,Music,Jazz & Blues,Pop,Debaser Nova,Stockholm,Hornstulls strand 4,59.31394613751992,18.03390323113166,Sunday,June,6,2026,
3df36636-cee2-4ee4-83ab-4cb96bba2552,System Of A Down+Queens of the Stone Age,https://evenemangsbiljetter.se/alla-evenemang/kategorier/konsert/system-of-a-down,https://images.unsplash.com/...,2026-06-29,,onsale,Music,Jazz & Blues,Pop,Strawberry Arena,Solna,Råsta Strandväg 1,59.37227351588852,18.00354253789324,Monday,June,6,2026,
80034098-aa0c-42bf-8626-eb6e43b5fcf0,Los Mirlos,https://www.debaser.se/events/los-mirlos,https://images.unsplash.com/...,2026-07-02,,onsale,Music,Jazz & Blues,Pop,Debaser Strand,Stockholm,Hornstulls strand 4,59.31394613751992,18.03390323113166,Thursday,July,7,2026,
6609be53-1db6-4da6-bc60-b08c0e859de5,Beautiful Summer – an evening welcoming summer in words and music.,https://www.erstadiakoni.se/verksamheter/ersta-kyrka/ersta-kulturscen/program/alla-evenemang/Har-ar-den-skona-sommar/,https://images.unsplash.com/...,2026-07-03,,onsale,Music,Jazz & Blues,Pop,Ersta kyrka,Stockholm,"Erstagatan 1, inne på gården",59.316257469795794,18.0909860746366,Friday,July,7,2026,
9ced0049-faf4-4eff-a8d0-0ddf24bb293f,Whitey Morgan,https://www.debaser.se/events/whitey-morgan,https://images.unsplash.com/...,2026-07-04,,onsale,Music,Jazz & Blues,Pop,Debaser Strand,Stockholm,Hornstulls strand 4,59.31394613751992,18.03390323113166,Saturday,July,7,2026,
02e15984-5623-4725-a6e9-9ffa4880dbf3,MARO,https://www.debaser.se/events/maro,https://images.unsplash.com/...,2026-07-07,,onsale,Music,Jazz & Blues,Pop,Debaser Strand,Stockholm,Hornstulls strand 4,59.31394613751992,18.03390323113166,Tuesday,July,7,2026,
8bdf6cfd-9895-4a96-80f1-fe149609d4eb,Summer food walk in Stockholm,https://vadhanderisverige.se/stockholm/mat-dryck/restaurang/matmilen-sommar-stockholm/,https://images.unsplash.com/...,2026-07-08,,onsale,Miscellaneous,Food & Drink,,Centrala Stockholm,Stockholm,Stockholm city,59.3293798,18.0600951,Wednesday,July,7,2026,
afe4f421-2e8a-4b29-9efa-066c56b9b6b0,BAD BUNNY,https://strawberryarena.se/en/events/music-show/bad-bunny-2/,https://images.unsplash.com/...,2026-07-10,,onsale,Music,Miscellaneous,,Strawberry Arena,Solna,Råsta Strandväg 1,59.37267169947656,18.00053626403807,Friday,July,7,2026,
f0eaaac7-200f-4ada-bb7c-f0f032a6cfe8,Walking Through the Solar System - Bach’s Cello Suites meets poetry by Edith Södergran,https://www.erstadiakoni.se/verksamheter/ersta-kyrka/ersta-kulturscen/program/alla-evenemang/till-fots-genom-solsystemet/,https://images.unsplash.com/...,2026-07-10,,onsale,Music,Jazz & Blues,Pop,Ersta kyrka,Stockholm,"Erstagatan 1, inne på gården",59.316257469795794,18.0909860746366,Friday,July,7,2026,
76c40159-48ce-4867-8a84-fdfa4b027752,Culture Wars,https://secure.tickster.com/sv/953rh3lajkkd8ke/eventsaleclosed,https://images.unsplash.com/...,2026-07-14,,onsale,Music,Jazz & Blues,Pop,Debaser Nova,Stockholm,Hornstulls strand 4,59.31394613751992,18.03390323113166,Tuesday,July,7,2026,
7eadbbc7-1263-4776-8d7d-08a32690f98d,Robyn,https://luger.se/robyn/,https://images.unsplash.com/...,2026-07-16,,onsale,Music,Jazz & Blues,Pop,Avicii Arena,Johanneshov,Arenatorget,59.29353277718874,18.083555997467027,Thursday,July,7,2026,
63c2ac4c-3e7d-40b9-ae0b-9b13e05521c4,Nordic Baroque Band and Maria Keohane.,https://www.erstadiakoni.se/verksamheter/ersta-kyrka/ersta-kulturscen/program/alla-evenemang/nordic-baroque-band-och-maria-keohane/,https://images.unsplash.com/...,2026-07-17,,onsale,Music,Jazz & Blues,Pop,Ersta kyrka,Stockholm,"Erstagatan 1, inne på gården",59.316257469795794,18.0909860746366,Friday,July,7,2026,
7da55f5a-6b36-4f10-88df-52e08deb2f96,RUNmaröloppen 2026,https://www.runmaroloppen.se/,https://images.unsplash.com/...,2026-07-19,,onsale,Sports,Games & Championships,Races & Competitions,Runmarö,Runmarö,RUNMARÖ SÖDERSUNDA 421,59.2666571,18.7355363,Sunday,July,7,2026,
4c9664b1-f18c-4318-a647-f1049a04042e,Joshua Ray Walker,https://www.debaser.se/events/joshua-ray-walker,https://images.unsplash.com/...,2026-07-21,,onsale,Music,Jazz & Blues,Pop,Debaser Nova,Stockholm,Hornstulls strand 4,59.31394613751992,18.03390323113166,Tuesday,July,7,2026,
9767bdc8-8c90-409d-ae61-288a4a72d318,Lisa Marie,https://pediatricscongress.com/,https://images.unsplash.com/...,2026-07-22,,onsale,Arts & Theatre,Miscellaneous,,The Museum of Far Eastern Antiquities,Stockholm,Tyghusplan 4,59.32730538739233,18.081736237780063,Wednesday,July,7,2026,
5172a640-8b41-494d-882c-8303df84c99f,Streetfoodfestival,https://www.streetfoodfestivalen.se,https://images.unsplash.com/...,2026-07-23,,onsale,Miscellaneous,Food & Drink,,Norra Hammarbyhamnen,Stockholm,Anna Lindhs Park,59.307393,18.0935248,Thursday,July,7,2026,
cf27bf96-2995-4a33-be6e-029be0944d8f,Can't Pay? Won't Pay! - Dario Fo,https://www.adelsöfriluftsteater.se,https://images.unsplash.com/...,2026-07-24,,onsale,Arts & Theatre,Film,Stand-up & Spoken Word,Adelsö Friluftsteater,Adelsö,Adelsö Ringväg 31,59.378455239058695,17.52726470936429,Friday,July,7,2026,
0ee3bf1c-255c-4382-891c-06d920edf9be,“Jazz Poetry” – Jazz in Swedish.,https://www.erstadiakoni.se/verksamheter/ersta-kyrka/ersta-kulturscen/program/alla-evenemang/jazz-poetry--jazz-pa-svenska/,https://images.unsplash.com/...,2026-07-24,,onsale,Music,Jazz & Blues,Pop,Ersta kyrka,Stockholm,"Erstagatan 1, inne på gården",59.316257469795794,18.0909860746366,Friday,July,7,2026,
74b4d8d9-338c-43ec-86df-375e89d2431c,Lenny Kravitz Live 2026 - Avicii Arena,https://aviciiarena.se/en/events/music-show/lenny-kravitz-2/,https://images.unsplash.com/...,2026-07-24,,onsale,Music,Jazz & Blues,Pop,Avicii Arena,Johanneshov,Arenatorget,59.29353277718874,18.083555997467027,Friday,July,7,2026,
a68e7d9c-6f10-401e-bf57-5a708172bf54,Stockholm Cup of Nations 2026,https://www.stockholmcupofnations.eu,https://images.unsplash.com/...,2026-07-25,,onsale,Sports,Games & Championships,Races & Competitions,Östermalms IP,Stockholm,Fiskartorpsvägen 2,59.34750317090609,18.08349162445067,Saturday,July,7,2026,
336166b3-4b3a-41b4-9f2d-b6a93d8f99c0,Stockholm Pride 2026,https://www.stockholmpride.org/en/,https://images.unsplash.com/...,2026-07-27,,onsale,Arts & Theatre,Culture & Arts,,,,"Stockholm, Sweden",59.32932349999999,18.0685808,Monday,July,7,2026,
0c9af80b-06f3-42d4-bf7d-43af06feba8a,Confidencen Opera & Music Festival – La Liberazione,https://confidencen.se/confidencen-opera-music-festival-2026-female-edition/,https://images.unsplash.com/...,2026-07-30,,onsale,Arts & Theatre,Film,Stand-up & Spoken Word,Confidencen,Solna,Slottsallén 3,59.386462463175974,18.017660317026976,Thursday,July,7,2026,
bb316818-c5f7-41b3-8708-b14063b4e8ae,Simple Things – Britta Virves Trio.,https://www.erstadiakoni.se/verksamheter/ersta-kyrka/ersta-kulturscen/program/alla-evenemang/simple-things/,https://images.unsplash.com/...,2026-07-31,,onsale,Music,Jazz & Blues,Pop,Ersta kyrka,Stockholm,"Erstagatan 1, inne på gården",59.316257469795794,18.0909860746366,Friday,July,7,2026,
bb316818-c5f7-41b3-8708-b14063b4e8ae,Simple Things – Britta Virves Trio.,https://www.erstadiakoni.se/verksamheter/ersta-kyrka/ersta-kulturscen/program/alla-evenemang/simple-things/,https://images.unsplash.com/...,2026-07-31,,onsale,Music,Jazz & Blues,Pop,Ersta kyrka,Stockholm,"Erstagatan 1, inne på gården",59.316257469795794,18.0909860746366,Friday,July,7,2026,
ceb750f4-0047-4dc7-ae48-7017c8fc2a17,The Living Tombstone - Multiplayer Tour,https://fkpscorpio.se/sv/evenemang/detail/the-living-tombstone/,https://images.unsplash.com/...,2026-08-03,,onsale,Music,Jazz & Blues,Pop,Fållan,Johanneshov,Hallgränd 19,59.29266172428274,18.07785198002955,Monday,August,8,2026,
4998f9d8-eb42-45a1-8ac0-c9aca759764d,Nynäskalaset,https://nynaskalaset.se,https://images.unsplash.com/...,2026-08-07,,onsale,Music,Miscellaneous,,Svandammsparken,Nynäshamn,Järnvägsgatan 1,58.90176580236377,17.950758523284804,Friday,August,8,2026,
46a82673-3eaf-4d35-897b-3b24e1e44078,The Weeknd – After Hours Til Dawn Stadium Tour,https://www.livenation.se/event/the-weeknd-after-hours-til-dawn-tour-stockholm-tickets-edp1618098,https://images.unsplash.com/...,2026-08-09,,onsale,Music,Jazz & Blues,Pop,Strawberry Arena,Solna,Råsta Strandväg 1,59.37227351588852,18.003542537893242,Sunday,August,8,2026,
8609154c-2e4b-4367-9cd0-e96a8740d138,Team Racing World Championship 2026,https://trwc2026.com/,https://images.unsplash.com/...,2026-08-12,,onsale,Sports,Games & Championships,Races & Competitions,Riddarfjärden,Stockholm,"Norr Mälarstrand 31,  112 20 Stockholm, Sweden",59.3264636,18.0428511,Wednesday,August,8,2026,
896360d9-38aa-4e66-aa2e-28214849f230,SUS LIVE - Myra Granberg,https://sthlmunderstjarnorna.com/event/myra-granberg,https://images.unsplash.com/...,2026-08-12,,onsale,Music,Jazz & Blues,Pop,Stockholm Under Stjärnorna,Stockholm,Brunkebergstorg 2 - 4,59.33057365907848,18.066986602762256,Wednesday,August,8,2026,
2e01c573-3bb1-4302-9796-65c409c2fdf1,MotoSurf World Championship – Huski Wear Stockholm Grand Prix,https://www.motosurfsweden.com/,https://images.unsplash.com/...,2026-08-14,,onsale,Arts & Theatre,Culture & Arts,,Sjöhistoriska museet,Stockholm,Djurgårdsbrunnsvägen 24,59.33249399500551,18.11558269807864,Friday,August,8,2026,
2fde4065-4a05-44aa-8c5d-7b9295e91462,Midnattsloppet 2026 (The Midnight Run),https://midnattsloppet.com/en/midnattsloppet-stockholm/,https://images.unsplash.com/...,2026-08-15,,onsale,Music,Jazz & Blues,Pop,Zinkendamms Idrottsplats,,"Ringvägen 16, Stockholm, Sweden",59.31647559999999,18.0504444,Saturday,August,8,2026,
2be38d6e-3223-4d30-88f7-e9df82ca045c,The Nomads + Starr and the Czars,https://secure.tickster.com/sv/189ganbgtreyzfp/eventsaleclosed,https://images.unsplash.com/...,2026-08-15,,onsale,Music,Jazz & Blues,Pop,Debaser Strand,Stockholm,Hornstulls strand 4,59.31394613751992,18.03390323113166,Saturday,August,8,2026,
24d36bb1-e775-4fe0-98a5-9322b14f1f92,PLANKET Stockholm - Sweden's Largest Photo Exhibition with more than 300 Photographers,https://planketsthlm.se/,https://images.unsplash.com/...,2026-08-15,,onsale,Arts & Theatre,Culture & Arts,Nature & Society,,Stockholm,Lilla mejtens gränd,59.311374133635255,18.08993112658449,Saturday,August,8,2026,
316f0c42-6c39-45d0-a407-9cd637b656b0,Convini Relay Race 2026,https://stafetten.com/,https://images.unsplash.com/...,2026-08-19,,onsale,Sports,Games & Championships,Races & Competitions,Norra Djurgården,,"Stora Skuggan, Stora Skuggans Väg, Stockholm, Sweden",59.365503,18.074971,Wednesday,August,8,2026,
df23bf86-4286-456a-9755-7815bd8e9201,Stockholm Roots Festival,https://secure.tickster.com/3pca1taw7gw2t56,https://images.unsplash.com/...,2026-08-21,,onsale,Music,Culture & Arts,,Debaser Strand,Stockholm,Hornstulls strand 4,59.31394613751992,18.03390323113166,Friday,August,8,2026,
c879c69a-c61b-429c-9783-6105be3c5ca8,Baltic Sea festival 2026,https://www.berwaldhallen.se/ostersjofestivalen,https://images.unsplash.com/...,2026-08-21,,onsale,Music,Culture & Arts,,Berwaldhallen,Stockholm,Dag Hammarskjölds väg 3,59.333180002842354,18.10024470195769,Friday,August,8,2026,
68ab6144-c99f-4926-88c5-2fe4ca661b15,Stockholm Trail 2026,https://stockholmtrail.se/,https://images.unsplash.com/...,2026-08-22,,onsale,Sports,Games & Championships,Races & Competitions,Nackareservatet,,"Hammarbyhöjdens IP, Johanneshov, Sweden",59.296998,18.1063742,Saturday,August,8,2026,
7513b088-ace9-49eb-8e9e-328837f97f6f,Tough Viking 2026 – Royal Djurgården,https://toughviking.se/,https://images.unsplash.com/...,2026-08-22,,onsale,Sports,Games & Championships,Races & Competitions,Royal Djurgården,Stockholm,"Djurgårdsbrunnsvägen 24, 115 27 Stockholm, Sweden",59.3324893,18.1156207,Saturday,August,8,2026,
9da03784-5e6f-4290-95e2-06e0a9d801cc,World Water Week 2026: Water for People and Progress,https://www.worldwaterweek.org/,https://images.unsplash.com/...,2026-08-23,,onsale,Miscellaneous,Miscellaneous,,Stockholm Waterfront,Stockholm,Nils Ericsons Plan 4,59.32949975708542,18.05647641525267,Sunday,August,8,2026,
80d2ecf0-0708-487d-b58d-8a92c111087c,The Ark,https://krall.se/show/ulriksdals-slott-2026/,https://images.unsplash.com/...,2026-08-23,,onsale,Music,Jazz & Blues,Pop,Ulriksdals slott,Solna,Slottsallén,59.38582508476168,18.01809062345471,Sunday,August,8,2026,
cda89094-8adc-418a-8d23-71df79e426ee,Stick To Your Guns,https://fkpscorpio.se/evenemang/detail/stick-to-your-guns/,https://images.unsplash.com/...,2026-08-25,,onsale,Music,Jazz & Blues,Pop,Kollektivet Livet Bar och Scen,Stockholm,Stadsgårdsterminalen,59.3191756,18.0785363,Tuesday,August,8,2026,
aec3b77e-3516-4d7b-af63-e8deb1e9d085,TOODY COLE AND HER BAND at Debaser Nova,https://www.debaser.se/events/toody-cole-and-her-band,https://images.unsplash.com/...,2026-08-25,,onsale,Music,Jazz & Blues,Pop,Debaser Nova,Stockholm,Hornstulls strand 4,59.31394613751992,18.03390323113166,Tuesday,August,8,2026,
ef77bb14-2dfe-4356-818a-086ab23e5383,Emmylou Harris – Farewell Tour,https://aviciiarena.se/en/events/music-show/emmylou-harris/,https://images.unsplash.com/...,2026-08-26,,onsale,Music,Jazz & Blues,Pop,Avicii Arena,Johanneshov,Arenatorget,59.29353277718874,18.083555997467027,Wednesday,August,8,2026,
c15e4654-de4c-4cfd-add8-0c3e91ca2cc2,"Jazzconcert with Johan Hörlen alto saxophone, Ben Fitzpatrick tenor saxophone, Elias Larsson piano, Kenji Rabson double bass, Moussa Fadera drums",https://www.glennmillercafe.se/,https://images.unsplash.com/...,2026-08-26,,onsale,Music,Jazz & Blues,Pop,Glenn Miller Café,Stockholm,Brunnsgatan 21A,59.3365025144706,18.06656817815573,Wednesday,August,8,2026,
a3e369bb-288c-44cd-850b-cb5c0e554e82,Miriam Bryant – Ulriksdal Palace,https://krall.se/show/miriam-bryant/,https://images.unsplash.com/...,2026-08-28,,onsale,Music,Jazz & Blues,Pop,Ulriksdal Palace,Solna,Slottsallén,59.38582508476168,18.01809062345471,Friday,August,8,2026,
a1a9b379-af26-4b4b-b23b-2391bdb120c5,Takida,https://krall.se/show/ulriksdals-slott-2026/,https://images.unsplash.com/...,2026-08-29,,onsale,Music,Jazz & Blues,Pop,Ulriksdals slott,Solna,Slottsallén,59.38582508476168,18.01809062345471,Saturday,August,8,2026,
1672166c-7994-4016-9f1b-a31eda84311b,adidas Stockholm Half Marathon 2026,https://www.stockholmhalvmarathon.se/,https://images.unsplash.com/...,2026-08-29,,onsale,Sports,Games & Championships,Races & Competitions,,,"Stockholm, Sweden",59.32932349999999,18.0685808,Saturday,August,8,2026,
2ce28b88-7697-4594-9e50-8531b509db83,Tour of the stable and riding hall,https://www.beridnahogvakten.se/program/stall-och-ridhusvisning-12-april-2026/,https://images.unsplash.com/...,2026-08-30,,onsale,Arts & Theatre,Culture & Arts,Nature & Society,"Kavallerikasern, stora valvet",Stockholm,Lidingövägen 28,59.34710369414981,18.088970490772738,Sunday,August,8,2026,
3ec0b341-5921-4b21-80dc-3503ee6f39ec,Dachshund Parade,https://www.taxparad.se/,https://images.unsplash.com/...,2026-08-30,,onsale,Arts & Theatre,Miscellaneous,,Kungliga Dramaten,Stockholm,Nybroplan,59.33255457181357,18.07665526571667,Sunday,August,8,2026,
e9c04060-8a55-42ca-a838-de8799f70819,Ron Sexsmith at Debaser Strand,https://www.debaser.se/events/ron-sexsmith,https://images.unsplash.com/...,2026-08-31,,onsale,Music,Jazz & Blues,Pop,Debaser Strand,Stockholm,Hornstulls strand 4,59.31394613751992,18.03390323113166,Monday,August,8,2026,
259851c8-db78-43ed-9b14-b5193ebe86fc,Nightshade Frequencies,https://www.fallan.nu/whats-on/nightshade-frequencies,https://images.unsplash.com/...,2026-09-05,,onsale,Music,Jazz & Blues,Pop,Slakthusområdet,Johanneshov,Hallgränd 19,59.29266172428274,18.07785198002955,Saturday,September,9,2026,
1f65a6ff-2dd2-4785-b2d9-3fa37bb36459,Tjejmilen Stockholm 2026 – Women-only Race,https://tjejmilen.se/,https://images.unsplash.com/...,2026-09-05,,onsale,Sports,Games & Championships,Races & Competitions,Djurgården,Stockholm,"Djurgårdsbrunnsvägen 14, 115 27 Stockholm, Sweden",59.3324685,18.1132947,Saturday,September,9,2026,
a67e3eb1-bd80-4598-959d-b34a61101d2a,Stockholm Bike 2026,https://sthlmbike.se/cykelloppet-2026/,https://images.unsplash.com/...,2026-09-06,,onsale,Sports,Games & Championships,Races & Competitions,,Stockholm,Norr Mälarstrand,59.3273101,18.0379801,Sunday,September,9,2026,
36331c2b-2954-4180-8510-e2b89353e40e,Banna Sona Band,https://krall.se/show/banna-sona-band-2026/,https://images.unsplash.com/...,2026-09-07,,onsale,Music,Jazz & Blues,Pop,Skansen,Stockholm,Djurgårdsslätten 49-51,59.32442360526156,18.100980249280553,Monday,September,9,2026,
f7dafa6f-6de2-4d45-9bd1-d2cfacc94959,Maustetytöt at Debaser Strand,https://www.debaser.se/events/maustetytot,https://images.unsplash.com/...,2026-09-09,,onsale,Music,Jazz & Blues,Pop,Debaser Strand,Stockholm,Hornstulls strand 4,59.31394613751992,18.03390323113166,Wednesday,September,9,2026,
79c568dc-f13e-40f2-89f9-81a70560674f,Stockholm Oktoberfest 2026,https://vadhanderisverige.se/stockholm/nojen/festival/stockholm-oktoberfest-biljetter/,https://images.unsplash.com/...,2026-09-10,,onsale,Music,Culture & Arts,,Gärdet,Östermalm,Ladugårdsgärdet,59.342204,18.09603,Thursday,September,9,2026,
65b610fe-6064-4672-8e41-a850d84c6c70,Hooja – Grönan Live 2026,https://www.livenation.se/event/hooja-stockholm-tickets-edp1654224,https://images.unsplash.com/...,2026-09-11,,onsale,Miscellaneous,Miscellaneous,,Gröna Lund,Stockholm,Lilla Allmänna Gränd 9,59.32439600576757,18.096623719787583,Friday,September,9,2026,
572c9cf4-6032-431c-b11e-978a1046f50c,The Blaze checks in at Hotel Grand Stade,https://www.hotelgrandstade.com,https://images.unsplash.com/...,2026-09-12,,onsale,Music,Miscellaneous,,Förbindelsehallen,Stockholm,Stora Skorstensgatan 14,59.292474168595625,18.078541625347686,Saturday,September,9,2026,
572c9cf4-6032-431c-b11e-978a1046f50c,The Blaze checks in at Hotel Grand Stade,https://www.hotelgrandstade.com,https://images.unsplash.com/...,2026-09-12,,onsale,Music,Miscellaneous,,Förbindelsehallen,Stockholm,Stora Skorstensgatan 14,59.292474168595625,18.078541625347686,Saturday,September,9,2026,
828d5601-29ee-46b0-95d3-04281f5e34ca,Shrek Rave,https://www.debaser.se/events/shrek-rave,https://images.unsplash.com/...,2026-09-12,,onsale,Music,Culture & Arts,,Debaser Strand,Stockholm,Hornstulls strand 4,59.31394613751992,18.03390323113166,Saturday,September,9,2026,
de474d55-7d4b-462a-86c6-1155f15b5980,Citizen Nûjen,https://allthingslive.se/event/medborgare-nujen,https://images.unsplash.com/...,2026-09-13,,onsale,Arts & Theatre,Film,Stand-up & Spoken Word,Södra Teatern,Stockholm,Mosebacke Torg 1,59.31832141211177,18.07431171558534,Sunday,September,9,2026,
97dda40a-c050-4681-9cf7-e0d7f6c612d1,OCT (On Company Time) - Europe Tour 2026,https://fkpscorpio.se/evenemang/detail/oct-on-company-time/,https://images.unsplash.com/...,2026-09-14,,onsale,Music,Jazz & Blues,Pop,Debaser Nova,Stockholm,Hornstulls strand 4,59.31394613751992,18.03390323113166,Monday,September,9,2026,
e61aa0b6-d3c4-4fcd-bb60-0f552a9b07d7,"Teater Fabula presents the comedy ""Herrar"" by Jan O. Ericson",https://fabula.nu/,https://images.unsplash.com/...,2026-09-14,,onsale,Arts & Theatre,Film,Stand-up & Spoken Word,Pygméteatern,Stockholm,Vegagatan 17,59.34233937847537,18.049994054273697,Monday,September,9,2026,
72608933-b7f5-4d12-acca-be7898e59e86,OCT,https://secure.tickster.com/sv/wr20ela1u2vhaxp/eventsaleclosed,https://images.unsplash.com/...,2026-09-14,,onsale,Music,Jazz & Blues,Pop,Debaser Nova,Stockholm,Hornstulls strand 4,59.31394613751992,18.03390323113166,Monday,September,9,2026,
1b6c7d4f-a881-43f2-a2a4-8e9422e17620,Megan Moroney,https://allthingslive.se/,https://images.unsplash.com/...,2026-09-15,,onsale,Music,Jazz & Blues,Pop,Cirkus,Stockholm,Djurgårdsslätten 43-45,59.32457674263259,18.09969823718987,Tuesday,September,9,2026,
3fd983cf-b6cd-4107-94c0-3f3fa3fcf418,Cap Carter at Debaser Nova,https://www.debaser.se/events/cap-carter,https://images.unsplash.com/...,2026-09-16,,onsale,Music,Jazz & Blues,Pop,Debaser Nova,Stockholm,Hornstulls strand 4,59.31394613751992,18.03390323113166,Wednesday,September,9,2026,
078c7c1a-e711-4e5e-84d2-dbf0223e8164,Eddie & the Hot Rods – Kollektivet Livet • 17 sep,https://www.kulturaktiebolaget.se/evenemang/eddie-the-hot-rods,https://images.unsplash.com/...,2026-09-17,,onsale,Music,Jazz & Blues,Pop,Kollektivet Livet Bar och Scen,Stockholm,Stadsgårdsterminalen,59.3191756,18.0785363,Thursday,September,9,2026,
75d353c5-a87c-437d-a35e-cd1cd5f2dc71,Niklas Strömstedt - Tyck OM mig,https://krall.se/show/niklas-stromstedt/,https://images.unsplash.com/...,2026-09-18,,onsale,Music,Jazz & Blues,Pop,Maxim Stockholm,Stockholm,Karlaplan 4,59.33690576783238,18.088883235160665,Friday,September,9,2026,
c7e76d5f-ac4f-4145-af77-c32c831e1660,A tribute to Eric Clapton and Bruce Springsteen,https://cirkus.se/sv/events/clapton-vs-springsteen/,https://images.unsplash.com/...,2026-09-19,,onsale,Music,Jazz & Blues,Pop,Cirkus,Stockholm,Djurgårdsslätten 43-45,59.32457674263259,18.09969823718987,Saturday,September,9,2026,
0cf26d95-bef7-4706-9278-606925404334,Satan Takes A Holiday at Debaser Nova,https://www.debaser.se/events/satan-takes-a-holiday,https://images.unsplash.com/...,2026-09-19,,onsale,Music,Jazz & Blues,Pop,Debaser Nova,Stockholm,Hornstulls strand 4,59.31394613751992,18.03390323113166,Saturday,September,9,2026,
f506422d-ba57-46ce-bc1e-b696c2f8b309,"INFINITY - Celebrating the Music of Michael Jackson - Stockholm, Waterfront",https://nortic.se/ticket/event/79886,https://images.unsplash.com/...,2026-09-19,,onsale,Music,Jazz & Blues,Pop,Stockholm Waterfront,Stockholm,Nils Ericsons Plan 4,59.32982477793928,18.056216276276956,Saturday,September,9,2026,
d62a18c0-c3be-4f29-a8cd-cee095e36770,A$AP Rocky – Don’t Be Dumb World Tour,https://www.mynewsdesk.com/se/livenation/pressreleases/a$ap-rocky-aaker-ut-paa-omfattande-vaerldsturne-kommer-till-sverige-i-hoest-3427033,https://images.unsplash.com/...,2026-09-21,,onsale,Music,Jazz & Blues,Pop,Avicii Arena,Johanneshov,Arenatorget,59.29353277718874,18.083555997467027,Monday,September,9,2026,
60a5732b-bd72-4a8c-bdde-ac83e4aacbe1,The Amity Affliction + Support: Silent Planet + Varials + Orthodox,https://fkpscorpio.se/sv/evenemang/detail/the-amity-affliction/,https://images.unsplash.com/...,2026-09-22,,onsale,Music,Jazz & Blues,Pop,Fållan,Johanneshov,Hallgränd 19,59.29266172428274,18.07785198002955,Tuesday,September,9,2026,
4a899da3-cb24-4768-b8d4-317d09d704bc,The Longest Johns,https://biljett.debaser.se/sv/5c7xmvwk2jhy8pd/eventsaleclosed,https://images.unsplash.com/...,2026-09-23,,onsale,Music,Jazz & Blues,Pop,Debaser Strand,Stockholm,Hornstulls strand 4,59.31394613751992,18.03390323113166,Wednesday,September,9,2026,
979fa654-5ea4-4b33-9ebf-3c2f7d7f4937,To the Sea! – Exhibition at Nationalmuseum,https://www.mynewsdesk.com/se/nationalmuseum/pressreleases/utstaellningar-paa-nationalmuseum-2026-3410909,https://images.unsplash.com/...,2026-09-24,,onsale,Arts & Theatre,Culture & Arts,Nature & Society,Nationalmuseum,Stockholm,Södra Blasieholmshamnen 2,59.32853379754907,18.0782559524536,Thursday,September,9,2026,
cc922f7a-9096-4583-af2a-2d8a8c358d34,Band of Horses,https://luger.se/band-of-horses/,https://images.unsplash.com/...,2026-09-25,,onsale,Music,Jazz & Blues,Pop,Annexet,Johanneshov,Arenatorget,59.293488948580354,18.083577455139146,Friday,September,9,2026,
a1f9fd05-e09f-4c0c-924e-f0565e92bb89,TCS Lidingöloppet 2026,https://www.lidingoloppet.se/sv/Site/tcs-lidingoloppshelgen/,https://images.unsplash.com/...,2026-09-25,,onsale,Sports,Games & Championships,Races & Competitions,Lidingö,Lidingö,Koltorps gärde,59.36009484435547,18.17647770265504,Friday,September,9,2026,
166a8f91-ebdc-471b-ae75-d499097f9cfe,Riga Tiger at Debaser Nova,https://www.debaser.se/events/riga-tiger,https://images.unsplash.com/...,2026-09-26,,onsale,Music,Jazz & Blues,Pop,Debaser Nova,Stockholm,Hornstulls strand 4,59.31394613751992,18.03390323113166,Saturday,September,9,2026,
fecd29bc-76dc-4701-807e-16ef3ba3c00a,Osakar Linnros - Live at Avicii Arena,https://luger.se/oskar-linnros/,https://images.unsplash.com/...,2026-09-26,,onsale,Music,Jazz & Blues,Pop,Avicii Arena,Johanneshov,Arenatorget,59.29353277718874,18.083555997467027,Saturday,September,9,2026,
dc677156-3c68-49f9-ba70-964cfeaccaf7,Foy Vance,https://secure.tickster.com/sv/5wcdnkrtkkukddu/seating,https://images.unsplash.com/...,2026-09-27,,onsale,Music,Jazz & Blues,Pop,Södra Teatern,Stockholm,Mosebacke Torg 1,59.31836903481116,18.074307740783677,Sunday,September,9,2026,
f8aa651d-fcf8-40eb-acdc-902eae685cd8,Swedish Open Squash 2026,https://swedishopensquash.com/,https://images.unsplash.com/...,2026-09-30,,onsale,Sports,Games & Championships,Races & Competitions,Roslagshallen Squashbanor,Stockholm,Roslagsgatan 24,59.34697410992672,18.05967498480328,Wednesday,September,9,2026,
9fd408a3-c5c3-4702-b84c-2ac53867d7cd,IDS13 ─ The 13th International Dendrimer Symposium,https://ids13.se/,https://images.unsplash.com/...,2026-09-30,,onsale,Miscellaneous,Miscellaneous,,"Courtyard by Marriott Kungsholmen, Stockholm, Sweden",Stockholm,Rålambshovsleden 50,59.331299070888804,18.021395168277166,Wednesday,September,9,2026,
e5b98f0b-e9ca-4692-8e80-bd1aaa2fcad7,The Best Of Mike Oldfield’s Tubular Bells I II & III | Stockholm,https://fkpscorpio.se/sv/evenemang/detail/mike-oldfields-tubular-bells/,https://images.unsplash.com/...,2026-10-01,,onsale,Music,Jazz & Blues,Pop,Filadelfia Convention Center,Stockholm,Rörstrandsgatan 5,59.33957573926989,18.034780313277054,Thursday,October,10,2026,
94dfec3e-c6e7-4e67-a986-bde280f94f65,Black Sea Dahu,https://fkpscorpio.se/sv/evenemang/detail/black-sea-dahu/,https://images.unsplash.com/...,2026-10-02,,onsale,Music,Jazz & Blues,Pop,Debaser Nova,Stockholm,Hornstulls strand 4,59.31394613751992,18.03390323113166,Friday,October,10,2026,
0a42dd75-d5f3-4971-bc45-b722d7f8166e,Sean Koch,https://fkpscorpio.se/sv/evenemang/detail/sean-koch/,https://images.unsplash.com/...,2026-10-03,,onsale,Music,Jazz & Blues,Pop,Debaser Nova,Stockholm,Hornstulls strand 4,59.31394613751992,18.03390323113166,Saturday,October,10,2026,
d9201db1-8909-4158-a764-bc1c7e60ce7d,Masood Boomgaard,https://www.eventim.se/event/21084812/?affiliate=FKS,https://images.unsplash.com/...,2026-10-03,,onsale,Arts & Theatre,Film,Stand-up & Spoken Word,Bio Skandia,Stockholm,Drottninggatan 82,59.33543922814329,18.05998276828788,Saturday,October,10,2026,
b7fc312b-387e-469b-be00-a4077dc55ab7,Aterciopelados,https://www.debaser.se/events/aterciopelados,https://images.unsplash.com/...,2026-10-03,,onsale,Music,Jazz & Blues,Pop,Debaser Strand,Stockholm,Hornstulls strand 4,59.31394613751992,18.03390323113166,Saturday,October,10,2026,
1a7f4c9b-7833-47d8-a56e-390b055706a4,The Wonder of Colours – Gothenburg Colourism in a New Light,https://waldemarsudde.se/,https://images.unsplash.com/...,2026-10-03,,onsale,Arts & Theatre,Culture & Arts,Nature & Society,Prins Eugens Waldemarsudde,Stockholm,Prins Eugens väg 6,59.320084168259086,18.11367547983008,Saturday,October,10,2026,
1f439049-88f9-4c14-93ea-a97a435e0b7a,Car boot sale at Liljeholmstorget galleria,https://loppistajm.se/liljeholmen,https://images.unsplash.com/...,2026-10-04,,onsale,Miscellaneous,Conventions & Fairs,Markets,"Liljeholmstorget galleria, p-garaget",Stockholm,Nybohovsbacken 30 (garageinfart),59.30932540880019,18.02411702369531,Sunday,October,10,2026,
47c2905d-3c1d-4f15-9f3d-071430be36e6,Katherine Priddy,https://nalen.com/sv/konsert/katherine-priddy,https://images.unsplash.com/...,2026-10-06,,onsale,Music,Jazz & Blues,Pop,Nalen,Stockholm,Regeringsgatan 74,59.33707030459172,18.067513573014878,Tuesday,October,10,2026,
a5c18cd2-e905-481c-a8fd-12ef79abdf5f,"Magnus Betnér - ""Mellan oss""",https://www.tickster.com/se/p/kulturaktiebolaget/mellan-oss,https://images.unsplash.com/...,2026-10-07,,onsale,Arts & Theatre,Film,Stand-up & Spoken Word,Rival,Stockholm,Mariatorget 3,59.31816735273142,18.063649515651008,Wednesday,October,10,2026,
c6c133d5-63f2-4e93-8a17-6bb2d98aebd6,The Mountain Goats - Live at Nalen,https://nalen.com/en/konsert/the-mountain-goats,https://images.unsplash.com/...,2026-10-07,,onsale,Music,Jazz & Blues,Pop,Nalen,Stockholm,Regeringsgatan 74,59.33713616442869,18.067698777770982,Wednesday,October,10,2026,
6b13a870-c904-4528-86a5-751f8e95a55c,"Havok + Support: Blood Red Throne - Official, XONOR , Eradikated",https://fkpscorpio.se/evenemang/detail/havok/,https://images.unsplash.com/...,2026-10-08,,onsale,Music,Jazz & Blues,Pop,Kollektivet Livet Bar och Scen,Stockholm,Stadsgårdsterminalen,59.3191756,18.0785363,Thursday,October,10,2026,
3eacf8b0-f777-46c7-8d99-692140619688,Donovan Woods,https://fkpscorpio.se/en/events/detail/donovan-woods/,https://images.unsplash.com/...,2026-10-09,,onsale,Music,Jazz & Blues,Pop,Debaser Nova,Stockholm,Hornstulls strand 4,59.31394613751992,18.03390323113166,Friday,October,10,2026,
185e93f7-7364-4d60-9e70-8b45b5447f7c,Stockholm Jazz Festival 2026,https://www.stockholmjazz.se/,https://images.unsplash.com/...,2026-10-09,,onsale,Music,Culture & Arts,,,,"Stockholm, Sweden",59.32932349999999,18.0685808,Friday,October,10,2026,
8c7e13be-82ac-4c2e-8319-976bc7ca18e6,Cat Power - 'The Greatest' 20th Anniversary Tour,https://luger.se/cat-power-2/,https://images.unsplash.com/...,2026-10-09,,onsale,Music,Jazz & Blues,Pop,Fållan,Johanneshov,Hallgränd 19,59.29260140711424,18.07776242599486,Friday,October,10,2026,
6e116a15-d2fe-4f74-9d06-a50e9f35c6db,Jesus Christ Superstar at Kulturhuset Stadsteatern,https://kulturhusetstadsteatern.se/teater/jesus-christ-superstar,https://images.unsplash.com/...,2026-10-09,,onsale,Music,Jazz & Blues,Pop,Kulturhuset Stadsteatern,Stockholm,Sergels Torg,59.332033560108854,18.064930738067613,Friday,October,10,2026,
34f45837-6b21-464c-b312-06a48eeb4d1d,The Delines at Debaser Nova,https://www.debaser.se/events/the-delines,https://images.unsplash.com/...,2026-10-10,,onsale,Music,Jazz & Blues,Pop,Debaser Nova,Stockholm,Hornstulls strand 4,59.31394613751992,18.03390323113166,Saturday,October,10,2026,
4c081eb3-85ce-4bbd-99dc-d924e1a3b740,Nordic APIs Platform Summit 2026,https://nordicapis.com/events/platform-summit-2026/,https://images.unsplash.com/...,2026-10-12,,onsale,Miscellaneous,Miscellaneous,,Clarion Stockholm,Stockholm,Ringvägen 98,59.30733474870553,18.074796692503043,Monday,October,10,2026,
32ebed89-85d3-45e0-986f-2cc089b44606,Marko Hietala at Debaser Nova,https://www.debaser.se/events/marko-hietala,https://images.unsplash.com/...,2026-10-13,,onsale,Music,Jazz & Blues,Pop,Debaser Nova,Stockholm,Hornstulls strand 4,59.31394613751992,18.03390323113166,Tuesday,October,10,2026,
c8e091c4-23da-4e4a-9ba4-1842a47ff2b8,Simple Plan: Bigger Than You Think! Europe Tour 2026,https://www.fallan.nu/whats-on/simple-plan,https://images.unsplash.com/...,2026-10-14,,onsale,Music,Jazz & Blues,Pop,Fållan,Johanneshov,Hallgränd 19,59.29260140711424,18.07776242599486,Wednesday,October,10,2026,
36d6a817-94f0-492d-9ff1-ba9a6c2ac8bf,Disco Inferno,https://krall.se/show/disco-inferno/,https://images.unsplash.com/...,2026-10-16,,onsale,Music,Culture & Arts,,Hamburgers Börs,Stockholm,Jakobsgatan 6,59.33047307624037,18.069188528726443,Friday,October,10,2026,
5a0814fc-609b-4812-85f9-d9b7a17830b2,Grave | Support: Disarray + Imperishable | Debaser Strand,https://www.debaser.se/events/grave,https://images.unsplash.com/...,2026-10-16,,onsale,Music,Jazz & Blues,Pop,Debaser Strand,Stockholm,Hornstulls strand 4,59.31394613751992,18.03390323113166,Friday,October,10,2026,
0c8fb2ff-6e49-4310-9d44-56451a68c351,Joe Bonamassa - Live in Concert,https://aviciiarena.se/evenemang/musik-show/joe-bonamassa/,https://images.unsplash.com/...,2026-10-23,,onsale,Music,Jazz & Blues,Pop,Avicii Arena,Johanneshov,Arenatorget,59.29353277718874,18.083555997467027,Friday,October,10,2026,
eed02cee-6014-45ed-9fd3-4797ea5d1cbb,Europe - Live in Stockholm at B-K,https://www.b-k.se/whats-on/europe,https://images.unsplash.com/...,2026-10-24,,onsale,Music,Jazz & Blues,Pop,B-K,Stockholm,"Frihamnsgatan 14, Stockholm, Sweden",59.34141349999999,18.1190321,Saturday,October,10,2026,
5c1e6df7-8b79-4c2a-93a1-66a04e7999b3,Humanity’s Last Breath + Support: Vildhjarta + Enterprise Earth + Karmanjakah,https://fkpscorpio.se/en/events/detail/humanitys-last-breath/,https://images.unsplash.com/...,2026-10-24,,onsale,Music,Jazz & Blues,Pop,Kollektivet Livet Bar och Scen,Stockholm,Stadsgårdsterminalen,59.3191756,18.0785363,Saturday,October,10,2026,
5bc7bff1-777f-4c1c-9335-d74648e77d30,Car boot sale in Kista galleria parking garage,https://loppistajm.se/kista,https://images.unsplash.com/...,2026-10-25,,onsale,Miscellaneous,Conventions & Fairs,Markets,"Kista galleria, Östra p-huset",Kista,Hanstavägen 30,59.401753660944166,17.947624948782675,Sunday,October,10,2026,
8840d638-eef9-4ec5-9141-382fe8e31e33,"Deep Purple - Live in Stockholm, Avicii Arena",https://www.livenation.se/en/event/deep-purple-stockholm-tickets-edp1635202,https://images.unsplash.com/...,2026-10-26,,onsale,Music,Jazz & Blues,Pop,Avicii Arena,Johanneshov,Arenatorget,59.29353277718874,18.083555997467027,Monday,October,10,2026,
fe669fff-dff2-445c-8e9a-6c2894bf981d,Robyn Hitchcock at Debaser Strand,https://www.debaser.se/events/robyn-hitchcock,https://images.unsplash.com/...,2026-10-28,,onsale,Music,Jazz & Blues,Pop,Debaser Strand,Stockholm,Hornstulls strand 4,59.31394613751992,18.03390323113166,Wednesday,October,10,2026,
25f40101-e08f-49dd-8b15-63ee0ef2d4f9,Mick Harvey & Amanda Acevedo,https://www.debaser.se/events/mick-harvey-amanda-acevedo,https://images.unsplash.com/...,2026-10-29,,onsale,Music,Jazz & Blues,Pop,Debaser Nova,Stockholm,Hornstulls strand 4,59.31394613751992,18.03390323113166,Thursday,October,10,2026,
dcdd10f4-79b6-4043-80c2-a6188c2b5639,Behemoth & Dimmu Borgir – In League with Satan Tour,https://www.livenation.se/event/behemoth-and-dimmu-borgir-in-league-with-satan-tour-2026-stockholm-tickets-edp1639108,https://images.unsplash.com/...,2026-10-29,,onsale,Music,Jazz & Blues,Pop,B-K,Stockholm,"Banan-Kompaniet, Frihamnsgatan, 115 56 Stockholm, Sweden",59.3415309,18.118982,Thursday,October,10,2026,
b748a54f-f9ce-4f7d-a1f3-51092dce0725,Zimmer90 at Debaser Strand,https://www.debaser.se/events/zimmer90-ffbe8,https://images.unsplash.com/...,2026-10-30,,onsale,Music,Jazz & Blues,Pop,Debaser Strand,Stockholm,Hornstulls strand 4,59.31394613751992,18.03390323113166,Friday,October,10,2026,
d9de2d3b-2ee1-4462-9a9d-f9e49abba6a4,Gloryhammer,https://www.eventim.se/event/21069262/?affiliate=FKS,https://images.unsplash.com/...,2026-10-30,,onsale,Music,Jazz & Blues,Pop,Fryshuset Klubben,Stockholm,Mårtensdalsgatan 2-8,59.300923305238086,18.090173210059362,Friday,October,10,2026,
c3b74b46-95ff-4909-a2f6-6ebea23636a3,Dirty Three at Debaser Strand,https://www.debaser.se/events/dirty-three,https://images.unsplash.com/...,2026-10-31,,onsale,Music,Jazz & Blues,Pop,Debaser Strand,Stockholm,Hornstulls strand 4,59.31394613751992,18.03390323113166,Saturday,October,10,2026,
9c8bfb5e-a81f-4f57-8333-bcad68832ca6,Käärijä,https://www.eventim.se/event/21036435/?affiliate=FKS,https://images.unsplash.com/...,2026-11-01,,onsale,Music,Jazz & Blues,Pop,Berns,Stockholm,Näckströmsgatan 8,59.3322865429019,18.073376043733845,Sunday,November,11,2026,
76751237-253f-4f16-9f50-e0e91dca396d,The Witcher In Concert,https://fkpscorpio.se/sv/evenemang/detail/the-witcher-in-concert/,https://images.unsplash.com/...,2026-11-02,,onsale,Music,Jazz & Blues,Pop,Annexet,Johanneshov,Arenatorget,59.29315760196665,18.0818277145792,Monday,November,11,2026,
c1c4b149-3cf2-4f98-b6d3-d74fd2990bb5,Mo Gilligan – The Mo You Know,https://www.gotalejon.se/all-events/mo-gilligan-tickets-ae1000037,https://images.unsplash.com/...,2026-11-04,,onsale,Arts & Theatre,Film,Stand-up & Spoken Word,Göta Lejon,Stockholm,Götgatan 55,59.313838523478985,18.073808849906907,Wednesday,November,11,2026,
973ad868-fe12-48e3-8e51-5d0782df51d5,Bybit Stockholm Open 2026,https://www.stockholmopen.se/en,https://images.unsplash.com/...,2026-11-07,,onsale,Sports,Games & Championships,Races & Competitions,The Royal Tennis Hall,,"Lidingövägen 75, 115 41 Stockholm, Sweden",59.3506508,18.0954609,Saturday,November,11,2026,
2d61dddb-a868-4667-b113-76b03494c163,Ezhel,https://fkpscorpio.se/sv/evenemang/detail/ezhel/,https://images.unsplash.com/...,2026-11-08,,onsale,Music,Jazz & Blues,Pop,Fållan,Johanneshov,Hallgränd 19,59.29266172428274,18.07785198002955,Sunday,November,11,2026,
cba7c7c7-0a6d-4c23-b418-6cb3b6c6ea5f,"Shinedown: DANCE, KID, DANCE ACT II",https://www.livenation.se/event/shinedown-dance-kid-dance-act-ii-stockholm-tickets-edp1651983,https://images.unsplash.com/...,2026-11-09,,onsale,Music,Jazz & Blues,Pop,Annexet,Johanneshov,Arenatorget,59.293488948580354,18.083577455139146,Monday,November,11,2026,
a9f55f50-4e47-474f-84f4-065e8aea6271,Niklas Strömstedt - Tyck OM mig,https://krall.se/show/niklas-stromstedt/,https://images.unsplash.com/...,2026-11-10,,onsale,Music,Jazz & Blues,Pop,Kungliga Operan,Stockholm,Gustav Adolfs torg 2,59.329565567583586,18.069623549501244,Tuesday,November,11,2026,
18cf0d8f-7b93-4444-bbc2-f1a2be045dce,Stockholm International Film Festival 2026,https://www.stockholmfilmfestival.se/en/program?page=1,https://images.unsplash.com/...,2026-11-11,,onsale,Music,Culture & Arts,,,,"Stockholm, Sweden",59.32932349999999,18.0685808,Wednesday,November,11,2026,
df95cef3-fdd0-4490-b5a2-2872a71d37dc,J. Cole – The Fall-Off Tour,https://aviciiarena.se/en/events/music-show/j-cole-the-fall-off-tour/,https://images.unsplash.com/...,2026-11-11,,onsale,Music,Jazz & Blues,Pop,Avicii Arena,Johanneshov,Arenatorget,59.29353277718874,18.083555997467027,Wednesday,November,11,2026,
9f718137-5862-4f56-b071-57f56c10a17a,The Wallflowers,https://luger.se/the-wallflowers/,https://images.unsplash.com/...,2026-11-12,,onsale,Music,Jazz & Blues,Pop,Fållan,Johanneshov,Hallgränd 19,59.29260140711424,18.07776242599486,Thursday,November,11,2026,
63199096-3c90-46b7-8264-57169607864b,Benjamin Ingrosso – What Happens Next?,https://aviciiarena.se/en/events/music-show/benjamin-ingrosso-2/,https://images.unsplash.com/...,2026-11-13,,onsale,Music,Jazz & Blues,Pop,Avicii Arena,Johanneshov,Arenatorget,59.29353277718874,18.083555997467027,Friday,November,11,2026,
fb2a497a-e4af-457f-88f6-d572218644a1,The Sisters of Mercy [UK],https://www.ticketmaster.se/event/1216280129,https://images.unsplash.com/...,2026-11-16,,onsale,Music,Jazz & Blues,Pop,Fållan,Johanneshov,Hallgränd 19,59.29260140711424,18.07776242599486,Monday,November,11,2026,
08227002-1eeb-4d1a-b848-d455133a0f72,GEORG RAGNAR LEVI - FLORA IN TRANSIT,https://www.millesgarden.se/utstallningar/kommande-utstallningar,https://images.unsplash.com/...,2026-11-17,,onsale,Arts & Theatre,Culture & Arts,Nature & Society,Millesgården,Lidingö,Herserudsvägen 32,59.3586028690257,18.122453008835407,Tuesday,November,11,2026,
19eaf97e-cc4f-4288-a8ce-fd2a794531dc,Swedish Christmas Buffet,https://www.ulriksdalsvardshus.se/,https://images.unsplash.com/...,2026-11-17,,onsale,Miscellaneous,Miscellaneous,,Ulriksdals Värdshus,Solna,Ulriksdals Slottspark,59.3893241,18.0162423,Tuesday,November,11,2026,
c2759497-89bc-411e-88ac-53ca9fb1f7f2,"Henrik Hjelt - ""ÄNTLIGEN!""",https://biljett.kulturaktiebolaget.se/sv/kt15064j4pbvu1n/eventsaleclosed?_gl=1%2Atbc2rv%2A_gcl_au%2AMTU1NDg0OTMyOC4xNzcwMDM3OTE2,https://images.unsplash.com/...,2026-11-19,,onsale,Arts & Theatre,Film,Stand-up & Spoken Word,Rival,Stockholm,Mariatorget 3,59.31816735273142,18.063649515651008,Thursday,November,11,2026,
62cc34db-eac3-424d-944f-8e34b7957cf2,Trinix,https://fkpscorpio.se/sv/evenemang/detail/trinix/,https://images.unsplash.com/...,2026-11-20,,onsale,Music,Jazz & Blues,Pop,Kollektivet Livet Bar och Scen,Stockholm,Stadsgårdsterminalen,59.3191756,18.0785363,Friday,November,11,2026,
274113f7-c6a0-4e27-8986-02c558af7954,Westlife 25: The Anniversary World Tour - Avicii Arena,https://aviciiarena.se/en/events/music-show/westlife-2/,https://images.unsplash.com/...,2026-11-20,,onsale,Music,Jazz & Blues,Pop,Avicii Arena,Johanneshov,Arenatorget,59.29353277718874,18.083555997467027,Friday,November,11,2026,
8824559e-07d1-4820-b30a-4540902081af,Amistat,https://fkpscorpio.se/sv/evenemang/detail/amistat/,https://images.unsplash.com/...,2026-11-23,,onsale,Music,Jazz & Blues,Pop,Nalen,Stockholm,Regeringsgatan 74,59.33713616442869,18.067698777770982,Monday,November,11,2026,
c9c1ab29-ab57-487f-b6bd-997e7455b1cd,The Sheepdogs - Out All Night Tour at Nalen,https://nalen.com/en/konsert/the-sheepdogs,https://images.unsplash.com/...,2026-11-25,,onsale,Music,Jazz & Blues,Pop,Nalen,Stockholm,Regeringsgatan 74,59.33713616442869,18.067698777770982,Wednesday,November,11,2026,
1031eb6e-62f9-4009-9925-d9ce9d52923c,Beast in Black,https://www.eventim.se/event/20755769/?affiliate=FKS,https://images.unsplash.com/...,2026-11-25,,onsale,Music,Jazz & Blues,Pop,Fryshuset Arenan,Stockholm,Mårtensdalsgatan 2-8,59.300923305238086,18.090173210059362,Wednesday,November,11,2026,
a94b9099-8d12-4472-961f-9b96aa3d0166,Master Boot Record & Fulci + Support: Arottenbit,https://fkpscorpio.se/en/events/detail/master-boot-record/,https://images.unsplash.com/...,2026-11-26,,onsale,Music,Jazz & Blues,Pop,Kollektivet Livet Bar och Scen,Stockholm,Stadsgårdsterminalen,59.3191756,18.0785363,Thursday,November,11,2026,
d83a21e7-958b-468a-912b-7dcb065972a8,Moon Walker,https://fkpscorpio.se/sv/evenemang/detail/moon-walker/,https://images.unsplash.com/...,2026-11-27,,onsale,Music,Jazz & Blues,Pop,Debaser Strand,Stockholm,Hornstulls strand 4,59.314490078288,18.03233116970061,Friday,November,11,2026,
d403b50e-b001-4e01-a6ad-3a7d23a4c6f1,Victor Leksell,https://aviciiarena.se/evenemang/musik-show/victor-leksell/,https://images.unsplash.com/...,2026-11-28,,onsale,Arts & Theatre,Film,Stand-up & Spoken Word,Avicii Arena,Johanneshov,Arenatorget,59.29353277718874,18.083555997467027,Saturday,November,11,2026,
e0d633f5-2523-4ee3-93e8-4a63595741fb,Any given day,https://secure.tickster.com/21yheebajpvkt3p,https://images.unsplash.com/...,2026-11-28,,onsale,Music,Jazz & Blues,Pop,Kollektivet Livet Bar och Scen,Stockholm,Stadsgårdsterminalen,59.3191756,18.0785363,Saturday,November,11,2026,
df5615ad-fbd1-4784-ae83-f255bd59dcdb,TYSKE LUDDER at Debaser Nova,https://www.debaser.se/events/klubb-dod-presenterar-tyske-ludder,https://images.unsplash.com/...,2026-11-28,,onsale,Music,Jazz & Blues,Pop,Debaser Nova,Stockholm,Hornstulls strand 4,59.31394613751992,18.03390323113166,Saturday,November,11,2026,
24fc620d-7c5a-49aa-840e-5033807f625f,The Hardkiss,https://www.eventim.se/event/20685709/?affiliate=FKS,https://images.unsplash.com/...,2026-11-29,,onsale,Music,Jazz & Blues,Pop,Debaser Strand,Stockholm,"Hornstulls strand 4, Stockholm, Sweden",59.3143864,18.0326629,Sunday,November,11,2026,
c5b01da3-b242-461c-a7ca-e19dfe58bd05,Sweden International Horse Show 2026,https://www.horseshow.se/,https://images.unsplash.com/...,2026-12-03,,onsale,Miscellaneous,Conventions & Fairs,Markets,Strawberry Arena,Solna,Råsta Strandväg 1,59.37227351588852,18.00354253789324,Thursday,December,12,2026,
4087816d-5298-40b5-b8c6-6677926a54db,Ben Folds – Paper Airplane Request Tour,https://www.livenation.se/en/event/ben-folds-paper-airplane-request-tour-stockholm-tickets-edp1639116,https://images.unsplash.com/...,2026-12-06,,onsale,Music,Jazz & Blues,Pop,Göta Lejon,Stockholm,Götgatan 55,59.313838523478985,18.073808849906907,Sunday,December,12,2026,
26e9db4b-cafa-4873-9d53-e09668284025,Allt + Special guests: AVRALIZE + Bite Down,https://fkpscorpio.se/sv/evenemang/detail/allt/,https://images.unsplash.com/...,2026-12-06,,onsale,Music,Jazz & Blues,Pop,Debaser Strand,Stockholm,Hornstulls strand 4,59.31394613751992,18.03390323113166,Sunday,December,12,2026,
2e86e1c7-2de4-43ff-acb7-71d20275455a,Brad Williams: Tall Tales Tour,https://www.livenation.se/en/event/brad-williams-tall-tales-tour-stockholm-tickets-edp1627556,https://images.unsplash.com/...,2026-12-12,,onsale,Arts & Theatre,Film,Stand-up & Spoken Word,Cirkus,Stockholm,Djurgårdsslätten 43-45,59.324617685956476,18.099584878540025,Saturday,December,12,2026,
c4ed11a8-7b8b-4515-a9d0-df2a6f61886d,10cc - Greatest Hits Tour,https://fkpscorpio.se/en/events/detail/10cc/,https://images.unsplash.com/...,2027-02-14,,onsale,Music,Jazz & Blues,Pop,Konserthuset Stockholm,Stockholm,Hötorget 8,59.33493384129133,18.063482631958777,Sunday,February,2,2027,
10936b25-8ac8-43b0-83ba-16d023c9500d,Nour El Refai – Glows in the dark,https://www.kahlo.se/nourelrefai,https://images.unsplash.com/...,2027-02-19,,onsale,Arts & Theatre,Film,Stand-up & Spoken Word,Scalateatern,Stockholm,Wallingatan 32,59.33631756777703,18.053967160197885,Friday,February,2,2027,
a411a26b-9ac3-44d8-8351-c320bd392d45,Lee Rocker,https://www.debaser.se/events/lee-rocker,https://images.unsplash.com/...,2027-02-27,,onsale,Music,Jazz & Blues,Pop,Debaser Strand,Stockholm,Hornstulls strand 4,59.31394613751992,18.03390323113166,Saturday,February,2,2027,
82b57b9a-d2e1-4a77-a1eb-f12d70df8d6d,Sofie Hagen - I Think Some Of This Is My Fault,https://fkpscorpio.se/sv/evenemang/detail/sofie-hagen/,https://images.unsplash.com/...,2027-02-28,,onsale,Arts & Theatre,Film,Stand-up & Spoken Word,Södra Teatern,Stockholm,Mosebacke Torg 1,59.318321370202256,18.07431171558534,Sunday,February,2,2027,
97ed6734-ce82-46a4-a450-7f9cd066453d,One Vision of Queen,https://fkpscorpio.se/en/events/detail/one-vision-of-queen-feat-marc-martel/,https://images.unsplash.com/...,2027-03-08,,onsale,Music,Jazz & Blues,Pop,Annexet,Johanneshov,Arenatorget,59.29315760196665,18.0818277145792,Monday,March,3,2027,
2f6cc56d-2f15-41ef-b3e3-fb364ba13066,Olympiaden,https://folkoperan.se/uppsattningar/olympiaden/,https://images.unsplash.com/...,2027-04-03,,onsale,Music,Jazz & Blues,Pop,Folkoperan,Stockholm,Hornsgatan 72,59.31845330135826,18.05817940181967,Saturday,April,4,2027,
71775336-0f7a-4dd2-aa7a-ff52c54f9d8f,RUSH: Fifty Something,https://www.livenation.se/event/rush-fifty-something-stockholm-tickets-edp1654431,https://images.unsplash.com/...,2027-04-08,,onsale,Music,Jazz & Blues,Pop,Avicii Arena,Johanneshov,Arenatorget,59.29353277718874,18.083555997467027,Thursday,April,4,2027,
eb74a1a3-0a43-424b-a770-7100639ab9ca,The World of Hans Zimmer - A New Dimension,https://fkpscorpio.se/sv/evenemang/detail/the-world-of-hans-zimmer/,https://images.unsplash.com/...,2027-04-22,,onsale,Music,Jazz & Blues,Pop,Avicii Arena,Johanneshov,Arenatorget,59.29315760196665,18.0818277145792,Thursday,April,4,2027,
72c40180-a4df-4ccf-84ac-3578018f6148,Gotland Runt Offshore Race 2027,https://www.ksss.se/gotlandrunt/,https://images.unsplash.com/...,2027-06-25,,onsale,Sports,Games & Championships,Races & Competitions,,Sandhamn,Trovillevägen,59.280030700454844,18.92066163317326,Friday,June,6,2027,
