event_id,name,url,image_url,date,time,status,segment,genre,subgenre,venue_name,venue_city,venue_address,venue_lat,venue_lon,day_of_week,month_name,month_num,year,hour
Z698xZq2Z1k-Fudb3,Svartklubben - Mat & Musik i Mörker,https://www.ticketmaster.se/event/svartklubben-mat--musik-i-morker-biljetter/848343612,https://s1.ticketm.net/dam/a/841/1c1b2a57-616a-4e71-8e64-37d129780841_TABLET_LANDSCAPE_16_9.jpg,2026-04-14,18:00,onsale,Miscellaneous,Food & Drink,Restaurant,Svartklubben,Stockholm,Södermannagatan 27,59.31209,18.08133,Tuesday,April,4,2026,18
Z698xZq2Z1k37ef-A,Eric Idle,https://www.ticketmaster.se/event/eric-idle-always-look-on-the-bright-side-of-life-live-biljetter/484094845,https://s1.ticketm.net/dam/e/d88/0cbf49c5-f18e-4a38-ae44-0dcf61442d88_RECOMENDATION_16_9.jpg,2026-04-14,19:00,onsale,Arts & Theatre,Theatre,Miscellaneous,Cirkus,Stockholm,Djurgårdsslätten 43-45,59.32457,18.09969,Tuesday,April,4,2026,19
Z698xZq2Z16vZ0G9_M,40 Fingers,https://www.ticketmaster.se/event/40-fingers-biljetter/1024317677,https://s1.ticketm.net/dam/e/a38/c01c9483-250c-4c4c-b7f8-bb4829ff1a38_RETINA_LANDSCAPE_16_9.jpg,2026-04-15,19:30,onsale,Music,Rock,Pop,Göta Lejon,Stockholm,Götgatan 55,59.31378,18.07384,Wednesday,April,4,2026,19
Z698xZq2Z16vavQaZx,Amanda Bergman,https://www.ticketmaster.se/event/amanda-bergman-biljetter/1241689022,https://s1.ticketm.net/dam/a/da1/c489a12c-bab8-469b-a9e7-bb7e67754da1_RECOMENDATION_16_9.jpg,2026-04-15,19:30,onsale,Music,Alternative,Indie Pop,Cirkus,Stockholm,Djurgårdsslätten 43-45,59.32457,18.09969,Wednesday,April,4,2026,19
Z698xZq2Z16va-0gjy,Svartklubben - Mat & Musik i Mörker,https://www.ticketmaster.se/event/svartklubben-mat--musik-i-morker-biljetter/1261935739,https://s1.ticketm.net/dam/a/841/1c1b2a57-616a-4e71-8e64-37d129780841_TABLET_LANDSCAPE_16_9.jpg,2026-04-16,18:00,onsale,Arts & Theatre,Theatre,Miscellaneous,Svartklubben,Stockholm,Södermannagatan 27,59.31209,18.08133,Thursday,April,4,2026,18
Z698xZq2Z1k4z847s,MAMMA MIA! THE PARTY,https://www.ticketmaster.se/event/mamma-mia-the-party-biljetter/578415131,https://s1.ticketm.net/dam/e/196/c0ed667f-634b-4ead-8a88-6ac7d2dc2196_CUSTOM.jpg,2026-04-16,18:30,onsale,Arts & Theatre,Theatre,Miscellaneous,Tyrol,Stockholm,Lilla Allmänna Gränd 2,59.324127,18.096259,Thursday,April,4,2026,18
Z698xZq2Z1k-pf_AJ,Efva Lilja - A Life as Right as Rain,https://www.ticketmaster.se/event/efva-lilja-a-life-as-right-as-rain-biljetter/856519166,https://s1.ticketm.net/dam/a/6c1/57bab500-611c-41c9-9715-8cffef9666c1_ARTIST_PAGE_3_2.jpg,2026-04-16,19:00,onsale,Arts & Theatre,Dance,Dance,Dansens Hus Blackbox,Stockholm,Barnhusgatan 12-14,59.33233,18.06293,Thursday,April,4,2026,19
Z698xZq2Z16vua79fV,Bo Kaspers Orkester - Il magnifico,https://www.ticketmaster.se/event/bo-kaspers-orkester-il-magnifico-biljetter/1349117534,https://s1.ticketm.net/dam/e/6be/002872f1-8844-4631-b998-5185ff3226be_EVENT_DETAIL_PAGE_16_9.jpg,2026-04-16,19:30,onsale,Music,Rock,Pop,Göta Lejon,Stockholm,Götgatan 55,59.31378,18.07384,Thursday,April,4,2026,19
Z698xZq2Z1kOVQaJK,Happy Voices under ledning av Gabriel Forss. Gäst: Linnea Henriksson,https://www.ticketmaster.se/event/happy-voices-under-ledning-av-gabriel-forss-gast-linnea-henriksson-biljetter/834689993,https://s1.ticketm.net/dam/e/5b0/8be2d53f-b630-4a54-b485-e4d7422745b0_ARTIST_PAGE_3_2.jpg,2026-04-16,19:30,onsale,Music,Rock,Pop,Filadelfia Convention Center,Stockholm,Rörstrandsgatan 5,59.33948,18.03484,Thursday,April,4,2026,19
Z698xZq2Z1kbe-8GO,& Julia,https://www.ticketmaster.se/event/-julia-biljetter/602850320,https://s1.ticketm.net/dam/a/9d5/39c257d4-fad5-4891-8029-070e011c09d5_TABLET_LANDSCAPE_3_2.jpg,2026-04-16,19:30,onsale,Arts & Theatre,Theatre,Miscellaneous,Cirkus,Stockholm,Djurgårdsslätten 43-45,59.32457,18.09969,Thursday,April,4,2026,19
Z698xZq2Z1k4s-dGU,Guldgruvan comedyklubb,https://www.ticketmaster.se/event/guldgruvan-comedyklubb-biljetter/571843336,https://s1.ticketm.net/dam/a/933/04589563-a8b7-492d-8612-ac299f8d5933_CUSTOM.jpg,2026-04-16,20:00,onsale,Arts & Theatre,Comedy,Comedy,Sofia Common,Stockholm,Bondegatan 57,59.31387,18.09131,Thursday,April,4,2026,20
Z698xZq2Z16v03_ejV,"Maias Party at Spy Bar with Maia, Sun of Malaichi & Shimmer",https://www.ticketmaster.se/event/maias-party-at-spy-bar-with-maia-sun-of-malaichi--shimmer-biljetter/1912642734,https://s1.ticketm.net/dam/e/69f/d0924f84-6afe-40f1-928b-c5c9c27b269f_RETINA_LANDSCAPE_16_9.jpg,2026-04-16,21:00,onsale,Music,Dance/Electronic,Club Dance,Spy Bar,Stockholm,Birger Jarlsgatan 20,59.33655,18.07209,Thursday,April,4,2026,21
Z698xZq2Z16v44q4-S,Labero's Magic World,https://www.ticketmaster.se/event/laberos-magic-world-biljetter/1555755873,https://s1.ticketm.net/dam/a/f00/7a24bdb3-8f78-408b-85aa-125463437f00_TABLET_LANDSCAPE_3_2.jpg,2026-04-17,18:00,onsale,Arts & Theatre,Magic & Illusion,Magic,La Botanica,Stockholm,Tel: 08-751 09 65 - Stjärntorget 2,59.36898,18.00585,Friday,April,4,2026,18
Z698xZq2Z16v_0_600,Svartklubben - Mat & Musik i Mörker,https://www.ticketmaster.se/event/svartklubben-mat--musik-i-morker-biljetter/1664647924,https://s1.ticketm.net/dam/a/841/1c1b2a57-616a-4e71-8e64-37d129780841_TABLET_LANDSCAPE_16_9.jpg,2026-04-17,18:00,onsale,Miscellaneous,Food & Drink,Restaurant,Svartklubben,Stockholm,Södermannagatan 27,59.31209,18.08133,Friday,April,4,2026,18
Z698xZq2Z1kFaqPqP,MAMMA MIA! THE PARTY,https://www.ticketmaster.se/event/mamma-mia-the-party-biljetter/209765765,https://s1.ticketm.net/dam/e/5a1/96b792e6-8fc9-4992-ad64-6b1d795c85a1_SOURCE,2026-04-17,18:30,onsale,Arts & Theatre,Theatre,Musical,Tyrol,Stockholm,Lilla Allmänna Gränd 2,59.324127,18.096259,Friday,April,4,2026,18
Z698xZq2Z16vfO0NCe,Mnozil Brass - 30-årsjubileum!,https://www.ticketmaster.se/event/mnozil-brass-30-arsjubileum-biljetter/1520923382,https://s1.ticketm.net/dam/a/76e/712210b6-d1c1-4e6e-8176-ac77ed58c76e_ARTIST_PAGE_3_2.jpg,2026-04-17,19:00,onsale,Arts & Theatre,Spectacular,Spectacular,Filadelfia Convention Center,Stockholm,Rörstrandsgatan 5,59.33948,18.03484,Friday,April,4,2026,19
Z698xZq2Z1kjFodbP,Efva Lilja - A Life as Right as Rain,https://www.ticketmaster.se/event/efva-lilja-a-life-as-right-as-rain-biljetter/708443625,https://s1.ticketm.net/dam/a/6c1/57bab500-611c-41c9-9715-8cffef9666c1_ARTIST_PAGE_3_2.jpg,2026-04-17,19:00,onsale,Arts & Theatre,Dance,Dance,Dansens Hus Blackbox,Stockholm,Barnhusgatan 12-14,59.33233,18.06293,Friday,April,4,2026,19
Z698xZq2Z16eZPJ3ea,Bo Kaspers Orkester - Il magnifico,https://www.ticketmaster.se/event/bo-kaspers-orkester-il-magnifico-biljetter/2025992089,https://s1.ticketm.net/dam/e/c0c/81e31760-99d5-4ebb-8296-c3cbcad31c0c_RECOMENDATION_16_9.jpg,2026-04-17,19:30,onsale,Arts & Theatre,Spectacular,Spectacular,Göta Lejon,Stockholm,Götgatan 55,59.31378,18.07384,Friday,April,4,2026,19
Z698xZq2Z16v-AfxeA,& Julia,https://www.ticketmaster.se/event/-julia-biljetter/1845522085,https://s1.ticketm.net/dam/a/9d5/39c257d4-fad5-4891-8029-070e011c09d5_TABLET_LANDSCAPE_3_2.jpg,2026-04-17,19:30,onsale,Arts & Theatre,Theatre,Miscellaneous,Cirkus,Stockholm,Djurgårdsslätten 43-45,59.32457,18.09969,Friday,April,4,2026,19
Z698xZq2Z16v1KCd7S,Per Andersson - Kardborreshowen,https://www.ticketmaster.se/event/per-andersson-kardborreshowen-biljetter/1293383133,https://s1.ticketm.net/dam/a/85f/fb6817d8-005d-4dfb-8ac4-5dd636b5785f_ARTIST_PAGE_3_2.jpg,2026-04-17,20:00,onsale,Arts & Theatre,Comedy,Comedy,Rival,Stockholm,Mariatorget 3,59.31816,18.06364,Friday,April,4,2026,20
Z698xZq2Z16vuF43o0,MAFFIA COMEDY SUPERWEEKEND - Elina Du Rietz,https://www.ticketmaster.se/event/maffia-comedy-superweekend-elina-du-rietz-biljetter/1348552464,https://s1.ticketm.net/dam/a/2f9/43412b6f-da4a-4529-afd0-31ba4b1162f9_RECOMENDATION_16_9.jpg,2026-04-17,20:00,onsale,Arts & Theatre,Comedy,Comedy,Clarion Hotel Sign,Stockholm, Östra Järnvägsgatan 35,59.99333,18.89062,Friday,April,4,2026,20
Z698xZq2Z1kQZZg4o,Stadsvandring med Christopher O'Regan - Grändernas hemligheter,https://www.ticketmaster.se/event/stadsvandring-med-christopher-oregan-grandernas-hemligheter-biljetter/680035551,https://s1.ticketm.net/dam/a/506/784570b2-0a86-4a75-8af4-bed7018b7506_CUSTOM.jpg,2026-04-18,11:00,onsale,Miscellaneous,Family,Other,Gamla stan,Stockholm,Slottsbacken,59.3266,18.0709,Saturday,April,4,2026,11
Z698xZq2Z1kxvoxOw,Claire Parsons - Puder,https://www.ticketmaster.se/event/claire-parsons-puder-biljetter/881462832,https://s1.ticketm.net/dam/c/cf0/e3e32db3-adac-486f-b78d-7c8857f8bcf0_106191_RETINA_PORTRAIT_3_2.jpg,2026-04-18,11:00,onsale,Arts & Theatre,Dance,Dance,Dansens Hus Studioscen,Stockholm,Barnhusgatan 12-14,59.33623,18.05644,Saturday,April,4,2026,11
Z698xZq2Z16vbkFU0b,MAMMA MIA! THE PARTY,https://www.ticketmaster.se/event/mamma-mia-the-party-biljetter/1606236918,https://s1.ticketm.net/dam/e/77e/e520232d-227d-4eaf-af18-8fc08ff7577e_TABLET_LANDSCAPE_LARGE_16_9.jpg,2026-04-18,13:00,onsale,Arts & Theatre,Theatre,Miscellaneous,Tyrol,Stockholm,Lilla Allmänna Gränd 2,59.324127,18.096259,Saturday,April,4,2026,13
Z698xZq2Z16vr87bus,Claire Parsons - Puder,https://www.ticketmaster.se/event/claire-parsons-puder-biljetter/1790118371,https://s1.ticketm.net/dam/c/cf0/e3e32db3-adac-486f-b78d-7c8857f8bcf0_106191_RETINA_PORTRAIT_3_2.jpg,2026-04-18,13:00,onsale,Arts & Theatre,Dance,Dance,Dansens Hus Studioscen,Stockholm,Barnhusgatan 12-14,59.33623,18.05644,Saturday,April,4,2026,13
Z698xZq2Z16v7Nv_fI,& Julia,https://www.ticketmaster.se/event/-julia-biljetter/1123059528,https://s1.ticketm.net/dam/a/9d5/39c257d4-fad5-4891-8029-070e011c09d5_TABLET_LANDSCAPE_3_2.jpg,2026-04-18,15:00,onsale,Arts & Theatre,Theatre,Musical,Cirkus,Stockholm,Djurgårdsslätten 43-45,59.32457,18.09969,Saturday,April,4,2026,15
Z698xZq2Z16v-gokaA,Bo Kaspers Orkester - Il magnifico,https://www.ticketmaster.se/event/bo-kaspers-orkester-il-magnifico-biljetter/1875446245,https://s1.ticketm.net/dam/e/654/00b0ebba-d16d-446c-82d8-51deb49f4654_TABLET_LANDSCAPE_16_9.jpg,2026-04-18,16:00,onsale,Music,Rock,Pop,Göta Lejon,Stockholm,Götgatan 55,59.31378,18.07384,Saturday,April,4,2026,16
Z698xZq2Z1kPY_OQ3,Efva Lilja - A Life as Right as Rain,https://www.ticketmaster.se/event/efva-lilja-a-life-as-right-as-rain-biljetter/970660692,https://s1.ticketm.net/dam/a/6c1/57bab500-611c-41c9-9715-8cffef9666c1_ARTIST_PAGE_3_2.jpg,2026-04-18,16:00,onsale,Arts & Theatre,Dance,Dance,Dansens Hus Blackbox,Stockholm,Barnhusgatan 12-14,59.33233,18.06293,Saturday,April,4,2026,16
Z698xZq2Z16vxaaPj9,Per Andersson - Kardborreshowen,https://www.ticketmaster.se/event/per-andersson-kardborreshowen-biljetter/1889265717,https://s1.ticketm.net/dam/a/85f/fb6817d8-005d-4dfb-8ac4-5dd636b5785f_ARTIST_PAGE_3_2.jpg,2026-04-18,17:00,onsale,Arts & Theatre,Comedy,Comedy,Rival,Stockholm,Mariatorget 3,59.31816,18.06364,Saturday,April,4,2026,17
Z698xZq2Z1kAZaO4E,Labero's Magic World,https://www.ticketmaster.se/event/laberos-magic-world-biljetter/140260567,https://s1.ticketm.net/dam/a/f00/7a24bdb3-8f78-408b-85aa-125463437f00_TABLET_LANDSCAPE_3_2.jpg,2026-04-18,18:00,onsale,Miscellaneous,Food & Drink,Food & Drink,La Botanica,Stockholm,Tel: 08-751 09 65 - Stjärntorget 2,59.36898,18.00585,Saturday,April,4,2026,18
Z698xZq2Z1kGy8wo0,Svartklubben - Mat & Musik i Mörker,https://www.ticketmaster.se/event/svartklubben-mat--musik-i-morker-biljetter/339432464,https://s1.ticketm.net/dam/a/841/1c1b2a57-616a-4e71-8e64-37d129780841_TABLET_LANDSCAPE_16_9.jpg,2026-04-18,18:00,onsale,Miscellaneous,Food & Drink,Restaurant,Svartklubben,Stockholm,Södermannagatan 27,59.31209,18.08133,Saturday,April,4,2026,18
Z698xZq2Z16v-xq-P_,LAVA The Scandinavian Tour 2026,https://www.ticketmaster.se/event/lava-the-scandinavian-tour-2026-biljetter/1862761959,https://s1.ticketm.net/dam/e/a20/4ca3d33a-3444-42a1-b29a-0a23f3852a20_CUSTOM.jpg,2026-04-18,19:00,cancelled,Music,Other,Other,Nya Cirkus,Stockholm,Djurgårdsslätten 43-45,59.32458,18.0997,Saturday,April,4,2026,19
Z698xZq2Z1k7kbNZp,"5 Seconds of Summer - EVERYONE'S A STAR! WORLD TOUR, Platinum tickets",https://www.ticketmaster.se/event/5-seconds-of-summer-everyones-a-star-world-tour-platinumbiljetter-biljetter/106623016,https://s1.ticketm.net/dam/a/fc0/23c8d778-e594-414e-8eab-307d6355dfc0_ARTIST_PAGE_3_2.jpg,2026-04-18,19:00,onsale,Music,Rock,Pop,Hovet,Stockholm,,59.33233,18.06293,Saturday,April,4,2026,19
Z698xZq2Z16v7Ax6up,MAMMA MIA! THE PARTY,https://www.ticketmaster.se/event/mamma-mia-the-party-biljetter/1105887356,https://s1.ticketm.net/dam/e/a0d/dd7f8e15-926a-4e43-a4f4-f383a5756a0d_RETINA_PORTRAIT_16_9.jpg,2026-04-18,19:30,onsale,Arts & Theatre,Theatre,Miscellaneous,Tyrol,Stockholm,Lilla Allmänna Gränd 2,59.324127,18.096259,Saturday,April,4,2026,19
Z698xZq2Z16vx7b60A,Bo Kaspers Orkester - Il magnifico,https://www.ticketmaster.se/event/bo-kaspers-orkester-il-magnifico-biljetter/1884607905,https://s1.ticketm.net/dam/e/f31/df352019-8f20-4acd-ab2c-3426285adf31_RETINA_LANDSCAPE_16_9.jpg,2026-04-18,19:30,onsale,Arts & Theatre,Spectacular,Spectacular,Göta Lejon,Stockholm,Götgatan 55,59.31378,18.07384,Saturday,April,4,2026,19
Z698xZq2Z1kvUjsoF,& Julia,https://www.ticketmaster.se/event/-julia-biljetter/76731448,https://s1.ticketm.net/dam/a/9d5/39c257d4-fad5-4891-8029-070e011c09d5_TABLET_LANDSCAPE_3_2.jpg,2026-04-18,19:30,onsale,Arts & Theatre,Theatre,Musical,Cirkus,Stockholm,Djurgårdsslätten 43-45,59.32457,18.09969,Saturday,April,4,2026,19
Z698xZq2Z16vG37VFY,MAFFIA COMEDY SUPERWEEKEND - Elina Du Rietz,https://www.ticketmaster.se/event/maffia-comedy-superweekend-elina-du-rietz-biljetter/1312134230,https://s1.ticketm.net/dam/a/2f9/43412b6f-da4a-4529-afd0-31ba4b1162f9_RECOMENDATION_16_9.jpg,2026-04-18,20:00,onsale,Arts & Theatre,Comedy,Comedy,Clarion Hotel Sign,Stockholm, Östra Järnvägsgatan 35,59.99333,18.89062,Saturday,April,4,2026,20
Z698xZq2Z16vuIAyaF,Per Andersson - Kardborreshowen,https://www.ticketmaster.se/event/per-andersson-kardborreshowen-biljetter/1368179248,https://s1.ticketm.net/dam/a/85f/fb6817d8-005d-4dfb-8ac4-5dd636b5785f_ARTIST_PAGE_3_2.jpg,2026-04-18,20:00,onsale,Arts & Theatre,Comedy,Comedy,Rival,Stockholm,Mariatorget 3,59.31816,18.06364,Saturday,April,4,2026,20
Z698xZq2Z16vFFozj0,& Julia,https://www.ticketmaster.se/event/-julia-biljetter/1208478724,https://s1.ticketm.net/dam/a/9d5/39c257d4-fad5-4891-8029-070e011c09d5_TABLET_LANDSCAPE_3_2.jpg,2026-04-19,15:00,onsale,Arts & Theatre,Theatre,Musical,Cirkus,Stockholm,Djurgårdsslätten 43-45,59.32457,18.09969,Sunday,April,4,2026,15
Z698xZq2Z1kaPZUZN,Christopher Cross,https://www.ticketmaster.se/event/christopher-cross-biljetter/265036023,https://s1.ticketm.net/dam/e/ebc/f9ec9170-cedf-479e-a772-ea73c4f07ebc_TABLET_LANDSCAPE_LARGE_16_9.jpg,2026-04-20,19:00,onsale,Music,Other,Other,Cirkus,Stockholm,Djurgårdsslätten 43-45,59.32457,18.09969,Monday,April,4,2026,19
Z698xZq2Z16vAgbJjd,"Matt Rife: Stay Golden World Tour, Platinum Tickets",https://www.ticketmaster.se/event/matt-rife-stay-golden-world-tour-platinumbiljetter-biljetter/1175626703,https://s1.ticketm.net/dam/a/0c9/ca006906-7ad8-4113-ba63-f20659fd30c9_TABLET_LANDSCAPE_3_2.jpg,2026-04-20,19:30,onsale,Arts & Theatre,Comedy,Comedy,Avicii Arena,Stockholm,Globentorget 2,59.29416,18.08081,Monday,April,4,2026,19
Z698xZq2Z1kx9Fbb_,Svartklubben - Mat & Musik i Mörker,https://www.ticketmaster.se/event/svartklubben-mat--musik-i-morker-biljetter/897218619,https://s1.ticketm.net/dam/a/841/1c1b2a57-616a-4e71-8e64-37d129780841_TABLET_LANDSCAPE_16_9.jpg,2026-04-21,18:00,onsale,Arts & Theatre,Theatre,Miscellaneous,Svartklubben,Stockholm,Södermannagatan 27,59.31209,18.08133,Tuesday,April,4,2026,18
Z698xZq2Z16vjZPaOs,Rhythm of the Dance,https://www.ticketmaster.se/event/rhythm-of-the-dance-biljetter/1700949831,https://s1.ticketm.net/dam/e/0ee/03d1602c-7a6a-4df6-937f-a5a8241bc0ee_SOURCE,2026-04-21,19:00,onsale,Arts & Theatre,Dance,Dance,Cirkus,Stockholm,Djurgårdsslätten 43-45,59.32457,18.09969,Tuesday,April,4,2026,19
Z698xZq2Z1kqkAAJo,Stödkonsert för Ukraina: Borys Ljatosjynsky,https://www.ticketmaster.se/event/stodkonsert-for-ukraina-borys-ljatosjynsky-biljetter/746145991,https://s1.ticketm.net/dam/a/c23/43c3d863-3ce7-4868-973f-009502841c23_TABLET_LANDSCAPE_16_9.jpg,2026-04-21,19:00,onsale,Arts & Theatre,Theatre,Miscellaneous,Allhelgonakyrkan,Stockholm,Helgalunden 9,59.30982,18.07379,Tuesday,April,4,2026,19
Z698xZq2Z16v44ZpGY,Medborgare Nûjen,https://www.ticketmaster.se/event/medborgare-nujen-biljetter/1555016330,https://s1.ticketm.net/dam/e/592/0f2aedda-b6a8-45a3-b906-2c2d4ac2c592_TABLET_LANDSCAPE_16_9.jpg,2026-04-21,19:30,onsale,Arts & Theatre,Comedy,Comedy,Rival,Stockholm,Mariatorget 3,59.31816,18.06364,Tuesday,April,4,2026,19
Z698xZq2Z16v-z0gPV,GöteborgsOperans Danskompani - Little Concert,https://www.ticketmaster.se/event/goteborgsoperans-danskompani-little-concert-biljetter/1878935974,https://s1.ticketm.net/dam/a/e9c/fdad61e3-9f19-412f-9ca3-3749b72e7e9c_TABLET_LANDSCAPE_LARGE_16_9.jpg,2026-04-22,18:00,onsale,Arts & Theatre,Dance,Dance,Dansens Hus Studioscen,Stockholm,Barnhusgatan 12-14,59.33623,18.05644,Wednesday,April,4,2026,18
Z698xZq2Z16v0fAoPs,Svartklubben - Mat och standup i mörker,https://www.ticketmaster.se/event/svartklubben-mat-och-standup-i-morker-biljetter/1914151971,https://s1.ticketm.net/dam/a/841/1c1b2a57-616a-4e71-8e64-37d129780841_TABLET_LANDSCAPE_16_9.jpg,2026-04-22,18:00,onsale,Miscellaneous,Food & Drink,Restaurant,Svartklubben,Stockholm,Södermannagatan 27,59.31209,18.08133,Wednesday,April,4,2026,18
Z698xZq2Z16vZO4VuF,"Sissela Kyle ""Min Föreställning Om Mamma""",https://www.ticketmaster.se/event/sissela-kyle-min-forestallning-om-mamma-biljetter/1020574348,https://s1.ticketm.net/dam/a/9c2/2a0ef8c5-2686-46b8-8965-12ee791b79c2_RETINA_LANDSCAPE_16_9.jpg,2026-04-22,18:00,onsale,Arts & Theatre,Comedy,Comedy,Cirkus,Stockholm,Djurgårdsslätten 43-45,59.32457,18.09969,Wednesday,April,4,2026,18
Z698xZq2Z16vG9PV0t,Scott Bradlee’s Postmodern Jukebox - The Future Is Vintage Tour 2026,https://www.ticketmaster.se/event/scott-bradlees-postmodern-jukebox-the-future-is-vintage-tour-2026-biljetter/1317974929,https://s1.ticketm.net/dam/a/fe6/d40e50d5-65d7-4e26-855d-6dbdb0494fe6_SOURCE,2026-04-22,19:30,onsale,Music,Blues,Jazz Blues,Göta Lejon,Stockholm,Götgatan 55,59.31378,18.07384,Wednesday,April,4,2026,19
Z698xZq2Z16vZ9PNft,Medborgare Nûjen,https://www.ticketmaster.se/event/medborgare-nujen-biljetter/1017963529,https://s1.ticketm.net/dam/e/360/d4e8a2bf-04c6-479e-975a-28578b888360_EVENT_DETAIL_PAGE_16_9.jpg,2026-04-22,19:30,onsale,Arts & Theatre,Comedy,Comedy,Rival,Stockholm,Mariatorget 3,59.31816,18.06364,Wednesday,April,4,2026,19
Z698xZq2Z16vuEr4qN,Svartklubben - Mat & Musik i Mörker,https://www.ticketmaster.se/event/svartklubben-mat--musik-i-morker-biljetter/1367795763,https://s1.ticketm.net/dam/a/841/1c1b2a57-616a-4e71-8e64-37d129780841_TABLET_LANDSCAPE_16_9.jpg,2026-04-23,18:00,onsale,Arts & Theatre,Theatre,Miscellaneous,Svartklubben,Stockholm,Södermannagatan 27,59.31209,18.08133,Thursday,April,4,2026,18
Z698xZq2Z1k_MZ00f,GöteborgsOperans Danskompani - Little Concert,https://www.ticketmaster.se/event/goteborgsoperans-danskompani-little-concert-biljetter/677024914,https://s1.ticketm.net/dam/a/e9c/fdad61e3-9f19-412f-9ca3-3749b72e7e9c_TABLET_LANDSCAPE_LARGE_16_9.jpg,2026-04-23,18:00,onsale,Arts & Theatre,Dance,Dance,Dansens Hus Studioscen,Stockholm,Barnhusgatan 12-14,59.33623,18.05644,Thursday,April,4,2026,18
Z698xZq2Z16vj_edo8,MAMMA MIA! THE PARTY,https://www.ticketmaster.se/event/mamma-mia-the-party-biljetter/1719083450,https://s1.ticketm.net/dam/e/20f/5ed3d767-833a-4037-887d-ec646e72c20f_RETINA_PORTRAIT_3_2.jpg,2026-04-23,18:30,onsale,Arts & Theatre,Theatre,Musical,Tyrol,Stockholm,Lilla Allmänna Gränd 2,59.324127,18.096259,Thursday,April,4,2026,18
Z698xZq2Z16vaAvNG-,Bo Kaspers Orkester - Il magnifico,https://www.ticketmaster.se/event/bo-kaspers-orkester-il-magnifico-biljetter/1245063321,https://s1.ticketm.net/dam/e/646/a9f4701e-0828-4e04-bc82-99800f465646_TABLET_LANDSCAPE_3_2.jpg,2026-04-23,19:30,onsale,Music,Rock,Pop,Göta Lejon,Stockholm,Götgatan 55,59.31378,18.07384,Thursday,April,4,2026,19
Z698xZq2Z16vbfk_GM,& Julia,https://www.ticketmaster.se/event/-julia-biljetter/1614199337,https://s1.ticketm.net/dam/a/9d5/39c257d4-fad5-4891-8029-070e011c09d5_TABLET_LANDSCAPE_3_2.jpg,2026-04-23,19:30,onsale,Arts & Theatre,Theatre,Miscellaneous,Cirkus,Stockholm,Djurgårdsslätten 43-45,59.32457,18.09969,Thursday,April,4,2026,19
Z698xZq2Z16v-JZ7fb,Guldgruvan comedyklubb,https://www.ticketmaster.se/event/guldgruvan-comedyklubb-biljetter/1866004518,https://s1.ticketm.net/dam/a/933/04589563-a8b7-492d-8612-ac299f8d5933_CUSTOM.jpg,2026-04-23,20:00,onsale,Arts & Theatre,Comedy,Comedy,Sofia Common,Stockholm,Bondegatan 57,59.31387,18.09131,Thursday,April,4,2026,20
Z698xZq2Z16vQ6uMPI,Former Child & Asullah + Claire Soukup + Gedz + Monochrome + Ängla,https://www.ticketmaster.se/event/former-child--asullah--claire-soukup--gedz--monochrome--angla-biljetter/1687377968,https://s1.ticketm.net/dam/e/695/e8eb16f1-d55d-4d23-815f-b976ed1cc695_RETINA_PORTRAIT_3_2.jpg,2026-04-23,21:00,onsale,Music,Dance/Electronic,Club Dance,Spy Bar,Stockholm,Birger Jarlsgatan 20,59.33655,18.07209,Thursday,April,4,2026,21
Z698xZq2Z16ev6GNZP,Svartklubben - Mat & Musik i Mörker,https://www.ticketmaster.se/event/svartklubben-mat--musik-i-morker-biljetter/2047323025,https://s1.ticketm.net/dam/a/841/1c1b2a57-616a-4e71-8e64-37d129780841_TABLET_LANDSCAPE_16_9.jpg,2026-04-24,18:00,onsale,Arts & Theatre,Theatre,Miscellaneous,Svartklubben,Stockholm,Södermannagatan 27,59.31209,18.08133,Friday,April,4,2026,18
Z698xZq2Z1kCFGaAs,Labero's Magic World,https://www.ticketmaster.se/event/laberos-magic-world-biljetter/388309171,https://s1.ticketm.net/dam/a/f00/7a24bdb3-8f78-408b-85aa-125463437f00_TABLET_LANDSCAPE_3_2.jpg,2026-04-24,18:00,onsale,Arts & Theatre,Magic & Illusion,Magic,La Botanica,Stockholm,Tel: 08-751 09 65 - Stjärntorget 2,59.36898,18.00585,Friday,April,4,2026,18
Z698xZq2Z16vapqIf-,Teorin om relativitet,https://www.ticketmaster.se/event/teorin-om-relativitet-biljetter/1256768521,https://s1.ticketm.net/dam/e/778/7ea14c88-c503-4141-a3b3-9fbcd4af9778_RETINA_PORTRAIT_16_9.jpg,2026-04-24,18:30,onsale,Arts & Theatre,Dance,Dance,Scen Studio Fyra,Stockholm,Birger Jarlsgatan 70,59.34322,18.06386,Friday,April,4,2026,18
Z698xZq2Z1kjFjJeK,MAMMA MIA! THE PARTY,https://www.ticketmaster.se/event/mamma-mia-the-party-biljetter/708726093,https://s1.ticketm.net/dam/e/8af/5f0a9f26-3732-47ab-bc36-d652b6ceb8af_TABLET_LANDSCAPE_3_2.jpg,2026-04-24,18:30,onsale,Arts & Theatre,Theatre,Miscellaneous,Tyrol,Stockholm,Lilla Allmänna Gränd 2,59.324127,18.096259,Friday,April,4,2026,18
Z698xZq2Z16v1dj0bf, Bachs samtliga sonater och partitor för violin - Konsert 1,https://www.ticketmaster.se/event/-bachs-samtliga-sonater-och-partitor-for-violin-konsert-1-biljetter/1283724614,https://s1.ticketm.net/dam/a/c23/43c3d863-3ce7-4868-973f-009502841c23_TABLET_LANDSCAPE_16_9.jpg,2026-04-24,19:00,onsale,Arts & Theatre,Classical,Classical/Vocal,Allhelgonakyrkan,Stockholm,Helgalunden 9,59.30982,18.07379,Friday,April,4,2026,19
Z698xZq2Z16v4I0Ejx,This is the moment - En historisk musikalresa i tiden,https://www.ticketmaster.se/event/this-is-the-moment-en-historisk-musikalresa-i-tiden-biljetter/1568927722,https://s1.ticketm.net/dam/e/9b5/125650d8-d90d-4ee5-9b52-1654f665e9b5_RETINA_PORTRAIT_16_9.jpg,2026-04-24,19:00,onsale,Arts & Theatre,Theatre,Drama,Nya Cirkus,Stockholm,Djurgårdsslätten 43-45,59.32458,18.0997,Friday,April,4,2026,19
Z698xZq2Z16vvEjSqz,GöteborgsOperans Danskompani - Hammer,https://www.ticketmaster.se/event/goteborgsoperans-danskompani-hammer-biljetter/1067733778,https://s1.ticketm.net/dam/a/b1c/4622c629-ae9f-4db6-8129-64a516cc1b1c_RETINA_PORTRAIT_3_2.jpg,2026-04-24,19:00,onsale,Arts & Theatre,Dance,Dance,Dansens Hus - Stora Scen,Stockholm,Barnhusgatan 12-14,59.33623,18.05644,Friday,April,4,2026,19
Z698xZq2Z1k4t33Pb,Bo Kaspers Orkester - Il magnifico,https://www.ticketmaster.se/event/bo-kaspers-orkester-il-magnifico-biljetter/569492958,https://s1.ticketm.net/dam/e/2ed/bafdf867-a735-405e-9a04-e748ebd332ed_RECOMENDATION_16_9.jpg,2026-04-24,19:30,onsale,Music,Rock,Pop,Göta Lejon,Stockholm,Götgatan 55,59.31378,18.07384,Friday,April,4,2026,19
Z698xZq2Z1ka64O4z,& Julia,https://www.ticketmaster.se/event/-julia-biljetter/247560578,https://s1.ticketm.net/dam/a/9d5/39c257d4-fad5-4891-8029-070e011c09d5_TABLET_LANDSCAPE_3_2.jpg,2026-04-24,19:30,onsale,Arts & Theatre,Theatre,Miscellaneous,Cirkus,Stockholm,Djurgårdsslätten 43-45,59.32457,18.09969,Friday,April,4,2026,19
Z698xZq2Z16vAse_Ap,Per Andersson - Kardborreshowen,https://www.ticketmaster.se/event/per-andersson-kardborreshowen-biljetter/1171099156,https://s1.ticketm.net/dam/a/85f/fb6817d8-005d-4dfb-8ac4-5dd636b5785f_ARTIST_PAGE_3_2.jpg,2026-04-24,20:00,onsale,Arts & Theatre,Comedy,Comedy,Rival,Stockholm,Mariatorget 3,59.31816,18.06364,Friday,April,4,2026,20
Z698xZq2Z1k84ZKON,MAFFIA COMEDY SUPERWEEKEND med Simon Garshasebi m.fl,https://www.ticketmaster.se/event/maffia-comedy-superweekend-med-simon-garshasebi-mfl-biljetter/415013823,https://s1.ticketm.net/dam/a/2f9/43412b6f-da4a-4529-afd0-31ba4b1162f9_RECOMENDATION_16_9.jpg,2026-04-24,20:00,onsale,Arts & Theatre,Comedy,Comedy,Clarion Hotel Sign,Stockholm, Östra Järnvägsgatan 35,59.99333,18.89062,Friday,April,4,2026,20
Z698xZq2Z1kqFbY0t,Innellea (DJ Set),https://www.ticketmaster.se/event/innellea-dj-set--biljetter/748630929,https://s1.ticketm.net/dam/e/683/3776bd48-f855-4a3d-8580-7332c0bcf683_RETINA_LANDSCAPE_16_9.jpg,2026-04-24,22:00,onsale,Music,Dance/Electronic,Dance/Electronic,Berns,Stockholm,Berzelii Park,59.33226,18.07509,Friday,April,4,2026,22
Z698xZq2Z16vo9jNuO,Stadsvandring med Christopher O'Regan - Grändernas hemligheter,https://www.ticketmaster.se/event/stadsvandring-med-christopher-oregan-grandernas-hemligheter-biljetter/1457723360,https://s1.ticketm.net/dam/a/506/784570b2-0a86-4a75-8af4-bed7018b7506_CUSTOM.jpg,2026-04-25,11:00,onsale,Miscellaneous,Fairs & Festivals,Fairs & Festivals,Gamla stan,Stockholm,Slottsbacken,59.3266,18.0709,Saturday,April,4,2026,11
Z698xZq2Z1kFNPIoO,MAMMA MIA! THE PARTY,https://www.ticketmaster.se/event/mamma-mia-the-party-biljetter/223968460,https://s1.ticketm.net/dam/e/f0e/6b5807c3-3d8d-41ec-9b23-eff5c5bb0f0e_RETINA_PORTRAIT_3_2.jpg,2026-04-25,13:00,onsale,Arts & Theatre,Theatre,Miscellaneous,Tyrol,Stockholm,Lilla Allmänna Gränd 2,59.324127,18.096259,Saturday,April,4,2026,13
Z698xZq2Z16vbY4s0b,Teorin om relativitet,https://www.ticketmaster.se/event/teorin-om-relativitet-biljetter/1630571918,https://s1.ticketm.net/dam/e/f7f/f4b65f98-d479-4bbf-bc61-6d9ab8d70f7f_RETINA_PORTRAIT_16_9.jpg,2026-04-25,14:00,onsale,Arts & Theatre,Dance,Dance,Scen Studio Fyra,Stockholm,Birger Jarlsgatan 70,59.34322,18.06386,Saturday,April,4,2026,14
Z698xZq2Z1kpaF7P6,& Julia,https://www.ticketmaster.se/event/-julia-biljetter/589204947,https://s1.ticketm.net/dam/a/9d5/39c257d4-fad5-4891-8029-070e011c09d5_TABLET_LANDSCAPE_3_2.jpg,2026-04-25,15:00,onsale,Arts & Theatre,Theatre,Miscellaneous,Cirkus,Stockholm,Djurgårdsslätten 43-45,59.32457,18.09969,Saturday,April,4,2026,15
Z698xZq2Z1kPaJfF8,Bo Kaspers Orkester - Il magnifico,https://www.ticketmaster.se/event/bo-kaspers-orkester-il-magnifico-biljetter/949994210,https://s1.ticketm.net/dam/e/529/6b468932-850d-4029-ac23-54faffc2b529_TABLET_LANDSCAPE_3_2.jpg,2026-04-25,16:00,onsale,Arts & Theatre,Spectacular,Spectacular,Göta Lejon,Stockholm,Götgatan 55,59.31378,18.07384,Saturday,April,4,2026,16
Z698xZq2Z16vqFPbe_,Per Andersson - Kardborreshowen,https://www.ticketmaster.se/event/per-andersson-kardborreshowen-biljetter/1748958099,https://s1.ticketm.net/dam/a/85f/fb6817d8-005d-4dfb-8ac4-5dd636b5785f_ARTIST_PAGE_3_2.jpg,2026-04-25,17:00,onsale,Arts & Theatre,Comedy,Comedy,Rival,Stockholm,Mariatorget 3,59.31816,18.06364,Saturday,April,4,2026,17
Z698xZq2Z1kk74feF,Teorin om relativitet,https://www.ticketmaster.se/event/teorin-om-relativitet-biljetter/184554088,https://s1.ticketm.net/dam/e/f9d/b64cb75c-c349-4537-945a-a2c0e6076f9d_RETINA_PORTRAIT_3_2.jpg,2026-04-25,17:00,onsale,Arts & Theatre,Dance,Dance,Scen Studio Fyra,Stockholm,Birger Jarlsgatan 70,59.34322,18.06386,Saturday,April,4,2026,17
Z698xZq2Z16v-7v0J3, Bachs samtliga sonater och partitor för violin - Konsert 2,https://www.ticketmaster.se/event/-bachs-samtliga-sonater-och-partitor-for-violin-konsert-2-biljetter/1844064992,https://s1.ticketm.net/dam/a/c23/43c3d863-3ce7-4868-973f-009502841c23_TABLET_LANDSCAPE_16_9.jpg,2026-04-25,18:00,onsale,Arts & Theatre,Theatre,Miscellaneous,Allhelgonakyrkan,Stockholm,Helgalunden 9,59.30982,18.07379,Saturday,April,4,2026,18
Z698xZq2Z16v0gFExb,Svartklubben - Mat & Musik i Mörker,https://www.ticketmaster.se/event/svartklubben-mat--musik-i-morker-biljetter/1935227898,https://s1.ticketm.net/dam/a/841/1c1b2a57-616a-4e71-8e64-37d129780841_TABLET_LANDSCAPE_16_9.jpg,2026-04-25,18:00,onsale,Arts & Theatre,Theatre,Miscellaneous,Svartklubben,Stockholm,Södermannagatan 27,59.31209,18.08133,Saturday,April,4,2026,18
Z698xZq2Z16vfJfUJ3,Labero's Magic World,https://www.ticketmaster.se/event/laberos-magic-world-biljetter/1526536992,https://s1.ticketm.net/dam/a/f00/7a24bdb3-8f78-408b-85aa-125463437f00_TABLET_LANDSCAPE_3_2.jpg,2026-04-25,18:00,onsale,Arts & Theatre,Magic & Illusion,Magic,La Botanica,Stockholm,Tel: 08-751 09 65 - Stjärntorget 2,59.36898,18.00585,Saturday,April,4,2026,18
Z698xZq2Z16vjJApef,This is the moment - En historisk musikalresa i tiden,https://www.ticketmaster.se/event/this-is-the-moment-en-historisk-musikalresa-i-tiden-biljetter/1726156094,https://s1.ticketm.net/dam/e/642/2a8c7023-ac0c-4ffa-b0d0-a0745890e642_EVENT_DETAIL_PAGE_16_9.jpg,2026-04-25,18:00,onsale,Arts & Theatre,Theatre,Drama,Nya Cirkus,Stockholm,Djurgårdsslätten 43-45,59.32458,18.0997,Saturday,April,4,2026,18
Z698xZq2Z1k0zOfa-,GöteborgsOperans Danskompani - Hammer,https://www.ticketmaster.se/event/goteborgsoperans-danskompani-hammer-biljetter/938814261,https://s1.ticketm.net/dam/a/b1c/4622c629-ae9f-4db6-8129-64a516cc1b1c_RETINA_PORTRAIT_3_2.jpg,2026-04-25,19:00,onsale,Arts & Theatre,Dance,Dance,Dansens Hus - Stora Scen,Stockholm,Barnhusgatan 12-14,59.33623,18.05644,Saturday,April,4,2026,19
Z698xZq2Z16vFFaVxo,Bo Kaspers Orkester - Il magnifico,https://www.ticketmaster.se/event/bo-kaspers-orkester-il-magnifico-biljetter/1208274891,https://s1.ticketm.net/dam/e/5ac/279d4ca5-e9b6-4af5-b39f-9d549c7ac5ac_RECOMENDATION_16_9.jpg,2026-04-25,19:30,onsale,Arts & Theatre,Spectacular,Spectacular,Göta Lejon,Stockholm,Götgatan 55,59.31378,18.07384,Saturday,April,4,2026,19
Z698xZq2Z16vea_0e8,MAMMA MIA! THE PARTY,https://www.ticketmaster.se/event/mamma-mia-the-party-biljetter/1089664090,https://s1.ticketm.net/dam/e/3b6/7dc5297e-7504-4232-b7b5-84385892b3b6_EVENT_DETAIL_PAGE_16_9.jpg,2026-04-25,19:30,onsale,Arts & Theatre,Theatre,Miscellaneous,Tyrol,Stockholm,Lilla Allmänna Gränd 2,59.324127,18.096259,Saturday,April,4,2026,19
Z698xZq2Z1k7dudv0,& Julia,https://www.ticketmaster.se/event/-julia-biljetter/103343064,https://s1.ticketm.net/dam/a/9d5/39c257d4-fad5-4891-8029-070e011c09d5_TABLET_LANDSCAPE_3_2.jpg,2026-04-25,19:30,onsale,Arts & Theatre,Theatre,Miscellaneous,Cirkus,Stockholm,Djurgårdsslätten 43-45,59.32457,18.09969,Saturday,April,4,2026,19
Z698xZq2Z16vF-jObN,Aleks: Tillsammans,https://www.ticketmaster.se/event/aleks-tillsammans-biljetter/1221720623,https://s1.ticketm.net/dam/e/a03/800404f6-14b4-4d9e-a324-84b03093ca03_TABLET_LANDSCAPE_3_2.jpg,2026-04-25,20:00,rescheduled,Music,Hip-Hop/Rap,Hip-Hop/Rap,Vasateatern,Stockholm,Vasagatan 19,59.3342,18.05586,Saturday,April,4,2026,20
Z698xZq2Z16vZS3Keo,Per Andersson - Kardborreshowen,https://www.ticketmaster.se/event/per-andersson-kardborreshowen-biljetter/1033493091,https://s1.ticketm.net/dam/a/85f/fb6817d8-005d-4dfb-8ac4-5dd636b5785f_ARTIST_PAGE_3_2.jpg,2026-04-25,20:00,onsale,Arts & Theatre,Comedy,Comedy,Rival,Stockholm,Mariatorget 3,59.31816,18.06364,Saturday,April,4,2026,20
Z698xZq2Z1kFV_J38,MAFFIA COMEDY SUPERWEEKEND med Simon Garshasebi m.fl,https://www.ticketmaster.se/event/maffia-comedy-superweekend-med-simon-garshasebi-mfl-biljetter/234666490,https://s1.ticketm.net/dam/a/2f9/43412b6f-da4a-4529-afd0-31ba4b1162f9_RECOMENDATION_16_9.jpg,2026-04-25,20:00,onsale,Arts & Theatre,Comedy,Comedy,Clarion Hotel Sign,Stockholm, Östra Järnvägsgatan 35,59.99333,18.89062,Saturday,April,4,2026,20
Z698xZq2Z1k-A7Z4d,& Julia,https://www.ticketmaster.se/event/-julia-biljetter/845100543,https://s1.ticketm.net/dam/a/9d5/39c257d4-fad5-4891-8029-070e011c09d5_TABLET_LANDSCAPE_3_2.jpg,2026-04-26,15:00,onsale,Arts & Theatre,Theatre,Musical,Cirkus,Stockholm,Djurgårdsslätten 43-45,59.32457,18.09969,Sunday,April,4,2026,15
Z698xZq2Z1kFPvfqK,Teorin om relativitet,https://www.ticketmaster.se/event/teorin-om-relativitet-biljetter/225054753,https://s1.ticketm.net/dam/e/8fb/b3e51140-138d-4adf-aac3-3aa67609d8fb_RETINA_PORTRAIT_16_9.jpg,2026-04-26,15:00,onsale,Arts & Theatre,Dance,Dance,Scen Studio Fyra,Stockholm,Birger Jarlsgatan 70,59.34322,18.06386,Sunday,April,4,2026,15
Z698xZq2Z1kap8fQf,GöteborgsOperans Danskompani - Hammer,https://www.ticketmaster.se/event/goteborgsoperans-danskompani-hammer-biljetter/256414694,https://s1.ticketm.net/dam/a/b1c/4622c629-ae9f-4db6-8129-64a516cc1b1c_RETINA_PORTRAIT_3_2.jpg,2026-04-26,15:00,onsale,Arts & Theatre,Dance,Dance,Dansens Hus - Stora Scen,Stockholm,Barnhusgatan 12-14,59.33623,18.05644,Sunday,April,4,2026,15
Z698xZq2Z1kx_u83f,Visioner,https://www.ticketmaster.se/event/visioner-biljetter/899350494,https://s1.ticketm.net/dam/a/5fd/59a6952f-ea4d-4341-8b7c-55df03d7d5fd_CUSTOM.jpg,2026-04-26,17:00,onsale,Arts & Theatre,Theatre,Miscellaneous,Engelbrektskyrkan,Stockholm,Östermalmsgatan 20,59.34429,18.06766,Sunday,April,4,2026,17
Z698xZq2Z16eedvVfJ,Bach och Mozart med kör och orkester,https://www.ticketmaster.se/event/bach-och-mozart-med-kor-och-orkester-biljetter/2083074526,https://s1.ticketm.net/dam/a/c23/43c3d863-3ce7-4868-973f-009502841c23_TABLET_LANDSCAPE_16_9.jpg,2026-04-26,18:00,onsale,Arts & Theatre,Theatre,Miscellaneous,Katarina Kyrka,Stockholm,,59.33233,18.06293,Sunday,April,4,2026,18
Z698xZq2Z1ke43fF6,"Tame Impala, Platinum Tickets",https://www.ticketmaster.se/event/tame-impala-platinumbiljetter-biljetter/95494207,https://s1.ticketm.net/dam/a/8b4/0c49343b-d625-479b-9540-ec541d0f58b4_SOURCE,2026-04-26,20:00,onsale,Music,Rock,Pop,Avicii Arena,Stockholm,Globentorget 2,59.29416,18.08081,Sunday,April,4,2026,20
Z698xZq2Z16v_4Pv19,Prime Orchestra - Rock Sympho Show,https://www.ticketmaster.se/event/prime-orchestra-rock-sympho-show-biljetter/1655941297,https://s1.ticketm.net/dam/a/f1a/fd998d5e-a2d8-4216-822d-5bc214a47f1a_TABLET_LANDSCAPE_3_2.jpg,2026-04-27,19:00,onsale,Music,Rock,Pop,Cirkus,Stockholm,Djurgårdsslätten 43-45,59.32457,18.09969,Monday,April,4,2026,19
Z698xZq2Z16vvfaUoO,Comedy Dinner with the fool,https://www.ticketmaster.se/event/comedy-dinner-with-the-fool-biljetter/1054276460,https://s1.ticketm.net/dam/e/481/ca2a7ecd-3cd1-4c30-b7ed-590a8a751481_TABLET_LANDSCAPE_16_9.jpg,2026-04-27,19:00,onsale,Arts & Theatre,Theatre,Miscellaneous,Göta Lejon,Stockholm,Götgatan 55,59.31378,18.07384,Monday,April,4,2026,19
Z698xZq2Z16v8VAY3Z,Svartklubben - Mat & Musik i Mörker,https://www.ticketmaster.se/event/svartklubben-mat--musik-i-morker-biljetter/1434170480,https://s1.ticketm.net/dam/a/841/1c1b2a57-616a-4e71-8e64-37d129780841_TABLET_LANDSCAPE_16_9.jpg,2026-04-28,18:00,onsale,Arts & Theatre,Theatre,Miscellaneous,Svartklubben,Stockholm,Södermannagatan 27,59.31209,18.08133,Tuesday,April,4,2026,18
Z698xZq2Z16vuNAIqw,Svartklubben - Mat & Musik i Mörker,https://www.ticketmaster.se/event/svartklubben-mat--musik-i-morker-biljetter/1363168772,https://s1.ticketm.net/dam/a/841/1c1b2a57-616a-4e71-8e64-37d129780841_TABLET_LANDSCAPE_16_9.jpg,2026-04-30,18:00,onsale,Arts & Theatre,Theatre,Miscellaneous,Svartklubben,Stockholm,Södermannagatan 27,59.31209,18.08133,Thursday,April,4,2026,18
Z698xZq2Z1kOy44_9,MAMMA MIA! THE PARTY,https://www.ticketmaster.se/event/mamma-mia-the-party-biljetter/839555657,https://s1.ticketm.net/dam/a/08d/3e62af05-2974-4fea-836f-c0c75ed0008d_RETINA_LANDSCAPE_16_9.jpg,2026-04-30,18:30,onsale,Arts & Theatre,Theatre,Musical,Tyrol,Stockholm,Lilla Allmänna Gränd 2,59.324127,18.096259,Thursday,April,4,2026,18
Z698xZq2Z1k3f-3_3,& Julia,https://www.ticketmaster.se/event/-julia-biljetter/494852652,https://s1.ticketm.net/dam/a/9d5/39c257d4-fad5-4891-8029-070e011c09d5_TABLET_LANDSCAPE_3_2.jpg,2026-04-30,19:30,onsale,Arts & Theatre,Theatre,Miscellaneous,Cirkus,Stockholm,Djurgårdsslätten 43-45,59.32457,18.09969,Thursday,April,4,2026,19
Z698xZq2Z1kuJ4bvM,Zak Abel,https://www.ticketmaster.se/event/zak-abel-biljetter/366558077,https://s1.ticketm.net/dam/a/755/ad1c401e-01a4-4eee-b5d7-2ed8f47dd755_CUSTOM.jpg,2026-04-30,19:30,cancelled,Music,Other,Other,Debaser Nova,Stockholm,Hornstulls strand,59.31366,18.03503,Thursday,April,4,2026,19
Z698xZq2Z16evUx64z,Guldgruvan comedyklubb,https://www.ticketmaster.se/event/guldgruvan-comedyklubb-biljetter/2076887578,https://s1.ticketm.net/dam/a/933/04589563-a8b7-492d-8612-ac299f8d5933_CUSTOM.jpg,2026-04-30,20:00,onsale,Arts & Theatre,Comedy,Comedy,Sofia Common,Stockholm,Bondegatan 57,59.31387,18.09131,Thursday,April,4,2026,20
Z698xZq2Z16v0a_boF,BULLERBYN x VALBORG på Berns,https://www.ticketmaster.se/event/bullerbyn-x-valborg-pa-berns-biljetter/1909658448,https://s1.ticketm.net/dam/e/e57/8dc70c73-3645-4a01-959f-04c768ca7e57_RECOMENDATION_16_9.jpg,2026-04-30,22:00,onsale,Music,Hip-Hop/Rap,Party Rap,Berns,Stockholm,Berzelii Park,59.33226,18.07509,Thursday,April,4,2026,22
Z698xZq2Z16v8akpJb,Svartklubben - Mat & Musik i Mörker,https://www.ticketmaster.se/event/svartklubben-mat--musik-i-morker-biljetter/1409196998,https://s1.ticketm.net/dam/a/841/1c1b2a57-616a-4e71-8e64-37d129780841_TABLET_LANDSCAPE_16_9.jpg,2026-05-01,18:00,onsale,Miscellaneous,Food & Drink,Restaurant,Svartklubben,Stockholm,Södermannagatan 27,59.31209,18.08133,Friday,May,5,2026,18
Z698xZq2Z16vOzx_OY,MAMMA MIA! THE PARTY,https://www.ticketmaster.se/event/mamma-mia-the-party-biljetter/1838899830,https://s1.ticketm.net/dam/e/e9d/2a400df1-e26a-4143-a128-4c8ffb1dfe9d_EVENT_DETAIL_PAGE_16_9.jpg,2026-05-01,18:30,onsale,Arts & Theatre,Theatre,Musical,Tyrol,Stockholm,Lilla Allmänna Gränd 2,59.324127,18.096259,Friday,May,5,2026,18
Z698xZq2Z16vO4oSpF,& Julia,https://www.ticketmaster.se/event/-julia-biljetter/1815473588,https://s1.ticketm.net/dam/a/9d5/39c257d4-fad5-4891-8029-070e011c09d5_TABLET_LANDSCAPE_3_2.jpg,2026-05-01,19:30,onsale,Arts & Theatre,Theatre,Miscellaneous,Cirkus,Stockholm,Djurgårdsslätten 43-45,59.32457,18.09969,Friday,May,5,2026,19
Z698xZq2Z16eZ01ovk,MAFFIA COMEDY SUPERWEEKEND med Simon Gärdenfors m.fl,https://www.ticketmaster.se/event/maffia-comedy-superweekend-med-simon-gardenfors-mfl-biljetter/2024291046,https://s1.ticketm.net/dam/a/2f9/43412b6f-da4a-4529-afd0-31ba4b1162f9_RECOMENDATION_16_9.jpg,2026-05-01,20:00,onsale,Arts & Theatre,Comedy,Comedy,Clarion Hotel Sign,Stockholm, Östra Järnvägsgatan 35,59.99333,18.89062,Friday,May,5,2026,20
Z698xZq2Z16vFo4yuk,George Dalaras - Rembetiko,https://www.ticketmaster.se/event/george-dalaras-rembetiko-biljetter/1211579346,https://s1.ticketm.net/dam/a/69b/3de099be-daba-400e-a2b1-a963777b469b_RECOMENDATION_16_9.jpg,2026-05-01,20:00,onsale,Music,World,Europe,Filadelfia Convention Center,Stockholm,Rörstrandsgatan 5,59.33948,18.03484,Friday,May,5,2026,20
Z698xZq2Z1k4z80oK,Stadsvandring med Christopher O'Regan - Grändernas hemligheter,https://www.ticketmaster.se/event/stadsvandring-med-christopher-oregan-grandernas-hemligheter-biljetter/578424453,https://s1.ticketm.net/dam/a/506/784570b2-0a86-4a75-8af4-bed7018b7506_CUSTOM.jpg,2026-05-02,11:00,onsale,Miscellaneous,Fairs & Festivals,Fairs & Festivals,Gamla stan,Stockholm,Slottsbacken,59.3266,18.0709,Saturday,May,5,2026,11
Z698xZq2Z16vfzPoqK,MAMMA MIA! THE PARTY,https://www.ticketmaster.se/event/mamma-mia-the-party-biljetter/1538951753,https://s1.ticketm.net/dam/e/421/8a7bafc7-e3e0-48de-b200-3e0f1b674421_EVENT_DETAIL_PAGE_16_9.jpg,2026-05-02,13:00,onsale,Arts & Theatre,Theatre,Musical,Tyrol,Stockholm,Lilla Allmänna Gränd 2,59.324127,18.096259,Saturday,May,5,2026,13
Z698xZq2Z1kakvJuS,& Julia,https://www.ticketmaster.se/event/-julia-biljetter/246066373,https://s1.ticketm.net/dam/a/9d5/39c257d4-fad5-4891-8029-070e011c09d5_TABLET_LANDSCAPE_3_2.jpg,2026-05-02,15:00,onsale,Arts & Theatre,Theatre,Musical,Cirkus,Stockholm,Djurgårdsslätten 43-45,59.32457,18.09969,Saturday,May,5,2026,15
Z698xZq2Z1k_ekfqs,Oulouy - Black,https://www.ticketmaster.se/event/oulouy-black-biljetter/642194771,https://s1.ticketm.net/dam/a/3ac/805b0aa6-92b5-4dbe-9f2e-b021d41753ac_TABLET_LANDSCAPE_3_2.jpg,2026-05-02,17:00,onsale,Arts & Theatre,Dance,Dance,Dansens Hus Blackbox,Stockholm,Barnhusgatan 12-14,59.33233,18.06293,Saturday,May,5,2026,17
Z698xZq2Z16v0y-E_Y,Svartklubben - Mat & Musik i Mörker,https://www.ticketmaster.se/event/svartklubben-mat--musik-i-morker-biljetter/1939867670,https://s1.ticketm.net/dam/a/841/1c1b2a57-616a-4e71-8e64-37d129780841_TABLET_LANDSCAPE_16_9.jpg,2026-05-02,18:00,onsale,Arts & Theatre,Theatre,Miscellaneous,Svartklubben,Stockholm,Södermannagatan 27,59.31209,18.08133,Saturday,May,5,2026,18
Z698xZq2Z16vQ7qpbe,Paradox-Sal WOMAN och Gatuverket Rhythm of the Night! -en double bill,https://www.ticketmaster.se/event/paradox-sal-woman-och-gatuverket-rhythm-of-the-night-en-double-bill-biljetter/1684756602,https://s1.ticketm.net/dam/a/89d/e7ed3a10-00f6-4f6f-88b6-67689ac8a89d_RETINA_PORTRAIT_3_2.jpg,2026-05-02,18:00,onsale,Arts & Theatre,Dance,Dance,Dansens Hus - Stora Scen,Stockholm,Barnhusgatan 12-14,59.33623,18.05644,Saturday,May,5,2026,18
Z698xZq2Z1Ab09ua,MINNESLUCKOR med Jan Rippe och Per Fritzell,https://www.ticketmaster.se/event/minnesluckor-med-jan-rippe-och-per-fritzell-biljetter/18917349,https://s1.ticketm.net/dam/a/e2e/93e971d0-a85a-4bd9-9365-e7b284fa5e2e_TABLET_LANDSCAPE_3_2.jpg,2026-05-02,18:00,onsale,Arts & Theatre,Comedy,Comedy,Filadelfia Convention Center,Stockholm,Rörstrandsgatan 5,59.33948,18.03484,Saturday,May,5,2026,18
Z698xZq2Z1kFbv8Zg,The Blitz,https://www.ticketmaster.se/event/the-blitz-biljetter/218050035,https://s1.ticketm.net/dam/e/333/588270db-59cc-4916-b3b9-e6c7abb3a333_CUSTOM.jpg,2026-05-02,18:00,onsale,Sports,Martial Arts,Mixed Martial Arts,Göta Lejon,Stockholm,Götgatan 55,59.31378,18.07384,Saturday,May,5,2026,18
Z698xZq2Z16evg0oAI,& Julia,https://www.ticketmaster.se/event/-julia-biljetter/2075911168,https://s1.ticketm.net/dam/a/9d5/39c257d4-fad5-4891-8029-070e011c09d5_TABLET_LANDSCAPE_3_2.jpg,2026-05-02,19:30,onsale,Arts & Theatre,Theatre,Miscellaneous,Cirkus,Stockholm,Djurgårdsslätten 43-45,59.32457,18.09969,Saturday,May,5,2026,19
Z698xZq2Z16vvN1_ea,MAMMA MIA! THE PARTY,https://www.ticketmaster.se/event/mamma-mia-the-party-biljetter/1063299089,https://s1.ticketm.net/dam/e/bc9/ee69d70f-d432-4a34-b47b-991d8ef95bc9_SOURCE,2026-05-02,19:30,onsale,Arts & Theatre,Theatre,Miscellaneous,Tyrol,Stockholm,Lilla Allmänna Gränd 2,59.324127,18.096259,Saturday,May,5,2026,19
Z698xZq2Z16vZNo4O-,MAFFIA COMEDY SUPERWEEKEND med Simon Gärdenfors m.fl,https://www.ticketmaster.se/event/maffia-comedy-superweekend-med-simon-gardenfors-mfl-biljetter/1023455821,https://s1.ticketm.net/dam/a/2f9/43412b6f-da4a-4529-afd0-31ba4b1162f9_RECOMENDATION_16_9.jpg,2026-05-02,20:00,onsale,Arts & Theatre,Comedy,Comedy,Clarion Hotel Sign,Stockholm, Östra Järnvägsgatan 35,59.99333,18.89062,Saturday,May,5,2026,20
Z698xZq2Z16vfe47-g,JUNG,https://www.ticketmaster.se/event/jung-biljetter/1502544875,https://s1.ticketm.net/dam/c/4f2/0109888a-61b5-4525-8432-b026ef04f4f2_105631_RETINA_PORTRAIT_16_9.jpg,2026-05-02,21:00,onsale,Music,Other,Other,Berns,Stockholm,Berzelii Park,59.33226,18.07509,Saturday,May,5,2026,21
Z698xZq2Z16va6upr7,& Julia,https://www.ticketmaster.se/event/-julia-biljetter/1247356784,https://s1.ticketm.net/dam/a/9d5/39c257d4-fad5-4891-8029-070e011c09d5_TABLET_LANDSCAPE_3_2.jpg,2026-05-03,15:00,onsale,Arts & Theatre,Theatre,Miscellaneous,Cirkus,Stockholm,Djurgårdsslätten 43-45,59.32457,18.09969,Sunday,May,5,2026,15
Z698xZq2Z1k7oO_03,FAMILY SHOW - MAMMA MIA! THE PARTY,https://www.ticketmaster.se/event/familjefest-mamma-mia-the-party-biljetter/111819912,https://s1.ticketm.net/dam/e/d72/772b8772-3bbe-439a-9e85-fb4d2f8d9d72_ARTIST_PAGE_3_2.jpg,2026-05-03,16:00,onsale,Miscellaneous,Family,Other,Tyrol,Stockholm,Lilla Allmänna Gränd 2,59.324127,18.096259,Sunday,May,5,2026,16
Z698xZq2Z16vF00347,Aries: GLASS JAW WORLD TOUR,https://www.ticketmaster.se/event/aries-glass-jaw-world-tour-biljetter/1224912544,https://s1.ticketm.net/dam/e/9bc/e2742ad0-a745-4004-b598-83b3d59a79bc_TABLET_LANDSCAPE_16_9.jpg,2026-05-03,19:30,onsale,Music,Other,Other,Debaser Strand,Stockholm,Hornstulls strand 4,59.31465,18.03185,Sunday,May,5,2026,19
Z698xZq2Z1k7A4_1Z,Sleeping At Last,https://www.ticketmaster.se/event/sleeping-at-last-biljetter/105559280,https://s1.ticketm.net/dam/e/9b1/20e3eb8e-9daa-413a-8593-584ebadd19b1_RECOMENDATION_16_9.jpg,2026-05-03,19:30,onsale,Music,Rock,Pop,Göta Lejon,Stockholm,Götgatan 55,59.31378,18.07384,Sunday,May,5,2026,19
Z698xZq2Z1kxb0y1v,Ásgeir,https://www.ticketmaster.se/event/asgeir-biljetter/898939281,https://s1.ticketm.net/dam/a/106/1d6da2f1-e1b8-405f-9d5b-9735ab83f106_EVENT_DETAIL_PAGE_16_9.jpg,2026-05-03,20:00,onsale,Music,Rock,Pop,Slaktkyrkan,Stockholm,Styckmästergatan 10,59.29224,18.08012,Sunday,May,5,2026,20
Z698xZq2Z16vaSq68-,Svartklubben - Mat & Musik i Mörker,https://www.ticketmaster.se/event/svartklubben-mat--musik-i-morker-biljetter/1273747421,https://s1.ticketm.net/dam/a/841/1c1b2a57-616a-4e71-8e64-37d129780841_TABLET_LANDSCAPE_16_9.jpg,2026-05-05,18:00,onsale,Arts & Theatre,Theatre,Miscellaneous,Svartklubben,Stockholm,Södermannagatan 27,59.31209,18.08133,Tuesday,May,5,2026,18
Z698xZq2Z1k467VA-,Svartklubben - Mat & Musik i Mörker,https://www.ticketmaster.se/event/svartklubben-mat--musik-i-morker-biljetter/547134161,https://s1.ticketm.net/dam/a/841/1c1b2a57-616a-4e71-8e64-37d129780841_TABLET_LANDSCAPE_16_9.jpg,2026-05-06,18:00,onsale,Miscellaneous,Food & Drink,Restaurant,Svartklubben,Stockholm,Södermannagatan 27,59.31209,18.08133,Wednesday,May,5,2026,18
Z698xZq2Z16vr4Q_PA,Fotbollsmorgon Live – Avsnitt 1000,https://www.ticketmaster.se/event/fotbollsmorgon-live--avsnitt-1000-biljetter/1795699945,https://s1.ticketm.net/dam/a/95a/db329281-06fa-470d-960f-59ada671795a_RETINA_PORTRAIT_3_2.jpg,2026-05-06,19:30,onsale,Sports,Miscellaneous,Miscellaneous,Rival,Stockholm,Mariatorget 3,59.31816,18.06364,Wednesday,May,5,2026,19
Z698xZq2Z1kxkA34x,ACCEPT - Half a century of metal 1976-2026,https://www.ticketmaster.se/event/accept-half-a-century-of-metal-1976-2026-biljetter/886152562,https://s1.ticketm.net/dam/a/783/4cfb9db7-9c03-4775-8265-464498447783_RECOMENDATION_16_9.jpg,2026-05-06,19:30,onsale,Music,Rock,Hard Rock,Cirkus,Stockholm,Djurgårdsslätten 43-45,59.32457,18.09969,Wednesday,May,5,2026,19
Z698xZq2Z16vZ88Ibk,Svartklubben - Mat & Musik i Mörker,https://www.ticketmaster.se/event/svartklubben-mat--musik-i-morker-biljetter/1010428606,https://s1.ticketm.net/dam/a/841/1c1b2a57-616a-4e71-8e64-37d129780841_TABLET_LANDSCAPE_16_9.jpg,2026-05-07,18:00,onsale,Arts & Theatre,Theatre,Miscellaneous,Svartklubben,Stockholm,Södermannagatan 27,59.31209,18.08133,Thursday,May,5,2026,18
Z698xZq2Z1k8e8s-z,MÖJLIGHETER - en föreställning med BA Prepare ,https://www.ticketmaster.se/event/mojligheter-en-forestallning-med-ba-prepare-biljetter/402431878,https://s1.ticketm.net/dam/e/7ad/4bf5de6f-c3ff-4843-a034-28bca4ace7ad_RETINA_PORTRAIT_16_9.jpg,2026-05-07,18:00,onsale,Arts & Theatre,Dance,Dance,Scen Studio Fyra,Stockholm,Birger Jarlsgatan 70,59.34322,18.06386,Thursday,May,5,2026,18
Z698xZq2Z1k7tfavE,MAMMA MIA! THE PARTY,https://www.ticketmaster.se/event/mamma-mia-the-party-biljetter/129509067,https://s1.ticketm.net/dam/e/56a/29c10fef-e8c6-410d-989b-c2f77876556a_TABLET_LANDSCAPE_LARGE_16_9.jpg,2026-05-07,18:30,onsale,Arts & Theatre,Theatre,Miscellaneous,Tyrol,Stockholm,Lilla Allmänna Gränd 2,59.324127,18.096259,Thursday,May,5,2026,18
Z698xZq2Z1k3f-vGs,Courtney May Robertson - HUNTER,https://www.ticketmaster.se/event/courtney-may-robertson-hunter-biljetter/494841331,https://s1.ticketm.net/dam/a/ee0/adb73b12-dc58-4098-9d99-d87bb8a54ee0_TABLET_LANDSCAPE_3_2.jpg,2026-05-07,19:00,onsale,Arts & Theatre,Dance,Dance,Dansens Hus Blackbox,Stockholm,Barnhusgatan 12-14,59.33233,18.06293,Thursday,May,5,2026,19
Z698xZq2Z1A6v8oz,& Julia,https://www.ticketmaster.se/event/-julia-biljetter/7050478,https://s1.ticketm.net/dam/a/9d5/39c257d4-fad5-4891-8029-070e011c09d5_TABLET_LANDSCAPE_3_2.jpg,2026-05-07,19:30,onsale,Arts & Theatre,Theatre,Musical,Cirkus,Stockholm,Djurgårdsslätten 43-45,59.32457,18.09969,Thursday,May,5,2026,19
Z698xZq2Z1AFOzuM,MÖJLIGHETER - en föreställning med BA Prepare ,https://www.ticketmaster.se/event/mojligheter-en-forestallning-med-ba-prepare-biljetter/8838377,https://s1.ticketm.net/dam/e/6ce/3c9e5729-3d4e-494c-b2d1-cf9b755376ce_CUSTOM.jpg,2026-05-07,19:30,onsale,Arts & Theatre,Dance,Dance,Scen Studio Fyra,Stockholm,Birger Jarlsgatan 70,59.34322,18.06386,Thursday,May,5,2026,19
Z698xZq2Z1k7Vx4_A,Bo Kaspers Orkester - Il magnifico,https://www.ticketmaster.se/event/bo-kaspers-orkester-il-magnifico-biljetter/134895645,https://s1.ticketm.net/dam/e/638/2308a370-2d24-44ae-896d-35cdbbda8638_TABLET_LANDSCAPE_3_2.jpg,2026-05-07,19:30,onsale,Music,Rock,Pop,Göta Lejon,Stockholm,Götgatan 55,59.31378,18.07384,Thursday,May,5,2026,19
Z698xZq2Z16vakZg-y,Björn Säfsten - Haunted desires,https://www.ticketmaster.se/event/bjorn-safsten-hemsokt-atra-biljetter/1246035879,https://s1.ticketm.net/dam/a/917/22132fa2-32a8-48f0-9565-6801e75ab917_RETINA_PORTRAIT_3_2.jpg,2026-05-07,21:00,onsale,Arts & Theatre,Dance,Dance,Dansens Hus Studioscen,Stockholm,Barnhusgatan 12-14,59.33623,18.05644,Thursday,May,5,2026,21
Z698xZq2Z16vG8qZb3,Svartklubben - Mat & Musik i Mörker,https://www.ticketmaster.se/event/svartklubben-mat--musik-i-morker-biljetter/1310740612,https://s1.ticketm.net/dam/a/841/1c1b2a57-616a-4e71-8e64-37d129780841_TABLET_LANDSCAPE_16_9.jpg,2026-05-08,18:00,onsale,Miscellaneous,Food & Drink,Restaurant,Svartklubben,Stockholm,Södermannagatan 27,59.31209,18.08133,Friday,May,5,2026,18
Z698xZq2Z1k8wo9Pb,MÖJLIGHETER - en föreställning med BA Prepare ,https://www.ticketmaster.se/event/mojligheter-en-forestallning-med-ba-prepare-biljetter/432457958,https://s1.ticketm.net/dam/e/821/dbd9ca79-a32e-4f2e-970e-40c9f20c4821_RETINA_PORTRAIT_3_2.jpg,2026-05-08,18:00,onsale,Arts & Theatre,Dance,Dance,Scen Studio Fyra,Stockholm,Birger Jarlsgatan 70,59.34322,18.06386,Friday,May,5,2026,18
Z698xZq2Z1k7kb7uU,MAMMA MIA! THE PARTY,https://www.ticketmaster.se/event/mamma-mia-the-party-biljetter/106604376,https://s1.ticketm.net/dam/e/932/cdc6d36c-820e-4258-9165-fb87cd762932_RETINA_PORTRAIT_16_9.jpg,2026-05-08,18:30,onsale,Arts & Theatre,Theatre,Musical,Tyrol,Stockholm,Lilla Allmänna Gränd 2,59.324127,18.096259,Friday,May,5,2026,18
Z698xZq2Z16vO9bfvK, Allhelgonaserien: Efia Abu - Roots reggae och soul på skånska,https://www.ticketmaster.se/event/-allhelgonaserien-efia-abu-roots-reggae-och-soul-pa-skanska-biljetter/1817614053,https://s1.ticketm.net/dam/a/c23/43c3d863-3ce7-4868-973f-009502841c23_TABLET_LANDSCAPE_16_9.jpg,2026-05-08,19:00,onsale,Music,Reggae,Reggae,Allhelgonakyrkan,Stockholm,Helgalunden 9,59.30982,18.07379,Friday,May,5,2026,19
Z698xZq2Z1ku6ZMfN,Courtney May Robertson - HUNTER,https://www.ticketmaster.se/event/courtney-may-robertson-hunter-biljetter/347037523,https://s1.ticketm.net/dam/a/ee0/adb73b12-dc58-4098-9d99-d87bb8a54ee0_TABLET_LANDSCAPE_3_2.jpg,2026-05-08,19:00,onsale,Arts & Theatre,Dance,Dance,Dansens Hus Blackbox,Stockholm,Barnhusgatan 12-14,59.33233,18.06293,Friday,May,5,2026,19
Z698xZq2Z16vad_Kb_,Bo Kaspers Orkester - Il magnifico,https://www.ticketmaster.se/event/bo-kaspers-orkester-il-magnifico-biljetter/1243653619,https://s1.ticketm.net/dam/e/75a/c10288f9-4e7a-40f4-badd-96104994275a_RETINA_LANDSCAPE_16_9.jpg,2026-05-08,19:30,onsale,Arts & Theatre,Spectacular,Spectacular,Göta Lejon,Stockholm,Götgatan 55,59.31378,18.07384,Friday,May,5,2026,19
Z698xZq2Z1AgqVj-,MÖJLIGHETER - en föreställning med BA Prepare ,https://www.ticketmaster.se/event/mojligheter-en-forestallning-med-ba-prepare-biljetter/35774721,https://s1.ticketm.net/dam/e/b8e/9e6ac8c1-beab-4827-8f9f-bff37447bb8e_CUSTOM.jpg,2026-05-08,19:30,onsale,Arts & Theatre,Dance,Dance,Scen Studio Fyra,Stockholm,Birger Jarlsgatan 70,59.34322,18.06386,Friday,May,5,2026,19
Z698xZq2Z1k36ke7F,& Julia,https://www.ticketmaster.se/event/-julia-biljetter/487182108,https://s1.ticketm.net/dam/a/9d5/39c257d4-fad5-4891-8029-070e011c09d5_TABLET_LANDSCAPE_3_2.jpg,2026-05-08,19:30,onsale,Arts & Theatre,Theatre,Musical,Cirkus,Stockholm,Djurgårdsslätten 43-45,59.32457,18.09969,Friday,May,5,2026,19
Z698xZq2Z16vAZ8kZS,MAFFIA COMEDY SUPERWEEKEND med Malin Appeltofft m.fl,https://www.ticketmaster.se/event/maffia-comedy-superweekend-med-malin-appeltofft-mfl-biljetter/1140406033,https://s1.ticketm.net/dam/a/2f9/43412b6f-da4a-4529-afd0-31ba4b1162f9_RECOMENDATION_16_9.jpg,2026-05-08,20:00,onsale,Arts & Theatre,Comedy,Comedy,Clarion Hotel Sign,Stockholm, Östra Järnvägsgatan 35,59.99333,18.89062,Friday,May,5,2026,20
Z698xZq2Z16v_Erdvx,Björn Säfsten - Haunted desires,https://www.ticketmaster.se/event/bjorn-safsten-hemsokt-atra-biljetter/1667783062,https://s1.ticketm.net/dam/a/917/22132fa2-32a8-48f0-9565-6801e75ab917_RETINA_PORTRAIT_3_2.jpg,2026-05-08,21:00,onsale,Arts & Theatre,Dance,Dance,Dansens Hus Studioscen,Stockholm,Barnhusgatan 12-14,59.33623,18.05644,Friday,May,5,2026,21
Z698xZq2Z16evF4fPo,Stadsvandring med Christopher O'Regan - Grändernas hemligheter,https://www.ticketmaster.se/event/stadsvandring-med-christopher-oregan-grandernas-hemligheter-biljetter/2048554951,https://s1.ticketm.net/dam/a/506/784570b2-0a86-4a75-8af4-bed7018b7506_CUSTOM.jpg,2026-05-09,11:00,onsale,Miscellaneous,Family,Other,Gamla stan,Stockholm,Slottsbacken,59.3266,18.0709,Saturday,May,5,2026,11
Z698xZq2Z16v4YaxoP,Vårkonsert med Caroline af Ugglas Kör för alla,https://www.ticketmaster.se/event/varkonsert-med-caroline-af-ugglas-kor-for-alla-biljetter/1570262465,https://s1.ticketm.net/dam/e/9a0/914ddd1c-aeb3-4c38-8bcb-9d12fadd29a0_TABLET_LANDSCAPE_LARGE_16_9.jpg,2026-05-09,13:00,onsale,Music,Classical,Classical/Vocal,Filadelfia Convention Center,Stockholm,Rörstrandsgatan 5,59.33948,18.03484,Saturday,May,5,2026,13
Z698xZq2Z1kQ9_Za4,MAMMA MIA! THE PARTY,https://www.ticketmaster.se/event/mamma-mia-the-party-biljetter/697640255,https://s1.ticketm.net/dam/e/f4d/f1fc39aa-a21e-4ae9-9e93-ebc51228ef4d_RETINA_PORTRAIT_3_2.jpg,2026-05-09,13:00,onsale,Arts & Theatre,Theatre,Miscellaneous,Tyrol,Stockholm,Lilla Allmänna Gränd 2,59.324127,18.096259,Saturday,May,5,2026,13
Z698xZq2Z1kGfq_At,& Julia,https://www.ticketmaster.se/event/-julia-biljetter/314759169,https://s1.ticketm.net/dam/a/9d5/39c257d4-fad5-4891-8029-070e011c09d5_TABLET_LANDSCAPE_3_2.jpg,2026-05-09,15:00,onsale,Arts & Theatre,Theatre,Miscellaneous,Cirkus,Stockholm,Djurgårdsslätten 43-45,59.32457,18.09969,Saturday,May,5,2026,15
Z698xZq2Z16vF_bwCe,Bo Kaspers Orkester - Il magnifico,https://www.ticketmaster.se/event/bo-kaspers-orkester-il-magnifico-biljetter/1219632382,https://s1.ticketm.net/dam/e/c20/72ea58c3-6fb2-4a60-a4b8-1def8d026c20_EVENT_DETAIL_PAGE_16_9.jpg,2026-05-09,16:00,onsale,Arts & Theatre,Spectacular,Spectacular,Göta Lejon,Stockholm,Götgatan 55,59.31378,18.07384,Saturday,May,5,2026,16
Z698xZq2Z1k_AotO3,Vårkonsert med Caroline af Ugglas Kör för alla,https://www.ticketmaster.se/event/varkonsert-med-caroline-af-ugglas-kor-for-alla-biljetter/645469812,https://s1.ticketm.net/dam/e/150/2252e38f-1629-43b2-a2af-9477c87bd150_RECOMENDATION_16_9.jpg,2026-05-09,16:30,onsale,Music,Classical,Classical/Vocal,Filadelfia Convention Center,Stockholm,Rörstrandsgatan 5,59.33948,18.03484,Saturday,May,5,2026,16
Z698xZq2Z16v8x89Gk,Svartklubben - Mat & Musik i Mörker,https://www.ticketmaster.se/event/svartklubben-mat--musik-i-morker-biljetter/1422417306,https://s1.ticketm.net/dam/a/841/1c1b2a57-616a-4e71-8e64-37d129780841_TABLET_LANDSCAPE_16_9.jpg,2026-05-09,18:00,onsale,Miscellaneous,Food & Drink,Restaurant,Svartklubben,Stockholm,Södermannagatan 27,59.31209,18.08133,Saturday,May,5,2026,18
Z698xZq2Z16vAsAokv,ur Bachs solopartitor för klaver med Bengt Forsberg,https://www.ticketmaster.se/event/ur-bachs-solopartitor-for-klaver-med-bengt-forsberg-biljetter/1171151181,https://s1.ticketm.net/dam/a/c23/43c3d863-3ce7-4868-973f-009502841c23_TABLET_LANDSCAPE_16_9.jpg,2026-05-09,18:00,onsale,Arts & Theatre,Classical,Classical/Vocal,Allhelgonakyrkan,Stockholm,Helgalunden 9,59.30982,18.07379,Saturday,May,5,2026,18
Z698xZq2Z16ee8_p_g,Scenkursföreställning v.19 – Beyond the Screen,https://www.ticketmaster.se/event/scenkursforestallning-v19--beyond-the-screen-biljetter/2090656675,https://s1.ticketm.net/dam/e/223/391ea978-6c16-4566-af69-08881fb5c223_RETINA_PORTRAIT_3_2.jpg,2026-05-09,19:00,onsale,Arts & Theatre,Dance,Dance,Scen Studio Fyra,Stockholm,Birger Jarlsgatan 70,59.34322,18.06386,Saturday,May,5,2026,19
Z698xZq2Z16v1dv0bP,Hasse Brontén - Daddy Deluxe,https://www.ticketmaster.se/event/hasse-bronten-daddy-deluxe-biljetter/1283064625,https://s1.ticketm.net/dam/a/5c2/51a1b099-654f-44bd-9641-641fd1cf85c2_RECOMENDATION_16_9.jpg,2026-05-09,19:00,onsale,Arts & Theatre,Comedy,Comedy,Bio Skandia,Stockholm,Drottninggatan 82,59.33544,18.05998,Saturday,May,5,2026,19
Z698xZq2Z16vb4pvFx,Bo Kaspers Orkester - Il magnifico,https://www.ticketmaster.se/event/bo-kaspers-orkester-il-magnifico-biljetter/1615581222,https://s1.ticketm.net/dam/e/486/aa29958f-e440-4329-b2d4-d8b774e23486_RETINA_LANDSCAPE_16_9.jpg,2026-05-09,19:30,onsale,Arts & Theatre,Spectacular,Spectacular,Göta Lejon,Stockholm,Götgatan 55,59.31378,18.07384,Saturday,May,5,2026,19
Z698xZq2Z1k1pG7vt,MAMMA MIA! THE PARTY,https://www.ticketmaster.se/event/mamma-mia-the-party-biljetter/296304069,https://s1.ticketm.net/dam/e/039/434ccb88-f19e-472b-b738-df62b617f039_TABLET_LANDSCAPE_16_9.jpg,2026-05-09,19:30,onsale,Arts & Theatre,Theatre,Musical,Tyrol,Stockholm,Lilla Allmänna Gränd 2,59.324127,18.096259,Saturday,May,5,2026,19
Z698xZq2Z1k78aapF,& Julia,https://www.ticketmaster.se/event/-julia-biljetter/110249588,https://s1.ticketm.net/dam/a/9d5/39c257d4-fad5-4891-8029-070e011c09d5_TABLET_LANDSCAPE_3_2.jpg,2026-05-09,19:30,onsale,Arts & Theatre,Theatre,Musical,Cirkus,Stockholm,Djurgårdsslätten 43-45,59.32457,18.09969,Saturday,May,5,2026,19
Z698xZq2Z1kaoCf4t,Bongos Bingo Sverigepremiär,https://www.ticketmaster.se/event/bongos-bingo-sverigepremiar-biljetter/251394569,https://s1.ticketm.net/dam/a/a75/1c1ecd26-df8b-4eba-890e-19d74f03da75_TABLET_LANDSCAPE_LARGE_16_9.jpg,2026-05-09,20:00,onsale,Arts & Theatre,Theatre,Miscellaneous,Münchenbryggeriet,Stockholm,Torkel Knutssons Gatan 2,59.32068,18.05617,Saturday,May,5,2026,20
Z698xZq2Z1kfs_xqE,MAFFIA COMEDY SUPERWEEKEND med Malin Appeltofft m.fl,https://www.ticketmaster.se/event/maffia-comedy-superweekend-med-malin-appeltofft-mfl-biljetter/531662767,https://s1.ticketm.net/dam/a/2f9/43412b6f-da4a-4529-afd0-31ba4b1162f9_RECOMENDATION_16_9.jpg,2026-05-09,20:00,onsale,Arts & Theatre,Comedy,Comedy,Clarion Hotel Sign,Stockholm, Östra Järnvägsgatan 35,59.99333,18.89062,Saturday,May,5,2026,20
Z698xZq2Z16vjePY34,& Julia,https://www.ticketmaster.se/event/-julia-biljetter/1702970495,https://s1.ticketm.net/dam/a/9d5/39c257d4-fad5-4891-8029-070e011c09d5_TABLET_LANDSCAPE_3_2.jpg,2026-05-10,15:00,onsale,Arts & Theatre,Theatre,Miscellaneous,Cirkus,Stockholm,Djurgårdsslätten 43-45,59.32457,18.09969,Sunday,May,5,2026,15
Z698xZq2Z1koVC7jV,Scenkursföreställning v.19 – Beyond the Screen,https://www.ticketmaster.se/event/scenkursforestallning-v19--beyond-the-screen-biljetter/474384734,https://s1.ticketm.net/dam/e/c52/9c7807c7-df2c-4c52-a74d-36c41a063c52_TABLET_LANDSCAPE_LARGE_16_9.jpg,2026-05-10,16:00,onsale,Arts & Theatre,Dance,Dance,Scen Studio Fyra,Stockholm,Birger Jarlsgatan 70,59.34322,18.06386,Sunday,May,5,2026,16
Z698xZq2Z1k1KPKjK,Scenkursföreställning v.19 – Beyond the Screen,https://www.ticketmaster.se/event/scenkursforestallning-v19--beyond-the-screen-biljetter/293953713,https://s1.ticketm.net/dam/e/9bb/4468aa21-257f-40e5-87e7-73460b8cd9bb_RETINA_LANDSCAPE_16_9.jpg,2026-05-10,17:30,onsale,Arts & Theatre,Dance,Dance,Scen Studio Fyra,Stockholm,Birger Jarlsgatan 70,59.34322,18.06386,Sunday,May,5,2026,17
Z698xZq2Z1kv7bf8E,Scenkursföreställning v.19 – Beyond the Screen,https://www.ticketmaster.se/event/scenkursforestallning-v19--beyond-the-screen-biljetter/44614427,https://s1.ticketm.net/dam/e/da4/cfc8792e-a380-4598-b7d9-231f3f54cda4_ARTIST_PAGE_3_2.jpg,2026-05-10,19:00,onsale,Arts & Theatre,Dance,Dance,Scen Studio Fyra,Stockholm,Birger Jarlsgatan 70,59.34322,18.06386,Sunday,May,5,2026,19
Z698xZq2Z1ku0Qkef,THE COMMONERS,https://www.ticketmaster.se/event/the-commoners-biljetter/364686094,https://s1.ticketm.net/dam/c/fbc/b293c0ad-c904-4215-bc59-8d7f2414dfbc_106141_TABLET_LANDSCAPE_3_2.jpg,2026-05-10,00:00,onsale,Miscellaneous,Family,Other,Debaser Nova,Stockholm,Hornstulls strand,59.31366,18.03503,Sunday,May,5,2026,0
LvZ18QQLytq1mEYZYZbca,Rhône in White 2026 – Vårens vitaste vinupplevelse!,https://www.universe.com/events/rhone-in-white-2026-varens-vitaste-vinupplevelse-tickets-Q4PSBC?ref=ticketmaster,"https://images.universe.com/0d54b243-ce35-43d8-b003-a9cb870a9df8/-/resize/1200x/-/crop/1079x1079/64,438/-/format/jpeg/-/scale_crop/305x203/center/-/progressive/yes/-/inline/yes/",2026-05-11,17:00,onsale,Miscellaneous,Food & Drink,Food & Drink,Moderna museet,Stockholm,Exercisplan 4,59.32592,18.08413,Monday,May,5,2026,17
Z698xZq2Z16vvy-0qb,Svartklubben - Mat & Musik i Mörker,https://www.ticketmaster.se/event/svartklubben-mat--musik-i-morker-biljetter/1079864758,https://s1.ticketm.net/dam/a/841/1c1b2a57-616a-4e71-8e64-37d129780841_TABLET_LANDSCAPE_16_9.jpg,2026-05-12,18:00,onsale,Miscellaneous,Food & Drink,Restaurant,Svartklubben,Stockholm,Södermannagatan 27,59.31209,18.08133,Tuesday,May,5,2026,18
Z698xZq2Z16v0eqgFA,Forever Jackson,https://www.ticketmaster.se/event/forever-jackson-biljetter/1902775205,https://s1.ticketm.net/dam/e/f37/83777178-c840-4279-a298-281eb0ff4f37_ARTIST_PAGE_3_2.jpg,2026-05-12,19:30,onsale,Music,Rock,Pop,Göta Lejon,Stockholm,Götgatan 55,59.31378,18.07384,Tuesday,May,5,2026,19
Z698xZq2Z16vFJFtbN,Wet Mess - TESTO,https://www.ticketmaster.se/event/wet-mess-testo-biljetter/1226229623,https://s1.ticketm.net/dam/e/607/cd69a173-8be1-47ac-90fe-8b5276fde607_TABLET_LANDSCAPE_LARGE_16_9.jpg,2026-05-12,20:00,onsale,Arts & Theatre,Dance,Dance,Dansens Hus Blackbox,Stockholm,Barnhusgatan 12-14,59.33233,18.06293,Tuesday,May,5,2026,20
Z698xZq2Z1AN7tA-,Wet Mess - TESTO,https://www.ticketmaster.se/event/wet-mess-testo-biljetter/23129161,https://s1.ticketm.net/dam/e/569/77cab6f2-c5c6-46a8-8aed-7e72553ee569_SOURCE,2026-05-13,20:00,onsale,Arts & Theatre,Dance,Dance,Dansens Hus Blackbox,Stockholm,Barnhusgatan 12-14,59.33233,18.06293,Wednesday,May,5,2026,20
Z698xZq2Z1kaoebq6,Sasha Velour - Travesty,https://www.ticketmaster.se/event/sasha-velour-travesty-biljetter/251098747,https://s1.ticketm.net/dam/e/f42/dbfba9e1-23fe-4c84-b904-1e776a906f42_RETINA_PORTRAIT_3_2.jpg,2026-05-13,20:00,onsale,Arts & Theatre,Spectacular,Spectacular,Göta Lejon,Stockholm,Götgatan 55,59.31378,18.07384,Wednesday,May,5,2026,20
Z698xZq2Z16v7Yvs0U,Svartklubben - Mat & Musik i Mörker,https://www.ticketmaster.se/event/svartklubben-mat--musik-i-morker-biljetter/1130071936,https://s1.ticketm.net/dam/a/841/1c1b2a57-616a-4e71-8e64-37d129780841_TABLET_LANDSCAPE_16_9.jpg,2026-05-14,18:00,onsale,Miscellaneous,Food & Drink,Restaurant,Svartklubben,Stockholm,Södermannagatan 27,59.31209,18.08133,Thursday,May,5,2026,18
Z698xZq2Z1kaO8z8Y,MAMMA MIA! THE PARTY,https://www.ticketmaster.se/event/mamma-mia-the-party-biljetter/260438430,https://s1.ticketm.net/dam/e/6d7/0fd6f6c6-d3b4-419b-bda9-5893a07896d7_TABLET_LANDSCAPE_16_9.jpg,2026-05-14,18:30,onsale,Arts & Theatre,Theatre,Musical,Tyrol,Stockholm,Lilla Allmänna Gränd 2,59.324127,18.096259,Thursday,May,5,2026,18
Z698xZq2Z16vp4jz_V,ALOK,https://www.ticketmaster.se/event/alok-biljetter/1595738674,https://s1.ticketm.net/dam/e/5e2/02813b34-b6fe-4c5a-924b-32a9b0c715e2_TABLET_LANDSCAPE_LARGE_16_9.jpg,2026-05-14,19:00,onsale,Arts & Theatre,Comedy,Comedy,Nya Cirkus,Stockholm,Djurgårdsslätten 43-45,59.32458,18.0997,Thursday,May,5,2026,19
Z698xZq2Z16vxF7dqM,& Julia,https://www.ticketmaster.se/event/-julia-biljetter/1888103777,https://s1.ticketm.net/dam/a/9d5/39c257d4-fad5-4891-8029-070e011c09d5_TABLET_LANDSCAPE_3_2.jpg,2026-05-14,19:30,onsale,Arts & Theatre,Theatre,Miscellaneous,Cirkus,Stockholm,Djurgårdsslätten 43-45,59.32457,18.09969,Thursday,May,5,2026,19
Z698xZq2Z1kG8qPos,Svartklubben - Mat & Musik i Mörker,https://www.ticketmaster.se/event/svartklubben-mat--musik-i-morker-biljetter/310765471,https://s1.ticketm.net/dam/a/841/1c1b2a57-616a-4e71-8e64-37d129780841_TABLET_LANDSCAPE_16_9.jpg,2026-05-15,18:00,onsale,Miscellaneous,Food & Drink,Restaurant,Svartklubben,Stockholm,Södermannagatan 27,59.31209,18.08133,Friday,May,5,2026,18
Z698xZq2Z16vGFGxo9,MAMMA MIA! THE PARTY,https://www.ticketmaster.se/event/mamma-mia-the-party-biljetter/1308322457,https://s1.ticketm.net/dam/e/670/9a5167a0-92f9-4ccb-9a2a-c4c49e788670_TABLET_LANDSCAPE_LARGE_16_9.jpg,2026-05-15,18:30,onsale,Arts & Theatre,Theatre,Miscellaneous,Tyrol,Stockholm,Lilla Allmänna Gränd 2,59.324127,18.096259,Friday,May,5,2026,18
Z698xZq2Z16vx6bdug,Pjäsen som går åt helvete,https://www.ticketmaster.se/event/pjasen-som-gar-at-helvete-biljetter/1887603375,https://s1.ticketm.net/dam/a/cea/31ae467b-1370-43cf-b452-35e3bd5decea_RECOMENDATION_16_9.jpg,2026-05-15,19:30,onsale,Arts & Theatre,Comedy,Comedy,Göta Lejon,Stockholm,Götgatan 55,59.31378,18.07384,Friday,May,5,2026,19
Z698xZq2Z1k7Sb6oO,& Julia,https://www.ticketmaster.se/event/-julia-biljetter/133607460,https://s1.ticketm.net/dam/a/9d5/39c257d4-fad5-4891-8029-070e011c09d5_TABLET_LANDSCAPE_3_2.jpg,2026-05-15,19:30,onsale,Arts & Theatre,Theatre,Musical,Cirkus,Stockholm,Djurgårdsslätten 43-45,59.32457,18.09969,Friday,May,5,2026,19
Z698xZq2Z16vGSe4OZ,MAFFIA COMEDY SUPERWEEKEND med Jonathan Rollins m.fl,https://www.ticketmaster.se/event/maffia-comedy-superweekend-med-jonathan-rollins-mfl-biljetter/1333095800,https://s1.ticketm.net/dam/a/2f9/43412b6f-da4a-4529-afd0-31ba4b1162f9_RECOMENDATION_16_9.jpg,2026-05-15,20:00,onsale,Arts & Theatre,Comedy,Comedy,Clarion Hotel Sign,Stockholm, Östra Järnvägsgatan 35,59.99333,18.89062,Friday,May,5,2026,20
Z698xZq2Z16vPMowr3,Comedy Store,https://www.ticketmaster.se/event/comedy-store-biljetter/1977472792,https://s1.ticketm.net/dam/a/c84/3cbb4874-e6ce-493e-9b2e-98d7b6bf0c84_RETINA_PORTRAIT_3_2.jpg,2026-05-15,20:00,onsale,Arts & Theatre,Comedy,Comedy,The Laugh House på Scandic Klara,Stockholm,Slöjdgatan 7,59.33397,18.06195,Friday,May,5,2026,20
Z698xZq2Z1k7Yj04_,Stadsvandring med Christopher O'Regan - Grändernas hemligheter,https://www.ticketmaster.se/event/stadsvandring-med-christopher-oregan-grandernas-hemligheter-biljetter/130724559,https://s1.ticketm.net/dam/a/506/784570b2-0a86-4a75-8af4-bed7018b7506_CUSTOM.jpg,2026-05-16,11:00,onsale,Miscellaneous,Family,Other,Gamla stan,Stockholm,Slottsbacken,59.3266,18.0709,Saturday,May,5,2026,11
Z698xZq2Z16evo4U_p,MAMMA MIA! THE PARTY,https://www.ticketmaster.se/event/mamma-mia-the-party-biljetter/2051576656,https://s1.ticketm.net/dam/a/08d/3e62af05-2974-4fea-836f-c0c75ed0008d_RETINA_LANDSCAPE_16_9.jpg,2026-05-16,13:00,onsale,Arts & Theatre,Theatre,Miscellaneous,Tyrol,Stockholm,Lilla Allmänna Gränd 2,59.324127,18.096259,Saturday,May,5,2026,13
Z698xZq2Z16v14jJZy,& Julia,https://www.ticketmaster.se/event/-julia-biljetter/1295726039,https://s1.ticketm.net/dam/a/9d5/39c257d4-fad5-4891-8029-070e011c09d5_TABLET_LANDSCAPE_3_2.jpg,2026-05-16,15:00,onsale,Arts & Theatre,Theatre,Miscellaneous,Cirkus,Stockholm,Djurgårdsslätten 43-45,59.32457,18.09969,Saturday,May,5,2026,15
Z698xZq2Z16v8S0vkf,Pjäsen som går åt helvete,https://www.ticketmaster.se/event/pjasen-som-gar-at-helvete-biljetter/1433901194,https://s1.ticketm.net/dam/a/cea/31ae467b-1370-43cf-b452-35e3bd5decea_RECOMENDATION_16_9.jpg,2026-05-16,16:00,onsale,Arts & Theatre,Comedy,Comedy,Göta Lejon,Stockholm,Götgatan 55,59.31378,18.07384,Saturday,May,5,2026,16
Z698xZq2Z1ka_bobK,Svartklubben - Mat & Musik i Mörker,https://www.ticketmaster.se/event/svartklubben-mat--musik-i-morker-biljetter/259611613,https://s1.ticketm.net/dam/a/841/1c1b2a57-616a-4e71-8e64-37d129780841_TABLET_LANDSCAPE_16_9.jpg,2026-05-16,18:00,onsale,Miscellaneous,Food & Drink,Restaurant,Svartklubben,Stockholm,Södermannagatan 27,59.31209,18.08133,Saturday,May,5,2026,18
Z698xZq2Z16v3fed0V,Scenkursföreställning v.20 – Pictures in Motion,https://www.ticketmaster.se/event/scenkursforestallning-v20--pictures-in-motion-biljetter/1494083934,https://s1.ticketm.net/dam/e/a6e/422954a3-f072-4729-9c4a-449d6534ea6e_RETINA_LANDSCAPE_16_9.jpg,2026-05-16,19:00,onsale,Arts & Theatre,Dance,Dance,Scen Studio Fyra,Stockholm,Birger Jarlsgatan 70,59.34322,18.06386,Saturday,May,5,2026,19
Z698xZq2Z16v-yO6-y,& Julia,https://www.ticketmaster.se/event/-julia-biljetter/1879807879,https://s1.ticketm.net/dam/a/9d5/39c257d4-fad5-4891-8029-070e011c09d5_TABLET_LANDSCAPE_3_2.jpg,2026-05-16,19:30,onsale,Arts & Theatre,Theatre,Miscellaneous,Cirkus,Stockholm,Djurgårdsslätten 43-45,59.32457,18.09969,Saturday,May,5,2026,19
Z698xZq2Z16v37p__a,MAMMA MIA! THE PARTY,https://www.ticketmaster.se/event/mamma-mia-the-party-biljetter/1484599649,https://s1.ticketm.net/dam/e/259/479895bc-7cad-44ae-bdc0-6d9cf41f1259_EVENT_DETAIL_PAGE_16_9.jpg,2026-05-16,19:30,onsale,Arts & Theatre,Theatre,Miscellaneous,Tyrol,Stockholm,Lilla Allmänna Gränd 2,59.324127,18.096259,Saturday,May,5,2026,19
Z698xZq2Z16vf7Q40F,Pjäsen som går åt helvete,https://www.ticketmaster.se/event/pjasen-som-gar-at-helvete-biljetter/1504695908,https://s1.ticketm.net/dam/a/cea/31ae467b-1370-43cf-b452-35e3bd5decea_RECOMENDATION_16_9.jpg,2026-05-16,19:30,onsale,Arts & Theatre,Comedy,Comedy,Göta Lejon,Stockholm,Götgatan 55,59.31378,18.07384,Saturday,May,5,2026,19
Z698xZq2Z16vv9F8o6,Sofia Isella,https://www.ticketmaster.se/event/sofia-isella-biljetter/1057210447,https://s1.ticketm.net/dam/a/18b/d3a67dde-2420-4616-a241-560d801cc18b_TABLET_LANDSCAPE_3_2.jpg,2026-05-16,19:30,onsale,Music,Rock,Pop,Fryshuset,Stockholm,Mårtendalsgatan 2-8,59.33233,18.06293,Saturday,May,5,2026,19
Z698xZq2Z1k-w38q0,MAFFIA COMEDY SUPERWEEKEND med Jonathan Rollins m.fl,https://www.ticketmaster.se/event/maffia-comedy-superweekend-med-jonathan-rollins-mfl-biljetter/872490764,https://s1.ticketm.net/dam/a/2f9/43412b6f-da4a-4529-afd0-31ba4b1162f9_RECOMENDATION_16_9.jpg,2026-05-16,20:00,onsale,Arts & Theatre,Comedy,Comedy,Clarion Hotel Sign,Stockholm, Östra Järnvägsgatan 35,59.99333,18.89062,Saturday,May,5,2026,20
Z698xZq2Z16vGK--Gz,& Julia,https://www.ticketmaster.se/event/-julia-biljetter/1313861338,https://s1.ticketm.net/dam/a/9d5/39c257d4-fad5-4891-8029-070e011c09d5_TABLET_LANDSCAPE_3_2.jpg,2026-05-17,15:00,onsale,Arts & Theatre,Theatre,Miscellaneous,Cirkus,Stockholm,Djurgårdsslätten 43-45,59.32457,18.09969,Sunday,May,5,2026,15
Z698xZq2Z1k0617P_,Scenkursföreställning v.20 – Pictures in Motion,https://www.ticketmaster.se/event/scenkursforestallning-v20--pictures-in-motion-biljetter/907284959,https://s1.ticketm.net/dam/e/169/5524c9a4-92de-426e-a1c7-a082c35ea169_RECOMENDATION_16_9.jpg,2026-05-17,16:00,onsale,Arts & Theatre,Dance,Dance,Scen Studio Fyra,Stockholm,Birger Jarlsgatan 70,59.34322,18.06386,Sunday,May,5,2026,16
Z698xZq2Z16vp38zfv,Scenkursföreställning v.20 – Pictures in Motion,https://www.ticketmaster.se/event/scenkursforestallning-v20--pictures-in-motion-biljetter/1592438501,https://s1.ticketm.net/dam/e/9fd/818cd35b-9fbd-4fa5-996d-70760c0439fd_TABLET_LANDSCAPE_3_2.jpg,2026-05-17,17:30,onsale,Arts & Theatre,Dance,Dance,Scen Studio Fyra,Stockholm,Birger Jarlsgatan 70,59.34322,18.06386,Sunday,May,5,2026,17
Z698xZq2Z1kkb3aaN,SNOR,https://www.ticketmaster.se/event/snor-biljetter/198489263,https://s1.ticketm.net/dam/e/8bd/9ffd9e10-a719-4e46-aa6e-d77cabb528bd_TABLET_LANDSCAPE_3_2.jpg,2026-05-17,18:00,onsale,Music,Other,Other,Debaser Nova,Stockholm,Hornstulls strand,59.31366,18.03503,Sunday,May,5,2026,18
Z698xZq2Z16vveGMQa,Scenkursföreställning v.20 – Pictures in Motion,https://www.ticketmaster.se/event/scenkursforestallning-v20--pictures-in-motion-biljetter/1042337689,https://s1.ticketm.net/dam/e/299/b0e17497-7966-4f3c-9146-dcfe20825299_ARTIST_PAGE_3_2.jpg,2026-05-17,19:00,onsale,Arts & Theatre,Dance,Dance,Scen Studio Fyra,Stockholm,Birger Jarlsgatan 70,59.34322,18.06386,Sunday,May,5,2026,19
Z698xZq2Z1kuNq-jb,Svartklubben - Mat & Musik i Mörker,https://www.ticketmaster.se/event/svartklubben-mat--musik-i-morker-biljetter/363761718,https://s1.ticketm.net/dam/a/841/1c1b2a57-616a-4e71-8e64-37d129780841_TABLET_LANDSCAPE_16_9.jpg,2026-05-19,18:00,onsale,Miscellaneous,Food & Drink,Restaurant,Svartklubben,Stockholm,Södermannagatan 27,59.31209,18.08133,Tuesday,May,5,2026,18
Z698xZq2Z1kq9P_0o,Jari Sillanpää - 30 vuotta estradilla - 30 år på scen,https://www.ticketmaster.se/event/jari-sillanpaa-30-vuotta-estradilla-30-ar-pa-scen-biljetter/757959911,https://s1.ticketm.net/dam/e/0b9/50785689-3c6e-453a-ab48-ce5fd309c0b9_TABLET_LANDSCAPE_16_9.jpg,2026-05-19,19:30,onsale,Music,World,Europe,Rival,Stockholm,Mariatorget 3,59.31816,18.06364,Tuesday,May,5,2026,19
Z698xZq2Z1k4eAVoa,Tori Amos,https://www.ticketmaster.se/event/tori-amos-biljetter/542174449,https://s1.ticketm.net/dam/e/093/702c6b45-26e3-4e75-83e7-7d60c0c37093_CUSTOM.jpg,2026-05-20,19:30,onsale,Music,Alternative,Indie Pop,Cirkus,Stockholm,Djurgårdsslätten 43-45,59.32457,18.09969,Wednesday,May,5,2026,19
Z698xZq2Z16vZMPSOp,Svartklubben - Mat & Musik i Mörker,https://www.ticketmaster.se/event/svartklubben-mat--musik-i-morker-biljetter/1037973816,https://s1.ticketm.net/dam/a/841/1c1b2a57-616a-4e71-8e64-37d129780841_TABLET_LANDSCAPE_16_9.jpg,2026-05-21,18:00,onsale,Arts & Theatre,Theatre,Miscellaneous,Svartklubben,Stockholm,Södermannagatan 27,59.31209,18.08133,Thursday,May,5,2026,18
Z698xZq2Z1koIjMFo,MAMMA MIA! THE PARTY,https://www.ticketmaster.se/event/mamma-mia-the-party-biljetter/468737211,https://s1.ticketm.net/dam/e/343/360601fd-569e-4309-af27-1eede3109343_ARTIST_PAGE_3_2.jpg,2026-05-21,18:30,onsale,Arts & Theatre,Theatre,Musical,Tyrol,Stockholm,Lilla Allmänna Gränd 2,59.324127,18.096259,Thursday,May,5,2026,18
Z698xZq2Z1kFK-dJd,Kärleksbrev – En teaterföreställning om kärlek,https://www.ticketmaster.se/event/karleksbrev--en-teaterforestallning-om-karlek-biljetter/213843983,https://s1.ticketm.net/dam/a/fd9/ff081db2-2361-49cf-9cb7-18fc675b9fd9_RECOMENDATION_16_9.jpg,2026-05-21,19:00,onsale,Arts & Theatre,Theatre,Miscellaneous,Rival,Stockholm,Mariatorget 3,59.31816,18.06364,Thursday,May,5,2026,19
Z698xZq2Z16vJbpdJa,Svartklubben - Mat & Musik i Mörker,https://www.ticketmaster.se/event/svartklubben-mat--musik-i-morker-biljetter/1998583989,https://s1.ticketm.net/dam/a/841/1c1b2a57-616a-4e71-8e64-37d129780841_TABLET_LANDSCAPE_16_9.jpg,2026-05-22,18:00,onsale,Miscellaneous,Food & Drink,Restaurant,Svartklubben,Stockholm,Södermannagatan 27,59.31209,18.08133,Friday,May,5,2026,18
Z698xZq2Z16eZNr_FO,MAMMA MIA! THE PARTY,https://www.ticketmaster.se/event/mamma-mia-the-party-biljetter/2023799220,https://s1.ticketm.net/dam/e/5bf/b9e784d8-00da-424e-b8b2-bd03ca86a5bf_TABLET_LANDSCAPE_3_2.jpg,2026-05-22,18:30,onsale,Arts & Theatre,Theatre,Miscellaneous,Tyrol,Stockholm,Lilla Allmänna Gränd 2,59.324127,18.096259,Friday,May,5,2026,18
Z698xZq2Z1kG-4OJK,Bachs solosviter för cello - Konsert 1,https://www.ticketmaster.se/event/bachs-solosviter-for-cello-konsert-1-biljetter/321560993,https://s1.ticketm.net/dam/a/c23/43c3d863-3ce7-4868-973f-009502841c23_TABLET_LANDSCAPE_16_9.jpg,2026-05-22,19:00,onsale,Arts & Theatre,Classical,Classical/Vocal,Allhelgonakyrkan,Stockholm,Helgalunden 9,59.30982,18.07379,Friday,May,5,2026,19
Z698xZq2Z1kbvjMp9,Balettakademien - REACT,https://www.ticketmaster.se/event/balettakademien-react-biljetter/601737597,https://s1.ticketm.net/dam/e/681/5a07807d-b6b0-4ba8-99b6-9455a02e1681_EVENT_DETAIL_PAGE_16_9.jpg,2026-05-22,19:00,onsale,Arts & Theatre,Dance,Dance,Dansens Hus - Stora Scen,Stockholm,Barnhusgatan 12-14,59.33623,18.05644,Friday,May,5,2026,19
Z698xZq2Z1kQ4Os_3,& Julia,https://www.ticketmaster.se/event/-julia-biljetter/695831652,https://s1.ticketm.net/dam/a/9d5/39c257d4-fad5-4891-8029-070e011c09d5_TABLET_LANDSCAPE_3_2.jpg,2026-05-22,19:30,onsale,Arts & Theatre,Theatre,Musical,Cirkus,Stockholm,Djurgårdsslätten 43-45,59.32457,18.09969,Friday,May,5,2026,19
Z698xZq2Z16vbApbFY,Staffan Hellstrand med vänner 70år,https://www.ticketmaster.se/event/staffan-hellstrand-med-vanner-70ar-biljetter/1605598230,https://s1.ticketm.net/dam/e/84c/4a99e14f-7a70-4583-b2b4-e5502f93484c_CUSTOM.jpg,2026-05-22,20:00,onsale,Music,Rock,Pop,Göta Lejon,Stockholm,Götgatan 55,59.31378,18.07384,Friday,May,5,2026,20
Z698xZq2Z1ku-AJ3k,MAFFIA COMEDY SUPERWEEKEND med Johannes Brenning m.fl,https://www.ticketmaster.se/event/maffia-comedy-superweekend-med-johannes-brenning-mfl-biljetter/361166486,https://s1.ticketm.net/dam/a/2f9/43412b6f-da4a-4529-afd0-31ba4b1162f9_RECOMENDATION_16_9.jpg,2026-05-22,20:00,onsale,Arts & Theatre,Comedy,Comedy,Clarion Hotel Sign,Stockholm, Östra Järnvägsgatan 35,59.99333,18.89062,Friday,May,5,2026,20
Z698xZq2Z1kO3qw_3,Stadsvandring med Christopher O'Regan - Grändernas hemligheter,https://www.ticketmaster.se/event/stadsvandring-med-christopher-oregan-grandernas-hemligheter-biljetter/812772652,https://s1.ticketm.net/dam/a/506/784570b2-0a86-4a75-8af4-bed7018b7506_CUSTOM.jpg,2026-05-23,11:00,onsale,Miscellaneous,Fairs & Festivals,Fairs & Festivals,Gamla stan,Stockholm,Slottsbacken,59.3266,18.0709,Saturday,May,5,2026,11
Z698xZq2Z16vOba7fU,MAMMA MIA! THE PARTY,https://www.ticketmaster.se/event/mamma-mia-the-party-biljetter/1818244536,https://s1.ticketm.net/dam/a/08d/3e62af05-2974-4fea-836f-c0c75ed0008d_RETINA_LANDSCAPE_16_9.jpg,2026-05-23,13:00,onsale,Arts & Theatre,Theatre,Musical,Tyrol,Stockholm,Lilla Allmänna Gränd 2,59.324127,18.096259,Saturday,May,5,2026,13
Z698xZq2Z1kQKfFPJ,& Julia,https://www.ticketmaster.se/event/-julia-biljetter/693508966,https://s1.ticketm.net/dam/a/9d5/39c257d4-fad5-4891-8029-070e011c09d5_TABLET_LANDSCAPE_3_2.jpg,2026-05-23,15:00,onsale,Arts & Theatre,Theatre,Miscellaneous,Cirkus,Stockholm,Djurgårdsslätten 43-45,59.32457,18.09969,Saturday,May,5,2026,15
Z698xZq2Z1kk8uo3F,Bachs solosviter för cello - Konsert 2,https://www.ticketmaster.se/event/bachs-solosviter-for-cello-konsert-2-biljetter/190351488,https://s1.ticketm.net/dam/a/c23/43c3d863-3ce7-4868-973f-009502841c23_TABLET_LANDSCAPE_16_9.jpg,2026-05-23,18:00,onsale,Arts & Theatre,Classical,Classical/Vocal,Allhelgonakyrkan,Stockholm,Helgalunden 9,59.30982,18.07379,Saturday,May,5,2026,18
Z698xZq2Z1kpeJb4_,Svartklubben - Mat & Musik i Mörker,https://www.ticketmaster.se/event/svartklubben-mat--musik-i-morker-biljetter/582998559,https://s1.ticketm.net/dam/a/841/1c1b2a57-616a-4e71-8e64-37d129780841_TABLET_LANDSCAPE_16_9.jpg,2026-05-23,18:00,onsale,Miscellaneous,Food & Drink,Restaurant,Svartklubben,Stockholm,Södermannagatan 27,59.31209,18.08133,Saturday,May,5,2026,18
Z698xZq2Z1k8EOIvd,Balettakademien - REACT,https://www.ticketmaster.se/event/balettakademien-react-biljetter/427828043,https://s1.ticketm.net/dam/e/096/ff0747bc-6b89-4bcc-ba46-344c40af1096_TABLET_LANDSCAPE_LARGE_16_9.jpg,2026-05-23,19:00,onsale,Arts & Theatre,Dance,Dance,Dansens Hus - Stora Scen,Stockholm,Barnhusgatan 12-14,59.33623,18.05644,Saturday,May,5,2026,19
Z698xZq2Z16vO60b-d,Cherrie,https://www.ticketmaster.se/event/cherrie-biljetter/1807918843,https://s1.ticketm.net/dam/a/baa/bd19a56c-3b0a-49e5-b0ef-5516246edbaa_1671321_RECOMENDATION_16_9.jpg,2026-05-23,19:30,onsale,Music,Hip-Hop/Rap,Hip-Hop/Rap,Vasateatern,Stockholm,Vasagatan 19,59.3342,18.05586,Saturday,May,5,2026,19
Z698xZq2Z16vuzva0g,& Julia,https://www.ticketmaster.se/event/-julia-biljetter/1378049935,https://s1.ticketm.net/dam/a/9d5/39c257d4-fad5-4891-8029-070e011c09d5_TABLET_LANDSCAPE_3_2.jpg,2026-05-23,19:30,onsale,Arts & Theatre,Theatre,Miscellaneous,Cirkus,Stockholm,Djurgårdsslätten 43-45,59.32457,18.09969,Saturday,May,5,2026,19
Z698xZq2Z1kFzekeb,MAMMA MIA! THE PARTY,https://www.ticketmaster.se/event/mamma-mia-the-party-biljetter/238086098,https://s1.ticketm.net/dam/e/035/a08cdcb8-823a-466a-92b2-f54b8d3f9035_ARTIST_PAGE_3_2.jpg,2026-05-23,19:30,onsale,Arts & Theatre,Theatre,Musical,Tyrol,Stockholm,Lilla Allmänna Gränd 2,59.324127,18.096259,Saturday,May,5,2026,19
Z698xZq2Z1kG3ak07,"NE-YO & AKON: Nights Like This Tour 2026 , Platinum Tickets",https://www.ticketmaster.se/event/ne-yo--akon-nights-like-this-tour-2026--platinumbiljetter-biljetter/312246904,https://s1.ticketm.net/dam/e/2f1/85d5031a-a88f-4610-ad1c-3d5c0c64d2f1_RETINA_LANDSCAPE_16_9.jpg,2026-05-23,19:30,onsale,Music,Hip-Hop/Rap,Hip-Hop/Rap,Avicii Arena,Stockholm,Globentorget 2,59.29416,18.08081,Saturday,May,5,2026,19
Z698xZq2Z16v17uOFv,MAFFIA COMEDY SUPERWEEKEND med Johannes Brenning m.fl,https://www.ticketmaster.se/event/maffia-comedy-superweekend-med-johannes-brenning-mfl-biljetter/1284360201,https://s1.ticketm.net/dam/a/2f9/43412b6f-da4a-4529-afd0-31ba4b1162f9_RECOMENDATION_16_9.jpg,2026-05-23,20:00,onsale,Arts & Theatre,Comedy,Comedy,Clarion Hotel Sign,Stockholm, Östra Järnvägsgatan 35,59.99333,18.89062,Saturday,May,5,2026,20
Z698xZq2Z1kbojx-d,& Julia,https://www.ticketmaster.se/event/-julia-biljetter/611722843,https://s1.ticketm.net/dam/a/9d5/39c257d4-fad5-4891-8029-070e011c09d5_TABLET_LANDSCAPE_3_2.jpg,2026-05-24,15:00,onsale,Arts & Theatre,Theatre,Miscellaneous,Cirkus,Stockholm,Djurgårdsslätten 43-45,59.32457,18.09969,Sunday,May,5,2026,15
Z698xZq2Z16vvzoUfP,Laibach,https://www.ticketmaster.se/event/laibach-biljetter/1078476525,https://s1.ticketm.net/dam/a/b7b/ec07c653-4124-4771-b5d1-c35c71a88b7b_TABLET_LANDSCAPE_3_2.jpg,2026-05-24,19:00,onsale,Music,Other,Other,Nya Cirkus,Stockholm,Djurgårdsslätten 43-45,59.32458,18.0997,Sunday,May,5,2026,19
Z698xZq2Z1kxfGk8U,Maddox Batson - Live Worldwide Tour,https://www.ticketmaster.se/event/maddox-batson-live-worldwide-tour-biljetter/894306436,https://s1.ticketm.net/dam/a/54f/b81a0792-67bd-491d-8804-674ffc61c54f_RETINA_PORTRAIT_3_2.jpg,2026-05-24,20:00,onsale,Music,Folk,Folk,Fryshuset,Stockholm,Mårtendalsgatan 2-8,59.33233,18.06293,Sunday,May,5,2026,20
Z698xZq2Z1kueAb8f,Erik Grönwall - SLUTSÅLT,https://www.ticketmaster.se/event/erik-gronwall-slutsalt-biljetter/342158414,https://s1.ticketm.net/dam/a/f3c/e2042924-e66e-4864-ac41-38647653ff3c_CUSTOM.jpg,2026-05-25,19:30,onsale,Arts & Theatre,Miscellaneous,Miscellaneous,Cirkus,Stockholm,Djurgårdsslätten 43-45,59.32457,18.09969,Monday,May,5,2026,19
Z698xZq2Z16v7KaZx9,Svartklubben - Mat & Musik i Mörker,https://www.ticketmaster.se/event/svartklubben-mat--musik-i-morker-biljetter/1113240897,https://s1.ticketm.net/dam/a/841/1c1b2a57-616a-4e71-8e64-37d129780841_TABLET_LANDSCAPE_16_9.jpg,2026-05-26,18:00,onsale,Miscellaneous,Food & Drink,Restaurant,Svartklubben,Stockholm,Södermannagatan 27,59.31209,18.08133,Tuesday,May,5,2026,18
Z698xZq2Z16v17PNuE,Erik Grönwall - SLUTSÅLT,https://www.ticketmaster.se/event/erik-gronwall-slutsalt-biljetter/1284963367,https://s1.ticketm.net/dam/e/2e4/ed81a94c-f90b-45d5-8762-aaab514452e4_TABLET_LANDSCAPE_LARGE_16_9.jpg,2026-05-26,19:30,onsale,Arts & Theatre,Miscellaneous,Miscellaneous,Cirkus,Stockholm,Djurgårdsslätten 43-45,59.32457,18.09969,Tuesday,May,5,2026,19
Z698xZq2Z1ku-p_kF,Heave Blood & Die,https://www.ticketmaster.se/event/heave-blood--die-biljetter/361599188,https://s1.ticketm.net/dam/c/797/5e693c26-2881-4776-8f0c-3aa94bfa3797_106511_TABLET_LANDSCAPE_3_2.jpg,2026-05-26,19:30,onsale,Music,Metal,Metal,Debaser Nova,Stockholm,Hornstulls strand,59.31366,18.03503,Tuesday,May,5,2026,19
Z698xZq2Z16vuKPg0F,Erik Lundin,https://www.ticketmaster.se/event/erik-lundin-biljetter/1353975908,https://s1.ticketm.net/dam/a/7d2/883e2b38-924c-4609-9a1e-3bfe304027d2_237621_RETINA_PORTRAIT_16_9.jpg,2026-05-27,19:30,onsale,Music,Hip-Hop/Rap,Hip-Hop/Rap,Cirkus,Stockholm,Djurgårdsslätten 43-45,59.32457,18.09969,Wednesday,May,5,2026,19
Z698xZq2Z16v8ok8by,Black Coffee,https://www.ticketmaster.se/event/black-coffee-biljetter/1411190639,https://s1.ticketm.net/dam/e/31c/68dd50ff-1ac0-4193-b0cc-7460dafd131c_TABLET_LANDSCAPE_LARGE_16_9.jpg,2026-05-28,17:00,onsale,Music,Dance/Electronic,Dance/Electronic,Portlands - Frihamnen,Stockholm,Frihamnsgatan 14,59.34153,18.11903,Thursday,May,5,2026,17
Z698xZq2Z16vj9FF-Y,Svartklubben - Mat & Musik i Mörker,https://www.ticketmaster.se/event/svartklubben-mat--musik-i-morker-biljetter/1717208870,https://s1.ticketm.net/dam/a/841/1c1b2a57-616a-4e71-8e64-37d129780841_TABLET_LANDSCAPE_16_9.jpg,2026-05-28,18:00,onsale,Miscellaneous,Food & Drink,Restaurant,Svartklubben,Stockholm,Södermannagatan 27,59.31209,18.08133,Thursday,May,5,2026,18
Z698xZq2Z16evNpdZP,MAMMA MIA! THE PARTY,https://www.ticketmaster.se/event/mamma-mia-the-party-biljetter/2063583025,https://s1.ticketm.net/dam/e/aa4/a20a7840-d542-4cf1-aeb9-cf744fb88aa4_ARTIST_PAGE_3_2.jpg,2026-05-28,18:30,onsale,Arts & Theatre,Theatre,Miscellaneous,Tyrol,Stockholm,Lilla Allmänna Gränd 2,59.324127,18.096259,Thursday,May,5,2026,18
Z698xZq2Z16vZOo0oM,& Julia,https://www.ticketmaster.se/event/-julia-biljetter/1020464477,https://s1.ticketm.net/dam/a/9d5/39c257d4-fad5-4891-8029-070e011c09d5_TABLET_LANDSCAPE_3_2.jpg,2026-05-28,19:30,onsale,Arts & Theatre,Theatre,Musical,Cirkus,Stockholm,Djurgårdsslätten 43-45,59.32457,18.09969,Thursday,May,5,2026,19
Z698xZq2Z1kbAqepF,Från Rockens Himlar,https://www.ticketmaster.se/event/fran-rockens-himlar-biljetter/605742588,https://s1.ticketm.net/dam/e/33b/23b3c92b-3f79-41f6-85af-11f1608d533b_ARTIST_PAGE_3_2.jpg,2026-05-29,17:00,onsale,Music,Rock,Pop,Filadelfia Convention Center,Stockholm,Rörstrandsgatan 5,59.33948,18.03484,Friday,May,5,2026,17
Z698xZq2Z16vvFG-j-,Svartklubben - Mat & Musik i Mörker,https://www.ticketmaster.se/event/svartklubben-mat--musik-i-morker-biljetter/1048321721,https://s1.ticketm.net/dam/a/841/1c1b2a57-616a-4e71-8e64-37d129780841_TABLET_LANDSCAPE_16_9.jpg,2026-05-29,18:00,onsale,Miscellaneous,Food & Drink,Restaurant,Svartklubben,Stockholm,Södermannagatan 27,59.31209,18.08133,Friday,May,5,2026,18
Z698xZq2Z16vJpZIr3,MAMMA MIA! THE PARTY,https://www.ticketmaster.se/event/mamma-mia-the-party-biljetter/1996028792,https://s1.ticketm.net/dam/e/72b/4f7b853f-5968-4d34-9742-0dd23e6ce72b_EVENT_DETAIL_PAGE_16_9.jpg,2026-05-29,18:30,onsale,Arts & Theatre,Theatre,Musical,Tyrol,Stockholm,Lilla Allmänna Gränd 2,59.324127,18.096259,Friday,May,5,2026,18
Z698xZq2Z16vuIJovE,Kungliga Svenska Balettskolan - Jaunty,https://www.ticketmaster.se/event/kungliga-svenska-balettskolan-jaunty-biljetter/1368991067,https://s1.ticketm.net/dam/a/23e/5cecdced-e7a2-4449-8523-f129d01d423e_ARTIST_PAGE_3_2.jpg,2026-05-29,19:00,onsale,Arts & Theatre,Dance,Dance,Dansens Hus - Stora Scen,Stockholm,Barnhusgatan 12-14,59.33623,18.05644,Friday,May,5,2026,19
Z698xZq2Z16vAEAK0_,& Julia,https://www.ticketmaster.se/event/-julia-biljetter/1167153919,https://s1.ticketm.net/dam/a/9d5/39c257d4-fad5-4891-8029-070e011c09d5_TABLET_LANDSCAPE_3_2.jpg,2026-05-29,19:30,onsale,Arts & Theatre,Theatre,Musical,Cirkus,Stockholm,Djurgårdsslätten 43-45,59.32457,18.09969,Friday,May,5,2026,19
Z698xZq2Z1k-Kf43a,Fortune Feimster - Takin' Care of Biscuits,https://www.ticketmaster.se/event/fortune-feimster-takin-care-of-biscuits-biljetter/853515489,https://s1.ticketm.net/dam/a/276/47149ce4-970f-43e2-9440-dc698662d276_TABLET_LANDSCAPE_LARGE_16_9.jpg,2026-05-29,19:30,onsale,Arts & Theatre,Comedy,Comedy,Maximteatern,Stockholm,Karlaplan 4,59.3369,18.08888,Friday,May,5,2026,19
Z698xZq2Z1krffsAO,"LINKIN PARK - From Zero World Tour 2026, Platinum tickets",https://www.ticketmaster.se/event/linkin-park-from-zero-world-tour-2026-platinumbiljetter-biljetter/794531160,https://s1.ticketm.net/dam/a/534/d3a239c9-96b9-4f75-a63d-2ca2c5a2c534_SOURCE,2026-05-29,19:30,onsale,Music,Rock,Pop,3Arena,Stockholm,Arenaslingan 14,59.29045,18.08558,Friday,May,5,2026,19
Z998xZq2ZpQ3_r2ppZQ5jrb2j,LINKIN PARK - From Zero World Tour 2026 - Hotel Packages,https://www.travelcircus.se/linkin-park-stockholm?locale=en_GB,https://s1.ticketm.net/dam/a/534/d3a239c9-96b9-4f75-a63d-2ca2c5a2c534_SOURCE,2026-05-29,19:30,onsale,Music,Rock,Alternative Rock,3Arena,Stockholm,Arenaslingan 14,59.29045,18.08558,Friday,May,5,2026,19
Z698xZq2Z16vAZGvb3,MAFFIA COMEDY SUPERWEEKEND med Per-Robin Gustafsson m.fl,https://www.ticketmaster.se/event/maffia-comedy-superweekend-med-per-robin-gustafsson-mfl-biljetter/1140301612,https://s1.ticketm.net/dam/a/2f9/43412b6f-da4a-4529-afd0-31ba4b1162f9_RECOMENDATION_16_9.jpg,2026-05-29,20:00,onsale,Arts & Theatre,Comedy,Comedy,Clarion Hotel Sign,Stockholm, Östra Järnvägsgatan 35,59.99333,18.89062,Friday,May,5,2026,20
Z698xZq2Z16v_FGkZp,Från Rockens Himlar,https://www.ticketmaster.se/event/fran-rockens-himlar-biljetter/1648306016,https://s1.ticketm.net/dam/e/ebd/84e58340-2e15-478e-8c7d-6901787dbebd_RETINA_PORTRAIT_16_9.jpg,2026-05-29,20:00,onsale,Music,Rock,Pop,Filadelfia Convention Center,Stockholm,Rörstrandsgatan 5,59.33948,18.03484,Friday,May,5,2026,20
Z698xZq2Z1kPVAzx9,Eric Sporrong,https://www.ticketmaster.se/event/eric-sporrong-biljetter/974178897,https://s1.ticketm.net/dam/e/666/142fc20f-2313-4d0a-a474-131a660ec666_TABLET_LANDSCAPE_3_2.jpg,2026-05-29,20:00,cancelled,Arts & Theatre,Comedy,Comedy,Göta Lejon,Stockholm,Götgatan 55,59.31378,18.07384,Friday,May,5,2026,20
Z698xZq2Z16v_OA_0U,Stadsvandring med Christopher O'Regan - Grändernas hemligheter,https://www.ticketmaster.se/event/stadsvandring-med-christopher-oregan-grandernas-hemligheter-biljetter/1660159936,https://s1.ticketm.net/dam/a/506/784570b2-0a86-4a75-8af4-bed7018b7506_CUSTOM.jpg,2026-05-30,11:00,onsale,Miscellaneous,Family,Other,Gamla stan,Stockholm,Slottsbacken,59.3266,18.0709,Saturday,May,5,2026,11
Z698xZq2Z1k_VuUFJ,& Julia,https://www.ticketmaster.se/event/-julia-biljetter/674376226,https://s1.ticketm.net/dam/a/9d5/39c257d4-fad5-4891-8029-070e011c09d5_TABLET_LANDSCAPE_3_2.jpg,2026-05-30,15:00,onsale,Arts & Theatre,Theatre,Miscellaneous,Cirkus,Stockholm,Djurgårdsslätten 43-45,59.32457,18.09969,Saturday,May,5,2026,15
Z698xZq2Z1kjAvfba,Kungliga Svenska Balettskolan - Jaunty,https://www.ticketmaster.se/event/kungliga-svenska-balettskolan-jaunty-biljetter/705054609,https://s1.ticketm.net/dam/a/23e/5cecdced-e7a2-4449-8523-f129d01d423e_ARTIST_PAGE_3_2.jpg,2026-05-30,15:00,onsale,Arts & Theatre,Dance,Dance,Dansens Hus - Stora Scen,Stockholm,Barnhusgatan 12-14,59.33623,18.05644,Saturday,May,5,2026,15
Z698xZq2Z16vbY7Fa3,Eric Sporrong,https://www.ticketmaster.se/event/eric-sporrong-biljetter/1630108252,https://s1.ticketm.net/dam/e/30e/48d06bbd-3817-4d77-9dbe-c70ad9e7330e_SOURCE,2026-05-30,16:00,cancelled,Arts & Theatre,Comedy,Comedy,Göta Lejon,Stockholm,Götgatan 55,59.31378,18.07384,Saturday,May,5,2026,16
Z698xZq2Z1ke6Jevx,Svartklubben - Mat & Musik i Mörker,https://www.ticketmaster.se/event/svartklubben-mat--musik-i-morker-biljetter/87982062,https://s1.ticketm.net/dam/a/841/1c1b2a57-616a-4e71-8e64-37d129780841_TABLET_LANDSCAPE_16_9.jpg,2026-05-30,18:00,onsale,Arts & Theatre,Theatre,Miscellaneous,Svartklubben,Stockholm,Södermannagatan 27,59.31209,18.08133,Saturday,May,5,2026,18
Z698xZq2Z16vPJ8_ov,& Julia,https://www.ticketmaster.se/event/-julia-biljetter/1966419441,https://s1.ticketm.net/dam/a/9d5/39c257d4-fad5-4891-8029-070e011c09d5_TABLET_LANDSCAPE_3_2.jpg,2026-05-30,19:30,onsale,Arts & Theatre,Theatre,Miscellaneous,Cirkus,Stockholm,Djurgårdsslätten 43-45,59.32457,18.09969,Saturday,May,5,2026,19
Z698xZq2Z1k0Ybsb3,MAMMA MIA! THE PARTY,https://www.ticketmaster.se/event/mamma-mia-the-party-biljetter/930631612,https://s1.ticketm.net/dam/e/7f8/577ac787-4aef-4a75-a61c-0840d7f9f7f8_TABLET_LANDSCAPE_LARGE_16_9.jpg,2026-05-30,19:30,onsale,Arts & Theatre,Theatre,Musical,Tyrol,Stockholm,Lilla Allmänna Gränd 2,59.324127,18.096259,Saturday,May,5,2026,19
Z698xZq2Z16v-k8Ef-,MAFFIA COMEDY SUPERWEEKEND med Per-Robin Gustafsson m.fl,https://www.ticketmaster.se/event/maffia-comedy-superweekend-med-per-robin-gustafsson-mfl-biljetter/1846427521,https://s1.ticketm.net/dam/a/2f9/43412b6f-da4a-4529-afd0-31ba4b1162f9_RECOMENDATION_16_9.jpg,2026-05-30,20:00,onsale,Arts & Theatre,Comedy,Comedy,Clarion Hotel Sign,Stockholm, Östra Järnvägsgatan 35,59.99333,18.89062,Saturday,May,5,2026,20
Z698xZq2Z16vAkov76,Sivan Perwer – LIVE IN STOCKHOLM,https://www.ticketmaster.se/event/sivan-perwer--live-in-stockholm-biljetter/1146441107,https://s1.ticketm.net/dam/a/786/b07ae615-0f79-401e-8158-37393c8ac786_SOURCE,2026-05-30,20:00,onsale,Music,Other,Other,Nya Cirkus,Stockholm,Djurgårdsslätten 43-45,59.32458,18.0997,Saturday,May,5,2026,20
Z698xZq2Z1k14pbxk,Eric Sporrong,https://www.ticketmaster.se/event/eric-sporrong-biljetter/295598886,https://s1.ticketm.net/dam/e/0ea/f35ba7c6-4587-4479-8499-a3ba5cbd40ea_EVENT_DETAIL_PAGE_16_9.jpg,2026-05-30,20:00,cancelled,Arts & Theatre,Comedy,Comedy,Göta Lejon,Stockholm,Götgatan 55,59.31378,18.07384,Saturday,May,5,2026,20
Z698xZq2Z16vf3PIp8,& Julia,https://www.ticketmaster.se/event/-julia-biljetter/1512968590,https://s1.ticketm.net/dam/a/9d5/39c257d4-fad5-4891-8029-070e011c09d5_TABLET_LANDSCAPE_3_2.jpg,2026-05-31,15:00,onsale,Arts & Theatre,Theatre,Miscellaneous,Cirkus,Stockholm,Djurgårdsslätten 43-45,59.32457,18.09969,Sunday,May,5,2026,15
Z698xZq2Z1kFZ-d-k,EMPIRE OF THE SUN - Empyreans Super VIP M&G Experience,https://www.ticketmaster.se/event/empire-of-the-sun-empyreans-super-vip-mg-experience-biljetter/200843846,https://s1.ticketm.net/dam/a/646/1b8fbcb9-46d0-45e4-ba5c-867795b8c646_CUSTOM.jpg,2026-06-01,00:00,onsale,Music,Alternative,Indie Pop,Gröna Lund,Stockholm,Lilla Allmänna Gränd 8,59.3226,18.0977,Monday,June,6,2026,0
Z698xZq2Z16va8Fd_S,Svartklubben - Mat & Musik i Mörker,https://www.ticketmaster.se/event/svartklubben-mat--musik-i-morker-biljetter/1250203673,https://s1.ticketm.net/dam/a/841/1c1b2a57-616a-4e71-8e64-37d129780841_TABLET_LANDSCAPE_16_9.jpg,2026-06-03,18:00,onsale,Arts & Theatre,Theatre,Miscellaneous,Svartklubben,Stockholm,Södermannagatan 27,59.31209,18.08133,Wednesday,June,6,2026,18
Z698xZq2Z16vbSQd4V,MAMMA MIA! THE PARTY,https://www.ticketmaster.se/event/mamma-mia-the-party-biljetter/1633683574,https://s1.ticketm.net/dam/a/08d/3e62af05-2974-4fea-836f-c0c75ed0008d_RETINA_LANDSCAPE_16_9.jpg,2026-06-04,18:30,onsale,Arts & Theatre,Theatre,Musical,Tyrol,Stockholm,Lilla Allmänna Gränd 2,59.324127,18.096259,Thursday,June,6,2026,18
Z698xZq2Z1kjNOtxa,Svartklubben - Mat & Musik i Mörker,https://www.ticketmaster.se/event/svartklubben-mat--musik-i-morker-biljetter/723829889,https://s1.ticketm.net/dam/a/841/1c1b2a57-616a-4e71-8e64-37d129780841_TABLET_LANDSCAPE_16_9.jpg,2026-06-05,18:00,onsale,Miscellaneous,Food & Drink,Restaurant,Svartklubben,Stockholm,Södermannagatan 27,59.31209,18.08133,Friday,June,6,2026,18
Z698xZq2Z16vooq8P-,MAMMA MIA! THE PARTY,https://www.ticketmaster.se/event/mamma-mia-the-party-biljetter/1451750961,https://s1.ticketm.net/dam/a/08d/3e62af05-2974-4fea-836f-c0c75ed0008d_RETINA_LANDSCAPE_16_9.jpg,2026-06-05,18:30,onsale,Arts & Theatre,Theatre,Miscellaneous,Tyrol,Stockholm,Lilla Allmänna Gränd 2,59.324127,18.096259,Friday,June,6,2026,18
Z698xZq2Z16vqIOM03,John Vincent III,https://www.ticketmaster.se/event/john-vincent-iii-biljetter/1768837912,https://s1.ticketm.net/dam/a/944/6b80ff9a-a664-42d9-aef0-a4fe5fcf0944_TABLET_LANDSCAPE_16_9.jpg,2026-06-05,19:30,onsale,Music,Other,Other,Debaser Strand,Stockholm,Hornstulls strand 4,59.31465,18.03185,Friday,June,6,2026,19
Z698xZq2Z16vP0fz3f,Svartklubben - Mat & Musik i Mörker,https://www.ticketmaster.se/event/svartklubben-mat--musik-i-morker-biljetter/1964538494,https://s1.ticketm.net/dam/a/841/1c1b2a57-616a-4e71-8e64-37d129780841_TABLET_LANDSCAPE_16_9.jpg,2026-06-06,18:00,onsale,Arts & Theatre,Theatre,Miscellaneous,Svartklubben,Stockholm,Södermannagatan 27,59.31209,18.08133,Saturday,June,6,2026,18
Z698xZq2Z1ka9j7Aa,MAMMA MIA! THE PARTY,https://www.ticketmaster.se/event/mamma-mia-the-party-biljetter/257704149,https://s1.ticketm.net/dam/a/08d/3e62af05-2974-4fea-836f-c0c75ed0008d_RETINA_LANDSCAPE_16_9.jpg,2026-06-06,19:30,onsale,Arts & Theatre,Theatre,Musical,Tyrol,Stockholm,Lilla Allmänna Gränd 2,59.324127,18.096259,Saturday,June,6,2026,19
Z698xZq2Z16vFdj-AU,Elvis Costello & The Imposters with Charlie Sexton,https://www.ticketmaster.se/event/elvis-costello--the-imposters-with-charlie-sexton-biljetter/1203721176,https://s1.ticketm.net/dam/a/a67/f8363dcf-2b82-46fd-b4b1-f13509124a67_ARTIST_PAGE_3_2.jpg,2026-06-07,20:00,onsale,Music,Other,Other,Cirkus,Stockholm,Djurgårdsslätten 43-45,59.32457,18.09969,Sunday,June,6,2026,20
Z698xZq2Z1k80FpQv,Guitar Wolf & The Hard-Ons (featuring Jerry A),https://www.ticketmaster.se/event/guitar-wolf--the-hard-ons-featuring-jerry-a--biljetter/424216681,https://s1.ticketm.net/dam/e/43b/39d2ad40-d906-4f73-818d-393037e0743b_SOURCE,2026-06-08,20:00,onsale,Music,Other,Other,Debaser Nova,Stockholm,Hornstulls strand,59.31366,18.03503,Monday,June,6,2026,20
Z698xZq2Z16vu4Fe-N,Svartklubben - Mat & Musik i Mörker,https://www.ticketmaster.se/event/svartklubben-mat--musik-i-morker-biljetter/1355202863,https://s1.ticketm.net/dam/a/841/1c1b2a57-616a-4e71-8e64-37d129780841_TABLET_LANDSCAPE_16_9.jpg,2026-06-10,18:00,onsale,Miscellaneous,Food & Drink,Restaurant,Svartklubben,Stockholm,Södermannagatan 27,59.31209,18.08133,Wednesday,June,6,2026,18
Z698xZq2Z16eZdFFZz,Tower of Power,https://www.ticketmaster.se/event/tower-of-power-biljetter/2003208038,https://s1.ticketm.net/dam/e/4b7/8e0d4f51-bb86-40ab-9c62-3a91f39294b7_RECOMENDATION_16_9.jpg,2026-06-10,19:30,onsale,Music,R&B,Soul,Cirkus,Stockholm,Djurgårdsslätten 43-45,59.32457,18.09969,Wednesday,June,6,2026,19
Z698xZq2Z16v7EaE0I,MAMMA MIA! THE PARTY,https://www.ticketmaster.se/event/mamma-mia-the-party-biljetter/1127267928,https://s1.ticketm.net/dam/a/08d/3e62af05-2974-4fea-836f-c0c75ed0008d_RETINA_LANDSCAPE_16_9.jpg,2026-06-11,18:30,onsale,Arts & Theatre,Theatre,Musical,Tyrol,Stockholm,Lilla Allmänna Gränd 2,59.324127,18.096259,Thursday,June,6,2026,18
Z698xZq2Z1k4gQF4x,Jo Koy: Just Being Koy Tour,https://www.ticketmaster.se/event/jo-koy-just-being-koy-tour-biljetter/575688562,https://s1.ticketm.net/dam/a/fab/f98750ce-3d3d-4242-9cc6-1fe87f15bfab_RECOMENDATION_16_9.jpg,2026-06-11,20:00,onsale,Arts & Theatre,Comedy,Comedy,Cirkus,Stockholm,Djurgårdsslätten 43-45,59.32457,18.09969,Thursday,June,6,2026,20
Z698xZq2Z16evaQoOo,Mediumkurs steg 3,https://www.ticketmaster.se/event/mediumkurs-steg-3-biljetter/2049691811,https://s1.ticketm.net/dam/a/28a/11c9cf35-8fa4-40e0-a466-9eee698a528a_TABLET_LANDSCAPE_LARGE_16_9.jpg,2026-06-12,16:00,onsale,Arts & Theatre,Magic & Illusion,Magic,Butik Labyrint,Stockholm,Karlbergsvägen 54,59.34264,18.03544,Friday,June,6,2026,16
Z-98xZq2Z8VV8micynMzQMnwmBwZQ5jrb2j,Foo Fighters: TAKE COVER TOUR 2026 | Strawberry Arena Premium Experience,https://www.ticketmaster.se/explore/foo-fighters-premium,https://s1.ticketm.net/dam/a/a86/e34186a0-096e-4145-9ff7-208608c1fa86_RETINA_PORTRAIT_3_2.jpg,2026-06-12,17:30,onsale,Music,Rock,Alternative Rock,Strawberry Arena,Stockholm,Råsta Strandväg 1,59.37254,18.00041,Friday,June,6,2026,17
Z698xZq2Z16vjV4-b3,Foo Fighters: TAKE COVER TOUR 2026,https://www.ticketmaster.se/event/foo-fighters-take-cover-tour-2026-biljetter/1734561612,https://s1.ticketm.net/dam/a/a86/e34186a0-096e-4145-9ff7-208608c1fa86_RETINA_PORTRAIT_3_2.jpg,2026-06-12,17:30,onsale,Music,Rock,Pop,Strawberry Arena,Stockholm,Råsta Strandväg 1,59.37254,18.00041,Friday,June,6,2026,17
ZJ98xZq2Z8VV8micynMz3VynsQJIYJinZQ5jrb2j,Foo Fighters: TAKE COVER TOUR 2026 | Hotel Packages,https://www.travelcircus.se/foo-fighters-stockholm?partner-referral=be397214e17a5cd5&utm_campaign=foo-fighters-stockholm&utm_source=foo_Fighters_Stockholm&utm_medium=travelcircus-affiliate,https://s1.ticketm.net/dam/a/bc0/8341ed56-92be-4c3a-a4d2-7f1e76f09bc0_ARTIST_PAGE_3_2.jpg,2026-06-12,17:30,onsale,Music,Rock,Alternative Rock,Strawberry Arena,Stockholm,Råsta Strandväg 1,59.37254,18.00041,Friday,June,6,2026,17
Z698xZq2Z1kxZCbxb,Svartklubben - Mat & Musik i Mörker,https://www.ticketmaster.se/event/svartklubben-mat--musik-i-morker-biljetter/880398898,https://s1.ticketm.net/dam/a/841/1c1b2a57-616a-4e71-8e64-37d129780841_TABLET_LANDSCAPE_16_9.jpg,2026-06-12,18:00,onsale,Arts & Theatre,Theatre,Miscellaneous,Svartklubben,Stockholm,Södermannagatan 27,59.31209,18.08133,Friday,June,6,2026,18
Z698xZq2Z1k_PFEa4,MAMMA MIA! THE PARTY,https://www.ticketmaster.se/event/mamma-mia-the-party-biljetter/665227255,https://s1.ticketm.net/dam/a/08d/3e62af05-2974-4fea-836f-c0c75ed0008d_RETINA_LANDSCAPE_16_9.jpg,2026-06-12,18:30,onsale,Arts & Theatre,Theatre,Miscellaneous,Tyrol,Stockholm,Lilla Allmänna Gränd 2,59.324127,18.096259,Friday,June,6,2026,18
Z698xZq2Z1kGVCAPI,Svartklubben - Mat & Musik i Mörker,https://www.ticketmaster.se/event/svartklubben-mat--musik-i-morker-biljetter/334385968,https://s1.ticketm.net/dam/a/841/1c1b2a57-616a-4e71-8e64-37d129780841_TABLET_LANDSCAPE_16_9.jpg,2026-06-13,18:00,onsale,Miscellaneous,Food & Drink,Restaurant,Svartklubben,Stockholm,Södermannagatan 27,59.31209,18.08133,Saturday,June,6,2026,18
Z698xZq2Z16evZGw49,MAMMA MIA! THE PARTY,https://www.ticketmaster.se/event/mamma-mia-the-party-biljetter/2040332557,https://s1.ticketm.net/dam/a/08d/3e62af05-2974-4fea-836f-c0c75ed0008d_RETINA_LANDSCAPE_16_9.jpg,2026-06-13,19:30,onsale,Arts & Theatre,Theatre,Miscellaneous,Tyrol,Stockholm,Lilla Allmänna Gränd 2,59.324127,18.096259,Saturday,June,6,2026,19
Z698xZq2Z16v8K79uN,What a view | 12-13 JUNI,https://www.ticketmaster.se/event/what-a-view-%7C-12-13-juni-biljetter/1413117363,https://s1.ticketm.net/dam/a/1c7/343bd77d-7c27-4e63-9021-e8f0cfe951c7_EVENT_DETAIL_PAGE_16_9.jpg,2026-06-13,00:00,onsale,Music,Dance/Electronic,Club Dance,Münchenbryggeriet,Stockholm,Torkel Knutssons Gatan 2,59.32068,18.05617,Saturday,June,6,2026,0
Z698xZq2Z1k7fQpFN,Max McNown - The Cost Of Growing Up Tour,https://www.ticketmaster.se/event/max-mcnown-the-cost-of-growing-up-tour-biljetter/114696223,https://s1.ticketm.net/dam/a/2fd/067fa64e-728d-417e-95dc-9613be1412fd_TABLET_LANDSCAPE_3_2.jpg,2026-06-14,20:00,onsale,Music,Folk,Folk,B-K,Stockholm,Frihamnsgatan 14,59.3417,18.11862,Sunday,June,6,2026,20
Z698xZq2Z1kPb_Mfa,Max McNown - VIP Packages,https://www.ticketmaster.se/event/max-mcnown-vip-packages-biljetter/958677509,https://s1.ticketm.net/dam/a/2fd/067fa64e-728d-417e-95dc-9613be1412fd_TABLET_LANDSCAPE_3_2.jpg,2026-06-14,00:00,onsale,Music,Folk,Folk,B-K,Stockholm,Frihamnsgatan 14,59.3417,18.11862,Sunday,June,6,2026,0
Z698xZq2Z1k-xe4p8,Molotov + La Mala Rodriguez,https://www.ticketmaster.se/event/molotov--la-mala-rodriguez-biljetter/862095590,https://s1.ticketm.net/dam/e/736/16ee192a-b0d8-4372-b2ae-3d415099a736_RETINA_LANDSCAPE_16_9.jpg,2026-06-16,19:00,onsale,Music,Hip-Hop/Rap,Urban,Cirkus,Stockholm,Djurgårdsslätten 43-45,59.32457,18.09969,Tuesday,June,6,2026,19
Z698xZq2Z16v7JjSF8,Svartklubben - Mat & Musik i Mörker,https://www.ticketmaster.se/event/svartklubben-mat--musik-i-morker-biljetter/1126733210,https://s1.ticketm.net/dam/a/841/1c1b2a57-616a-4e71-8e64-37d129780841_TABLET_LANDSCAPE_16_9.jpg,2026-06-17,18:00,onsale,Arts & Theatre,Theatre,Miscellaneous,Svartklubben,Stockholm,Södermannagatan 27,59.31209,18.08133,Wednesday,June,6,2026,18
Z698xZq2Z16v3dOvQ8,Ali Wong: Ali Wong Live,https://www.ticketmaster.se/event/ali-wong-ali-wong-live-biljetter/1483801690,https://s1.ticketm.net/dam/a/253/e03b01e0-2f00-4b0e-be33-7c89a92f3253_TABLET_LANDSCAPE_LARGE_16_9.jpg,2026-06-22,19:00,onsale,Arts & Theatre,Comedy,Comedy,Stockholm Waterfront,Stockholm,Nils Ericsons Plan 4,59.32982,18.05621,Monday,June,6,2026,19
Z698xZq2Z1k8skFvf,Katie Melua,https://www.ticketmaster.se/event/katie-melua-biljetter/431188054,https://s1.ticketm.net/dam/e/41f/5aa98c00-894c-4774-b367-3d57f2d9d41f_RETINA_PORTRAIT_16_9.jpg,2026-06-23,19:30,onsale,Music,Other,Other,Cirkus,Stockholm,Djurgårdsslätten 43-45,59.32457,18.09969,Tuesday,June,6,2026,19
Z698xZq2Z1k0bqvxp,"Pitbull – I’m Back! , Platinum Tickets",https://www.ticketmaster.se/event/pitbull--im-back--platinumbiljetter-biljetter/918741896,https://s1.ticketm.net/dam/a/55e/c39c621f-2b4d-4741-b826-ac768995555e_CUSTOM.jpg,2026-06-23,20:00,onsale,Music,Rock,Pop,3Arena,Stockholm,Arenaslingan 14,59.29045,18.08558,Tuesday,June,6,2026,20
Z698xZq2Z1k8wfFFF,Svartklubben - Mat & Musik i Mörker,https://www.ticketmaster.se/event/svartklubben-mat--musik-i-morker-biljetter/432508208,https://s1.ticketm.net/dam/a/841/1c1b2a57-616a-4e71-8e64-37d129780841_TABLET_LANDSCAPE_16_9.jpg,2026-06-24,18:00,onsale,Miscellaneous,Food & Drink,Restaurant,Svartklubben,Stockholm,Södermannagatan 27,59.31209,18.08133,Wednesday,June,6,2026,18
Z698xZq2Z16v0K77oz,Joost Klein: World Tour,https://www.ticketmaster.se/event/joost-klein-world-tour-biljetter/1913104478,https://s1.ticketm.net/dam/a/4f0/99ba7fc6-b73b-43ce-b139-d7eb448d44f0_TABLET_LANDSCAPE_LARGE_16_9.jpg,2026-06-24,19:30,onsale,Music,Dance/Electronic,Club Dance,Förbindelsehallen,Stockholm, Stora skorstensgatan,59.29283,18.07864,Wednesday,June,6,2026,19
Z698xZq2Z16vayPdQa,John Hiatt,https://www.ticketmaster.se/event/john-hiatt-biljetter/1279943689,https://s1.ticketm.net/dam/a/565/0102d3e2-3439-45d8-b042-f931f2904565_TABLET_LANDSCAPE_3_2.jpg,2026-06-24,19:30,onsale,Music,Blues,Jazz Blues,Cirkus,Stockholm,Djurgårdsslätten 43-45,59.32457,18.09969,Wednesday,June,6,2026,19
Z698xZq2Z1kap1FjE,fakemink: a Terrible Beauty - The Tour,https://www.ticketmaster.se/event/fakemink-a-terrible-beauty-the-tour-biljetter/256288727,https://s1.ticketm.net/dam/a/611/a83ce451-3370-4342-81a3-7d6703743611_CUSTOM.jpg,2026-06-24,19:30,onsale,Music,Hip-Hop/Rap,Hip-Hop/Rap,Debaser Strand,Stockholm,Hornstulls strand 4,59.31465,18.03185,Wednesday,June,6,2026,19
Z698xZq2Z16vu70bOs,LP,https://www.ticketmaster.se/event/lp-biljetter/1344918831,https://s1.ticketm.net/dam/e/3a4/1f38620c-058f-4406-9b1e-b388cca623a4_SOURCE,2026-06-25,19:30,onsale,Music,Rock,Pop,Cirkus,Stockholm,Djurgårdsslätten 43-45,59.32457,18.09969,Thursday,June,6,2026,19
Z698xZq2Z1k-zuvoy,Svartklubben - Mat & Musik i Mörker,https://www.ticketmaster.se/event/svartklubben-mat--musik-i-morker-biljetter/878341479,https://s1.ticketm.net/dam/a/841/1c1b2a57-616a-4e71-8e64-37d129780841_TABLET_LANDSCAPE_16_9.jpg,2026-06-26,18:00,onsale,Arts & Theatre,Theatre,Miscellaneous,Svartklubben,Stockholm,Södermannagatan 27,59.31209,18.08133,Friday,June,6,2026,18
Z698xZq2Z1kJfkeOS,Svartklubben - Mat & Musik i Mörker,https://www.ticketmaster.se/event/svartklubben-mat--musik-i-morker-biljetter/994182833,https://s1.ticketm.net/dam/a/841/1c1b2a57-616a-4e71-8e64-37d129780841_TABLET_LANDSCAPE_16_9.jpg,2026-06-27,18:00,onsale,Miscellaneous,Food & Drink,Restaurant,Svartklubben,Stockholm,Södermannagatan 27,59.31209,18.08133,Saturday,June,6,2026,18
Z698xZq2Z1kb_j6jZ,Alesso,https://www.ticketmaster.se/event/alesso-biljetter/619707700,https://s1.ticketm.net/dam/a/5d9/97032269-d9e2-4a98-a3cf-8dba7acf85d9_EVENT_DETAIL_PAGE_16_9.jpg,2026-06-27,18:00,onsale,Music,Dance/Electronic,Club Dance,"Sollidenscenen, Skansen",Stockholm,Sollidsbacken 9,59.32438,18.10617,Saturday,June,6,2026,18
Z698xZq2Z1kbfox-o,MAJOR LAZER SOUNDSYSTEM,https://www.ticketmaster.se/event/major-lazer-soundsystem-biljetter/614462851,https://s1.ticketm.net/dam/a/327/2ee41e0c-a400-44f9-9016-4468ca1f0327_TABLET_LANDSCAPE_16_9.jpg,2026-06-28,19:00,onsale,Music,Dance/Electronic,Club Dance,Förbindelsehallen,Stockholm, Stora skorstensgatan,59.29283,18.07864,Sunday,June,6,2026,19
Z698xZq2Z16v_Mx__o,System Of A Down,https://www.ticketmaster.se/event/system-of-a-down-biljetter/1677899651,https://s1.ticketm.net/dam/a/927/67a8ff17-a7a6-4490-aa5d-c2adab4c6927_ARTIST_PAGE_3_2.jpg,2026-06-29,18:30,onsale,Music,Rock,Pop,Strawberry Arena,Stockholm,Råsta Strandväg 1,59.37254,18.00041,Monday,June,6,2026,18
Z698xZq2Z16vv_33os,System Of A Down I VIP Packages,https://www.ticketmaster.se/event/system-of-a-down-i-vip-packages-biljetter/1059492471,https://s1.ticketm.net/dam/a/927/67a8ff17-a7a6-4490-aa5d-c2adab4c6927_ARTIST_PAGE_3_2.jpg,2026-06-29,18:30,onsale,Music,Other,Other,Strawberry Arena,Stockholm,Råsta Strandväg 1,59.37254,18.00041,Monday,June,6,2026,18
Zj98xZq2ZzXzynwVlJtVHSZQ5jrb2j,System Of A Down | Strawberry Arena Premium Experience,https://www.ticketmaster.se/explore/system-of-a-down,https://s1.ticketm.net/dam/a/927/67a8ff17-a7a6-4490-aa5d-c2adab4c6927_ARTIST_PAGE_3_2.jpg,2026-06-29,18:31,onsale,Music,Metal,Heavy Metal,Strawberry Arena,Stockholm,Råsta Strandväg 1,59.37254,18.00041,Monday,June,6,2026,18
Z698xZq2Z16vfvpF4U,Dansens Hus – KLUBB DH Hösten 2025 - Hösten 2026,https://www.ticketmaster.se/event/dansens-hus--klubb-dh-hosten-2025-hosten-2026-biljetter/1501588576,https://s1.ticketm.net/dam/e/c70/7283a695-887e-49dd-baba-9b664cebec70_SOURCE,2026-06-30,00:00,onsale,Arts & Theatre,Dance,Dance,Dansens Hus - Stora Scen,Stockholm,Barnhusgatan 12-14,59.33623,18.05644,Tuesday,June,6,2026,0
Z698xZq2Z1kOf7Au4,Salvatore Ganacci,https://www.ticketmaster.se/event/salvatore-ganacci-biljetter/814105355,https://s1.ticketm.net/dam/a/e24/66f97de1-1d1d-45c8-93a6-60c7e705ee24_EVENT_DETAIL_PAGE_16_9.jpg,2026-07-03,00:00,onsale,Music,Dance/Electronic,Club Dance,Förbindelsehallen,Stockholm, Stora skorstensgatan,59.29283,18.07864,Friday,July,7,2026,0
Z698xZq2Z16ve3ogvk,MAFFIA COMEDY SUPERWEEKEND med Tobbe Ström m.fl,https://www.ticketmaster.se/event/maffia-comedy-superweekend-med-tobbe-strom-mfl-biljetter/1092475046,https://s1.ticketm.net/dam/a/2f9/43412b6f-da4a-4529-afd0-31ba4b1162f9_RECOMENDATION_16_9.jpg,2026-07-04,20:00,onsale,Arts & Theatre,Comedy,Comedy,Clarion Hotel Sign,Stockholm, Östra Järnvägsgatan 35,59.99333,18.89062,Saturday,July,7,2026,20
Z698xZq2Z1kbPOg3o,Bad Bunny - DeBÍ TiRAR MáS FOToS World Tour,https://www.ticketmaster.se/event/bad-bunny-debi-tirar-mas-fotos-world-tour-biljetter/625835491,https://s1.ticketm.net/dam/a/ac0/5a0435d2-95f1-491d-911a-598d513e5ac0_SOURCE,2026-07-10,20:00,onsale,Music,Latin,Latin,Strawberry Arena,Stockholm,Råsta Strandväg 1,59.37254,18.00041,Friday,July,7,2026,20
Z698xZq2Z1kuw_Y78,Bad Bunny - DeBÍ TiRAR MáS FOToS World Tour | VIP Packages,https://www.ticketmaster.se/event/bad-bunny-debi-tirar-mas-fotos-world-tour-%7C-vip-packages-biljetter/372670110,https://s1.ticketm.net/dam/a/ac0/5a0435d2-95f1-491d-911a-598d513e5ac0_SOURCE,2026-07-10,20:00,onsale,Music,Latin,Latin,Strawberry Arena,Stockholm,Råsta Strandväg 1,59.37254,18.00041,Friday,July,7,2026,20
Z698xZq2Z16v88-7uY,MAFFIA COMEDY SUPERWEEKEND med Viktor Engberg m.fl,https://www.ticketmaster.se/event/maffia-comedy-superweekend-med-viktor-engberg-mfl-biljetter/1410844370,https://s1.ticketm.net/dam/a/2f9/43412b6f-da4a-4529-afd0-31ba4b1162f9_RECOMENDATION_16_9.jpg,2026-07-11,20:00,onsale,Arts & Theatre,Comedy,Comedy,Clarion Hotel Sign,Stockholm, Östra Järnvägsgatan 35,59.99333,18.89062,Saturday,July,7,2026,20
Z698xZq2Z16vb-edaa,Bad Bunny - DeBÍ TiRAR MáS FOToS World Tour | VIP Packages,https://www.ticketmaster.se/event/bad-bunny-debi-tirar-mas-fotos-world-tour-%7C-vip-packages-biljetter/1621083249,https://s1.ticketm.net/dam/a/ac0/5a0435d2-95f1-491d-911a-598d513e5ac0_SOURCE,2026-07-11,20:00,onsale,Music,Rock,Pop,Strawberry Arena,Stockholm,Råsta Strandväg 1,59.37254,18.00041,Saturday,July,7,2026,20
Z698xZq2Z1kjV77AZ,Bad Bunny - DeBÍ TiRAR MáS FOToS World Tour,https://www.ticketmaster.se/event/bad-bunny-debi-tirar-mas-fotos-world-tour-biljetter/734104140,https://s1.ticketm.net/dam/a/ac0/5a0435d2-95f1-491d-911a-598d513e5ac0_SOURCE,2026-07-11,20:00,onsale,Music,Latin,Latin,Strawberry Arena,Stockholm,Råsta Strandväg 1,59.37254,18.00041,Saturday,July,7,2026,20
Z698xZq2Z1kb0rboo,Ilana Glazer Live!,https://www.ticketmaster.se/event/ilana-glazer-live-biljetter/624798451,https://s1.ticketm.net/dam/e/842/9d7df84b-389b-4178-b048-3cea5c5dd842_RETINA_PORTRAIT_3_2.jpg,2026-07-16,19:00,onsale,Arts & Theatre,Comedy,Comedy,Nya Cirkus,Stockholm,Djurgårdsslätten 43-45,59.32458,18.0997,Thursday,July,7,2026,19
Z698xZq2Z1krAGV_4,"Robyn - the sexistential tour, Platinum Tickets",https://www.ticketmaster.se/event/robyn-the-sexistential-tour-platinumbiljetter-biljetter/785334655,https://s1.ticketm.net/dam/a/a21/75467e57-1e79-44b2-ba00-e3a27558ba21_SOURCE,2026-07-16,19:30,onsale,Music,Rock,Pop,Avicii Arena,Stockholm,Globentorget 2,59.29416,18.08081,Thursday,July,7,2026,19
Z698xZq2Z1k-OA9ZN,"Robyn - the sexistential tour, Platinum Tickets",https://www.ticketmaster.se/event/robyn-the-sexistential-tour-platinumbiljetter-biljetter/860157023,https://s1.ticketm.net/dam/a/a21/75467e57-1e79-44b2-ba00-e3a27558ba21_SOURCE,2026-07-17,19:30,onsale,Music,Rock,Pop,Avicii Arena,Stockholm,Globentorget 2,59.29416,18.08081,Friday,July,7,2026,19
Z698xZq2Z16vus77_4,"Robyn - the sexistential tour, Platinum Tickets",https://www.ticketmaster.se/event/robyn-the-sexistential-tour-platinumbiljetter-biljetter/1371104655,https://s1.ticketm.net/dam/a/a21/75467e57-1e79-44b2-ba00-e3a27558ba21_SOURCE,2026-07-18,19:30,onsale,Music,Rock,Pop,Avicii Arena,Stockholm,Globentorget 2,59.29416,18.08081,Saturday,July,7,2026,19
Z698xZq2Z16v_UrpqM,MAFFIA COMEDY SUPERWEEKEND,https://www.ticketmaster.se/event/maffia-comedy-superweekend-biljetter/1676796777,https://s1.ticketm.net/dam/a/2f9/43412b6f-da4a-4529-afd0-31ba4b1162f9_RECOMENDATION_16_9.jpg,2026-07-18,20:00,onsale,Arts & Theatre,Comedy,Comedy,Clarion Hotel Sign,Stockholm, Östra Järnvägsgatan 35,59.99333,18.89062,Saturday,July,7,2026,20
Z698xZq2Z16v3k_6og,Patti Smith Quartet,https://www.ticketmaster.se/event/patti-smith-quartet-biljetter/1486647475,https://s1.ticketm.net/dam/a/d59/9b49deea-7cf3-4ce9-9404-615c409d2d59_EVENT_DETAIL_PAGE_16_9.jpg,2026-07-22,19:30,onsale,Music,Rock,Pop,Cirkus,Stockholm,Djurgårdsslätten 43-45,59.32457,18.09969,Wednesday,July,7,2026,19
Z698xZq2Z1koE77q_,BEAT,https://www.ticketmaster.se/event/beat-biljetter/467104759,https://s1.ticketm.net/dam/e/422/f4ef7916-bbb3-447b-aed1-b029a74ae422_RETINA_LANDSCAPE_16_9.jpg,2026-07-22,20:00,onsale,Music,Rock,Pop,Filadelfia Convention Center,Stockholm,Rörstrandsgatan 5,59.33948,18.03484,Wednesday,July,7,2026,20
Z698xZq2Z16vAUfy_p,Patti Smith Quartet,https://www.ticketmaster.se/event/patti-smith-quartet-biljetter/1176539656,https://s1.ticketm.net/dam/a/d59/9b49deea-7cf3-4ce9-9404-615c409d2d59_EVENT_DETAIL_PAGE_16_9.jpg,2026-07-23,19:30,onsale,Music,Rock,Pop,Cirkus,Stockholm,Djurgårdsslätten 43-45,59.32457,18.09969,Thursday,July,7,2026,19
Z698xZq2Z16evoo8-Z,MAFFIA COMEDY SUPERWEEKEND,https://www.ticketmaster.se/event/maffia-comedy-superweekend-biljetter/2051450840,https://s1.ticketm.net/dam/a/2f9/43412b6f-da4a-4529-afd0-31ba4b1162f9_RECOMENDATION_16_9.jpg,2026-07-25,20:00,onsale,Arts & Theatre,Comedy,Comedy,Clarion Hotel Sign,Stockholm, Östra Järnvägsgatan 35,59.99333,18.89062,Saturday,July,7,2026,20
Z698xZq2Z1kCpuprk,Manchester United - Atlético De Madrid,https://www.ticketmaster.se/event/manchester-united--atletico-de-madrid-biljetter/396356786,https://s1.ticketm.net/dam/e/97d/99970879-286a-4e87-85b4-42a369d8d97d_TABLET_LANDSCAPE_16_9.jpg,2026-08-01,15:00,onsale,Sports,Soccer,Soccer,Strawberry Arena,Stockholm,Råsta Strandväg 1,59.37254,18.00041,Saturday,August,8,2026,15
Z698xZq2Z16vpvF6Go,Manchester United – Atlético de Madrid | Suite & Lounge,https://www.ticketmaster.se/event/manchester-united--atletico-de-madrid-%7C-loge--lounge-biljetter/1581207311,https://s1.ticketm.net/dam/a/261/e916b117-6c45-433b-85ac-de2b12a27261_RETINA_PORTRAIT_16_9.jpg,2026-08-01,15:01,onsale,Sports,Soccer,Soccer,Strawberry Arena,Stockholm,Råsta Strandväg 1,59.37254,18.00041,Saturday,August,8,2026,15
Z698xZq2Z16vZI-N0s,MAFFIA COMEDY SUPERWEEKEND med Sven Brundin m.fl,https://www.ticketmaster.se/event/maffia-comedy-superweekend-med-sven-brundin-mfl-biljetter/1028863931,https://s1.ticketm.net/dam/a/2f9/43412b6f-da4a-4529-afd0-31ba4b1162f9_RECOMENDATION_16_9.jpg,2026-08-01,20:00,onsale,Arts & Theatre,Comedy,Comedy,Clarion Hotel Sign,Stockholm, Östra Järnvägsgatan 35,59.99333,18.89062,Saturday,August,8,2026,20
Z698xZq2Z16vZsF3_S,Medium Steg 4,https://www.ticketmaster.se/event/medium-steg-4-biljetter/1031212673,https://s1.ticketm.net/dam/c/049/f462b273-38a7-4d3d-b31a-af1b1e7c3049_105611_ARTIST_PAGE_3_2.jpg,2026-08-07,16:00,onsale,Arts & Theatre,Magic & Illusion,Magic,Butik Labyrint,Stockholm,Karlbergsvägen 54,59.34264,18.03544,Friday,August,8,2026,16
Z698xZq2Z16vQ9e47N,The Weeknd: After Hours Til Dawn Tour,https://www.ticketmaster.se/event/the-weeknd-after-hours-til-dawn-tour-biljetter/1697095123,https://s1.ticketm.net/dam/e/741/9da569dc-8e30-46cf-88ce-23d2bc4cf741_RECOMENDATION_16_9.jpg,2026-08-08,19:30,onsale,Music,Other,Other,Strawberry Arena,Stockholm,Råsta Strandväg 1,59.37254,18.00041,Saturday,August,8,2026,19
Z698xZq2Z1koove4F,The Weeknd: After Hours Til Dawn Tour | VIP Packages,https://www.ticketmaster.se/event/the-weeknd-after-hours-til-dawn-tour-%7C-vip-packages-biljetter/451042548,https://s1.ticketm.net/dam/a/a2f/64a76c7b-2486-4369-a51a-2b3e88977a2f_EVENT_DETAIL_PAGE_16_9.jpg,2026-08-08,19:30,onsale,Music,Other,Other,Strawberry Arena,Stockholm,Råsta Strandväg 1,59.37254,18.00041,Saturday,August,8,2026,19
ZN98xZq2Z-nnYnSt3VynsQJIYJineZQ5jrb2j,The Weeknd: After Hours Til Dawn Tour | Hotel Packages,https://www.travelcircus.se/the-weeknd-stockholm-ticketmaster?locale=sv_SE/date-time?event_date=2026-08-08&partner-referral=43e23bb02198a301&utm_campaign=the-weeknd-stockholm-ticketmaster&utm_source=the+weekend&utm_medium=travelcircus-affiliate,https://s1.ticketm.net/dam/a/966/779d1731-4094-4a97-bc16-1341dcb41966_ARTIST_PAGE_3_2.jpg,2026-08-08,19:31,onsale,Music,Hip-Hop/Rap,Urban,Strawberry Arena,Stockholm,Råsta Strandväg 1,59.37254,18.00041,Saturday,August,8,2026,19
Zh98xZq2Z-nnYnStpVineZQ5jrb2j,The Weeknd: After Hours Til Dawn Tour | Strawberry Arena Premium Experience,https://www.ticketmaster.se/explore/the-weeknd-premium-experience-8,https://s1.ticketm.net/dam/a/a2f/64a76c7b-2486-4369-a51a-2b3e88977a2f_EVENT_DETAIL_PAGE_16_9.jpg,2026-08-08,19:31,onsale,Music,Hip-Hop/Rap,Urban,Strawberry Arena,Stockholm,Råsta Strandväg 1,59.37254,18.00041,Saturday,August,8,2026,19
Z698xZq2Z16veAPEk_,MAFFIA COMEDY SUPERWEEKEND med Shanthi Rydwall Menon m.fl,https://www.ticketmaster.se/event/maffia-comedy-superweekend-med-shanthi-rydwall-menon-mfl-biljetter/1085967199,https://s1.ticketm.net/dam/a/2f9/43412b6f-da4a-4529-afd0-31ba4b1162f9_RECOMENDATION_16_9.jpg,2026-08-08,20:00,onsale,Arts & Theatre,Comedy,Comedy,Clarion Hotel Sign,Stockholm, Östra Järnvägsgatan 35,59.99333,18.89062,Saturday,August,8,2026,20
Z698xZq2Z1k8UOe0S,The Weeknd: After Hours Til Dawn Tour,https://www.ticketmaster.se/event/the-weeknd-after-hours-til-dawn-tour-biljetter/436802933,https://s1.ticketm.net/dam/a/a2f/64a76c7b-2486-4369-a51a-2b3e88977a2f_EVENT_DETAIL_PAGE_16_9.jpg,2026-08-09,19:30,onsale,Music,Other,Other,Strawberry Arena,Stockholm,Råsta Strandväg 1,59.37254,18.00041,Sunday,August,8,2026,19
Z698xZq2Z1kAz3evg,The Weeknd: After Hours Til Dawn Tour | VIP Packages,https://www.ticketmaster.se/event/the-weeknd-after-hours-til-dawn-tour-%7C-vip-packages-biljetter/178482075,https://s1.ticketm.net/dam/a/a2f/64a76c7b-2486-4369-a51a-2b3e88977a2f_EVENT_DETAIL_PAGE_16_9.jpg,2026-08-09,19:30,onsale,Music,Other,Other,Strawberry Arena,Stockholm,Råsta Strandväg 1,59.37254,18.00041,Sunday,August,8,2026,19
ZN98xZq2Z-nnYnSt3VynsQJIYJindZQ5jrb2j,The Weeknd: After Hours Til Dawn Tour | Hotel Packages,https://www.travelcircus.se/the-weeknd-stockholm-ticketmaster?locale=sv_SE/date-time?event_date=2026-08-09&partner-referral=43e23bb02198a301&utm_campaign=the-weeknd-stockholm-ticketmaster&utm_source=the+weekend&utm_medium=travelcircus-affiliate,https://s1.ticketm.net/dam/a/966/779d1731-4094-4a97-bc16-1341dcb41966_ARTIST_PAGE_3_2.jpg,2026-08-09,19:31,onsale,Music,Hip-Hop/Rap,Urban,Strawberry Arena,Stockholm,Råsta Strandväg 1,59.37254,18.00041,Sunday,August,8,2026,19
ZO98xZq2Z-nnYnSt3VynspVindZQ5jrb2j,The Weeknd: After Hours Til Dawn Tour | Strawberry Arena Premium Experience,https://www.ticketmaster.se/explore/the-weeknd-premium-experience-9,https://s1.ticketm.net/dam/a/a2f/64a76c7b-2486-4369-a51a-2b3e88977a2f_EVENT_DETAIL_PAGE_16_9.jpg,2026-08-09,19:31,onsale,Music,Hip-Hop/Rap,Urban,Strawberry Arena,Stockholm,Råsta Strandväg 1,59.37254,18.00041,Sunday,August,8,2026,19
Z698xZq2Z16vjwQ4_6,The Weeknd : After Hours Til Dawn Tour,https://www.ticketmaster.se/event/the-weeknd-after-hours-til-dawn-tour-biljetter/1732695647,https://s1.ticketm.net/dam/a/a2f/64a76c7b-2486-4369-a51a-2b3e88977a2f_EVENT_DETAIL_PAGE_16_9.jpg,2026-08-10,19:30,onsale,Music,Hip-Hop/Rap,Hip-Hop/Rap,Strawberry Arena,Stockholm,Råsta Strandväg 1,59.37254,18.00041,Monday,August,8,2026,19
Z698xZq2Z1kp8qdk_,The Weeknd: After Hours Til Dawn Tour | VIP Packages,https://www.ticketmaster.se/event/the-weeknd-after-hours-til-dawn-tour-%7C-vip-packages-biljetter/590743199,https://s1.ticketm.net/dam/a/a2f/64a76c7b-2486-4369-a51a-2b3e88977a2f_EVENT_DETAIL_PAGE_16_9.jpg,2026-08-10,19:30,onsale,Music,Hip-Hop/Rap,Hip-Hop/Rap,Strawberry Arena,Stockholm,Råsta Strandväg 1,59.37254,18.00041,Monday,August,8,2026,19
ZN98xZq2Z-nnYnSt3VynsQJIYJin7ZQ5jrb2j,The Weeknd: After Hours Til Dawn Tour | Hotel Packages,https://www.travelcircus.se/the-weeknd-stockholm-ticketmaster?locale=sv_SE/date-time?event_date=2026-08-10&partner-referral=43e23bb02198a301&utm_campaign=the-weeknd-stockholm-ticketmaster&utm_source=the+weekend&utm_medium=travelcircus-affiliate,https://s1.ticketm.net/dam/a/966/779d1731-4094-4a97-bc16-1341dcb41966_ARTIST_PAGE_3_2.jpg,2026-08-10,19:31,onsale,Music,Hip-Hop/Rap,Urban,Strawberry Arena,Stockholm,Råsta Strandväg 1,59.37254,18.00041,Monday,August,8,2026,19
ZO98xZq2Z-nnYnSt3VynspVin7ZQ5jrb2j,The Weeknd: After Hours Til Dawn Tour | Strawberry Arena Premium Experience,https://www.ticketmaster.se/explore/the-weeknd-premium-experience-10,https://s1.ticketm.net/dam/a/a2f/64a76c7b-2486-4369-a51a-2b3e88977a2f_EVENT_DETAIL_PAGE_16_9.jpg,2026-08-10,19:31,onsale,Music,Hip-Hop/Rap,Urban,Strawberry Arena,Stockholm,Råsta Strandväg 1,59.37254,18.00041,Monday,August,8,2026,19
Z698xZq2Z16vjy47jJ,The Weeknd I Strawberry Arena Premium Experience - Premium 33,https://www.ticketmaster.se/event/the-weeknd-i-strawberry-arena-premium-experience-premium-33-biljetter/1739544726,https://s1.ticketm.net/dam/e/715/b5b43b5c-f358-4b27-9d00-d2d47da25715_RECOMENDATION_16_9.jpg,2026-08-10,00:00,onsale,Music,Hip-Hop/Rap,Hip-Hop/Rap,Strawberry Arena,Stockholm,Råsta Strandväg 1,59.37254,18.00041,Monday,August,8,2026,0
Z698xZq2Z1kada7aE,MAFFIA COMEDY SUPERWEEKEND med Simon Garshasebi m.fl,https://www.ticketmaster.se/event/maffia-comedy-superweekend-med-simon-garshasebi-mfl-biljetter/243244267,https://s1.ticketm.net/dam/a/2f9/43412b6f-da4a-4529-afd0-31ba4b1162f9_RECOMENDATION_16_9.jpg,2026-08-15,20:00,onsale,Arts & Theatre,Comedy,Comedy,Clarion Hotel Sign,Stockholm, Östra Järnvägsgatan 35,59.99333,18.89062,Saturday,August,8,2026,20
Z698xZq2Z1kpFvNZa,MAMMA MIA! THE PARTY,https://www.ticketmaster.se/event/mamma-mia-the-party-biljetter/588063009,https://s1.ticketm.net/dam/a/08d/3e62af05-2974-4fea-836f-c0c75ed0008d_RETINA_LANDSCAPE_16_9.jpg,2026-08-20,18:30,onsale,Arts & Theatre,Theatre,Miscellaneous,Tyrol,Stockholm,Lilla Allmänna Gränd 2,59.324127,18.096259,Thursday,August,8,2026,18
Z698xZq2Z16vPPoa4t,MAMMA MIA! THE PARTY,https://www.ticketmaster.se/event/mamma-mia-the-party-biljetter/1965449569,https://s1.ticketm.net/dam/a/08d/3e62af05-2974-4fea-836f-c0c75ed0008d_RETINA_LANDSCAPE_16_9.jpg,2026-08-21,18:30,onsale,Arts & Theatre,Theatre,Miscellaneous,Tyrol,Stockholm,Lilla Allmänna Gränd 2,59.324127,18.096259,Friday,August,8,2026,18
Z698xZq2Z1kjJ08FI,Veronica Maggio,https://www.ticketmaster.se/event/veronica-maggio-biljetter/726910228,https://s1.ticketm.net/dam/e/65f/79ab57b6-09a9-404f-94f1-21797670e65f_RETINA_LANDSCAPE_16_9.jpg,2026-08-22,18:00,onsale,Music,Rock,Pop,Stockholms Stadion,Stockholm,Lidingövägen 1,59.34677,18.08075,Saturday,August,8,2026,18
Z698xZq2Z1kod-tG7,MAMMA MIA! THE PARTY,https://www.ticketmaster.se/event/mamma-mia-the-party-biljetter/443869304,https://s1.ticketm.net/dam/a/08d/3e62af05-2974-4fea-836f-c0c75ed0008d_RETINA_LANDSCAPE_16_9.jpg,2026-08-22,19:30,onsale,Arts & Theatre,Theatre,Musical,Tyrol,Stockholm,Lilla Allmänna Gränd 2,59.324127,18.096259,Saturday,August,8,2026,19
Z698xZq2Z1kvfG_OA,MAFFIA COMEDY SUPERWEEKEND med Elina Du Rietz m.fl,https://www.ticketmaster.se/event/maffia-comedy-superweekend-med-elina-du-rietz-mfl-biljetter/54319805,https://s1.ticketm.net/dam/a/2f9/43412b6f-da4a-4529-afd0-31ba4b1162f9_RECOMENDATION_16_9.jpg,2026-08-22,20:00,onsale,Arts & Theatre,Comedy,Comedy,Clarion Hotel Sign,Stockholm, Östra Järnvägsgatan 35,59.99333,18.89062,Saturday,August,8,2026,20
Z698xZq2Z16vC9GO4b," Emmylou Harris, Platinum Tickets",https://www.ticketmaster.se/event/emmylou-harris-platinumbiljetter-biljetter/1397320558,https://s1.ticketm.net/dam/a/818/00d800c2-1a98-459f-ba11-24ebbe5ed818_SOURCE,2026-08-26,19:30,onsale,Music,Folk,Folk,Avicii Arena,Stockholm,Globentorget 2,59.29416,18.08081,Wednesday,August,8,2026,19
Z698xZq2Z16vPPvFuV,Deafheaven,https://www.ticketmaster.se/event/deafheaven-biljetter/1965048374,https://s1.ticketm.net/dam/a/5b9/aa39a70d-7fc7-41dc-b5e6-94032082f5b9_RECOMENDATION_16_9.jpg,2026-08-26,20:00,onsale,Music,Rock,Pop,Slaktkyrkan,Stockholm,Styckmästergatan 10,59.29224,18.08012,Wednesday,August,8,2026,20
Z698xZq2Z1kadbpGx,MAMMA MIA! THE PARTY,https://www.ticketmaster.se/event/mamma-mia-the-party-biljetter/243616322,https://s1.ticketm.net/dam/a/08d/3e62af05-2974-4fea-836f-c0c75ed0008d_RETINA_LANDSCAPE_16_9.jpg,2026-08-27,18:30,onsale,Arts & Theatre,Theatre,Miscellaneous,Tyrol,Stockholm,Lilla Allmänna Gränd 2,59.324127,18.096259,Thursday,August,8,2026,18
Z698xZq2Z1kfpJ9xe,MAMMA MIA! THE PARTY,https://www.ticketmaster.se/event/mamma-mia-the-party-biljetter/516997882,https://s1.ticketm.net/dam/a/08d/3e62af05-2974-4fea-836f-c0c75ed0008d_RETINA_LANDSCAPE_16_9.jpg,2026-08-28,18:30,onsale,Arts & Theatre,Theatre,Miscellaneous,Tyrol,Stockholm,Lilla Allmänna Gränd 2,59.324127,18.096259,Friday,August,8,2026,18
Z698xZq2Z16vaoCv4N,MAMMA MIA! THE PARTY,https://www.ticketmaster.se/event/mamma-mia-the-party-biljetter/1251381563,https://s1.ticketm.net/dam/a/08d/3e62af05-2974-4fea-836f-c0c75ed0008d_RETINA_LANDSCAPE_16_9.jpg,2026-08-29,19:30,onsale,Arts & Theatre,Theatre,Musical,Tyrol,Stockholm,Lilla Allmänna Gränd 2,59.324127,18.096259,Saturday,August,8,2026,19
Z698xZq2Z16vbM-J18,MAFFIA COMEDY SUPERWEEKEND med Per-Robin Gustafsson m.fl,https://www.ticketmaster.se/event/maffia-comedy-superweekend-med-per-robin-gustafsson-mfl-biljetter/1637866290,https://s1.ticketm.net/dam/a/2f9/43412b6f-da4a-4529-afd0-31ba4b1162f9_RECOMENDATION_16_9.jpg,2026-08-29,20:00,onsale,Arts & Theatre,Comedy,Comedy,Clarion Hotel Sign,Stockholm, Östra Järnvägsgatan 35,59.99333,18.89062,Saturday,August,8,2026,20
Z698xZq2Z16v4ax3_a,MAMMA MIA! THE PARTY,https://www.ticketmaster.se/event/mamma-mia-the-party-biljetter/1549892649,https://s1.ticketm.net/dam/a/08d/3e62af05-2974-4fea-836f-c0c75ed0008d_RETINA_LANDSCAPE_16_9.jpg,2026-09-03,18:30,onsale,Arts & Theatre,Theatre,Miscellaneous,Tyrol,Stockholm,Lilla Allmänna Gränd 2,59.324127,18.096259,Thursday,September,9,2026,18
Z698xZq2Z1kqJ1aqw,Slutspelat – Ett komiskt sorgearbete,https://www.ticketmaster.se/event/slutspelat--ett-komiskt-sorgearbete-biljetter/766289772,https://s1.ticketm.net/dam/a/36f/6947ae02-e3fd-4e55-93cc-115dab4a236f_SOURCE,2026-09-03,19:30,onsale,Arts & Theatre,Theatre,Drama,Rival,Stockholm,Mariatorget 3,59.31816,18.06364,Thursday,September,9,2026,19
Z698xZq2Z1kf60fFY,MAMMA MIA! THE PARTY,https://www.ticketmaster.se/event/mamma-mia-the-party-biljetter/507914230,https://s1.ticketm.net/dam/a/08d/3e62af05-2974-4fea-836f-c0c75ed0008d_RETINA_LANDSCAPE_16_9.jpg,2026-09-04,18:30,onsale,Arts & Theatre,Theatre,Musical,Tyrol,Stockholm,Lilla Allmänna Gränd 2,59.324127,18.096259,Friday,September,9,2026,18
Z698xZq2Z1kee_e09,Slutspelat – Ett komiskt sorgearbete,https://www.ticketmaster.se/event/slutspelat--ett-komiskt-sorgearbete-biljetter/82642917,https://s1.ticketm.net/dam/a/36f/6947ae02-e3fd-4e55-93cc-115dab4a236f_SOURCE,2026-09-04,19:30,onsale,Arts & Theatre,Theatre,Miscellaneous,Rival,Stockholm,Mariatorget 3,59.31816,18.06364,Friday,September,9,2026,19
Z698xZq2Z1k-81vv_,Slutspelat – Ett komiskt sorgearbete,https://www.ticketmaster.se/event/slutspelat--ett-komiskt-sorgearbete-biljetter/850281059,https://s1.ticketm.net/dam/a/36f/6947ae02-e3fd-4e55-93cc-115dab4a236f_SOURCE,2026-09-05,19:30,onsale,Arts & Theatre,Theatre,Drama,Rival,Stockholm,Mariatorget 3,59.31816,18.06364,Saturday,September,9,2026,19
Z698xZq2Z1kxv8JfI,MAMMA MIA! THE PARTY,https://www.ticketmaster.se/event/mamma-mia-the-party-biljetter/881426528,https://s1.ticketm.net/dam/a/08d/3e62af05-2974-4fea-836f-c0c75ed0008d_RETINA_LANDSCAPE_16_9.jpg,2026-09-05,19:30,onsale,Arts & Theatre,Theatre,Miscellaneous,Tyrol,Stockholm,Lilla Allmänna Gränd 2,59.324127,18.096259,Saturday,September,9,2026,19
Z698xZq2Z16vjYuwep,MAFFIA COMEDY SUPERWEEKEND,https://www.ticketmaster.se/event/maffia-comedy-superweekend-biljetter/1730372096,https://s1.ticketm.net/dam/a/2f9/43412b6f-da4a-4529-afd0-31ba4b1162f9_RECOMENDATION_16_9.jpg,2026-09-05,20:00,onsale,Arts & Theatre,Comedy,Comedy,Clarion Hotel Sign,Stockholm, Östra Järnvägsgatan 35,59.99333,18.89062,Saturday,September,9,2026,20
Z698xZq2Z16v-dOIvz,FEAR FACTORY,https://www.ticketmaster.se/event/fear-factory-biljetter/1843828078,https://s1.ticketm.net/dam/e/de9/52b4bc9c-75f7-4438-8cf4-41a79c71cde9_RETINA_PORTRAIT_3_2.jpg,2026-09-08,19:00,onsale,Music,Rock,Pop,"Fryshuset, Klubben",Stockholm,Mårtendalsgatan 2-8,59.30092,18.09017,Tuesday,September,9,2026,19
Z698xZq2Z1k8KoPP-,Medborgare Nûjen,https://www.ticketmaster.se/event/medborgare-nujen-biljetter/413465961,https://s1.ticketm.net/dam/e/d7a/4595e4b0-de00-4930-8ebe-d7040c61ad7a_TABLET_LANDSCAPE_LARGE_16_9.jpg,2026-09-08,19:30,onsale,Arts & Theatre,Comedy,Comedy,Rival,Stockholm,Mariatorget 3,59.31816,18.06364,Tuesday,September,9,2026,19
Z698xZq2Z16v1b_bkZ,The Waterboys – Fisherman’s Blues Revue featuring Steve Earle,https://www.ticketmaster.se/event/the-waterboys--fishermans-blues-revue-featuring-steve-earle-biljetter/1298658180,https://s1.ticketm.net/dam/a/cb3/47e13d69-f5e9-4480-84d0-4521a6ecfcb3_RETINA_PORTRAIT_3_2.jpg,2026-09-08,20:00,onsale,Music,Rock,Pop,Filadelfia Convention Center,Stockholm,Rörstrandsgatan 5,59.33948,18.03484,Tuesday,September,9,2026,20
Z698xZq2Z16vQK_M13,Medborgare Nûjen,https://www.ticketmaster.se/event/medborgare-nujen-biljetter/1693677292,https://s1.ticketm.net/dam/e/859/dd3cefb7-67b5-4d5e-be76-ad0d5639b859_SOURCE,2026-09-09,19:30,onsale,Arts & Theatre,Comedy,Comedy,Rival,Stockholm,Mariatorget 3,59.31816,18.06364,Wednesday,September,9,2026,19
Z698xZq2Z1krdC8Zp,MAMMA MIA! THE PARTY,https://www.ticketmaster.se/event/mamma-mia-the-party-biljetter/783390016,https://s1.ticketm.net/dam/a/08d/3e62af05-2974-4fea-836f-c0c75ed0008d_RETINA_LANDSCAPE_16_9.jpg,2026-09-11,18:30,onsale,Arts & Theatre,Theatre,Miscellaneous,Tyrol,Stockholm,Lilla Allmänna Gränd 2,59.324127,18.096259,Friday,September,9,2026,18
Z698xZq2Z16vZgAVx_,Vafalls Live med Emil Hansius & Hampus Hedström,https://www.ticketmaster.se/event/vafalls-live-med-emil-hansius--hampus-hedstrom-biljetter/1035174899,https://s1.ticketm.net/dam/a/d00/52b14c08-747c-424e-b598-8c28ae20cd00_RECOMENDATION_16_9.jpg,2026-09-11,19:30,onsale,Arts & Theatre,Theatre,Miscellaneous,Rival,Stockholm,Mariatorget 3,59.31816,18.06364,Friday,September,9,2026,19
Z698xZq2Z16v0wPb14,Comedy Store,https://www.ticketmaster.se/event/comedy-store-biljetter/1932958295,https://s1.ticketm.net/dam/a/c84/3cbb4874-e6ce-493e-9b2e-98d7b6bf0c84_RETINA_PORTRAIT_3_2.jpg,2026-09-11,20:00,onsale,Arts & Theatre,Comedy,Comedy,The Laugh House på Scandic Klara,Stockholm,Slöjdgatan 7,59.33397,18.06195,Friday,September,9,2026,20
Z698xZq2Z1kjxbfud,MAMMA MIA! THE PARTY,https://www.ticketmaster.se/event/mamma-mia-the-party-biljetter/722614343,https://s1.ticketm.net/dam/a/08d/3e62af05-2974-4fea-836f-c0c75ed0008d_RETINA_LANDSCAPE_16_9.jpg,2026-09-12,13:00,onsale,Arts & Theatre,Theatre,Miscellaneous,Tyrol,Stockholm,Lilla Allmänna Gränd 2,59.324127,18.096259,Saturday,September,9,2026,13
Z698xZq2Z1k0pffae,Vafalls Live med Emil Hansius & Hampus Hedström,https://www.ticketmaster.se/event/vafalls-live-med-emil-hansius--hampus-hedstrom-biljetter/916514242,https://s1.ticketm.net/dam/a/d00/52b14c08-747c-424e-b598-8c28ae20cd00_RECOMENDATION_16_9.jpg,2026-09-12,16:00,onsale,Arts & Theatre,Theatre,Miscellaneous,Rival,Stockholm,Mariatorget 3,59.31816,18.06364,Saturday,September,9,2026,16
Z698xZq2Z16vaY_Y4b,MAMMA MIA! THE PARTY,https://www.ticketmaster.se/event/mamma-mia-the-party-biljetter/1270670558,https://s1.ticketm.net/dam/a/08d/3e62af05-2974-4fea-836f-c0c75ed0008d_RETINA_LANDSCAPE_16_9.jpg,2026-09-12,19:30,onsale,Arts & Theatre,Theatre,Musical,Tyrol,Stockholm,Lilla Allmänna Gränd 2,59.324127,18.096259,Saturday,September,9,2026,19
Z698xZq2Z1k334aG9,Vafalls Live med Emil Hansius & Hampus Hedström,https://www.ticketmaster.se/event/vafalls-live-med-emil-hansius--hampus-hedstrom-biljetter/492549317,https://s1.ticketm.net/dam/a/d00/52b14c08-747c-424e-b598-8c28ae20cd00_RECOMENDATION_16_9.jpg,2026-09-12,19:30,onsale,Arts & Theatre,Theatre,Miscellaneous,Rival,Stockholm,Mariatorget 3,59.31816,18.06364,Saturday,September,9,2026,19
Z698xZq2Z16vbza-_U,MAFFIA COMEDY SUPERWEEKEND,https://www.ticketmaster.se/event/maffia-comedy-superweekend-biljetter/1638261676,https://s1.ticketm.net/dam/a/2f9/43412b6f-da4a-4529-afd0-31ba4b1162f9_RECOMENDATION_16_9.jpg,2026-09-12,20:00,onsale,Arts & Theatre,Comedy,Comedy,Clarion Hotel Sign,Stockholm, Östra Järnvägsgatan 35,59.99333,18.89062,Saturday,September,9,2026,20
Z698xZq2Z1k7yOUfy,Black Moose,https://www.ticketmaster.se/event/black-moose-biljetter/139836539,https://s1.ticketm.net/dam/a/298/0148a7d0-7953-4268-86f9-a87a2ad08298_RETINA_PORTRAIT_16_9.jpg,2026-09-12,22:00,onsale,Music,Hip-Hop/Rap,Hip-Hop/Rap,Biblioteket Live,Stockholm,Medborgarplatsen 2,59.31482,18.07192,Saturday,September,9,2026,22
Z698xZq2Z16v14ftqt,Megan Moroney - The Cloud 9 Tour,https://www.ticketmaster.se/event/megan-moroney-the-cloud-9-tour-biljetter/1295529769,https://s1.ticketm.net/dam/a/978/a19c24e8-29aa-4024-9038-a20553d0b978_EVENT_DETAIL_PAGE_16_9.jpg,2026-09-15,19:30,onsale,Music,Other,Other,Cirkus,Stockholm,Djurgårdsslätten 43-45,59.32457,18.09969,Tuesday,September,9,2026,19
Z698xZq2Z16vO6epjf,Alison Moyet,https://www.ticketmaster.se/event/alison-moyet-biljetter/1807096714,https://s1.ticketm.net/dam/e/4da/f0b02fe8-bfc6-4a59-9b0e-ce62cee284da_EVENT_DETAIL_PAGE_16_9.jpg,2026-09-16,19:30,onsale,Music,Other,Other,Cirkus,Stockholm,Djurgårdsslätten 43-45,59.32457,18.09969,Wednesday,September,9,2026,19
Z698xZq2Z16vv_CKOS,MAMMA MIA! THE PARTY,https://www.ticketmaster.se/event/mamma-mia-the-party-biljetter/1059393833,https://s1.ticketm.net/dam/a/08d/3e62af05-2974-4fea-836f-c0c75ed0008d_RETINA_LANDSCAPE_16_9.jpg,2026-09-17,18:30,onsale,Arts & Theatre,Theatre,Miscellaneous,Tyrol,Stockholm,Lilla Allmänna Gränd 2,59.324127,18.096259,Thursday,September,9,2026,18
Z698xZq2Z16v0dkeOa,MAMMA MIA! THE PARTY,https://www.ticketmaster.se/event/mamma-mia-the-party-biljetter/1903182809,https://s1.ticketm.net/dam/a/08d/3e62af05-2974-4fea-836f-c0c75ed0008d_RETINA_LANDSCAPE_16_9.jpg,2026-09-18,18:30,onsale,Arts & Theatre,Theatre,Musical,Tyrol,Stockholm,Lilla Allmänna Gränd 2,59.324127,18.096259,Friday,September,9,2026,18
Z698xZq2Z1kbAQb8Y,MAMMA MIA! THE PARTY,https://www.ticketmaster.se/event/mamma-mia-the-party-biljetter/605698430,https://s1.ticketm.net/dam/a/08d/3e62af05-2974-4fea-836f-c0c75ed0008d_RETINA_LANDSCAPE_16_9.jpg,2026-09-19,13:00,onsale,Arts & Theatre,Theatre,Musical,Tyrol,Stockholm,Lilla Allmänna Gränd 2,59.324127,18.096259,Saturday,September,9,2026,13
Z698xZq2Z16vOZp73b,Clapton vs Springsteen,https://www.ticketmaster.se/event/clapton-vs-springsteen-biljetter/1800584498,https://s1.ticketm.net/dam/a/32c/6245ffdd-5de6-426c-99ec-219b71f4432c_RECOMENDATION_16_9.jpg,2026-09-19,19:00,onsale,Music,Other,Other,Nya Cirkus,Stockholm,Djurgårdsslätten 43-45,59.32458,18.0997,Saturday,September,9,2026,19
Z698xZq2Z16vfA0e8S,MAMMA MIA! THE PARTY,https://www.ticketmaster.se/event/mamma-mia-the-party-biljetter/1505902433,https://s1.ticketm.net/dam/a/08d/3e62af05-2974-4fea-836f-c0c75ed0008d_RETINA_LANDSCAPE_16_9.jpg,2026-09-19,19:30,onsale,Arts & Theatre,Theatre,Miscellaneous,Tyrol,Stockholm,Lilla Allmänna Gränd 2,59.324127,18.096259,Saturday,September,9,2026,19
Z698xZq2Z16vk_aVvg,Omid & Jamshid – Live in Concert - FRAMFLYTTAD!,https://www.ticketmaster.se/event/omid--jamshid--live-in-concert-framflyttad-biljetter/1199274075,https://s1.ticketm.net/dam/e/8dc/3fb089e2-f675-4d41-a369-66b7fbdd38dc_RECOMENDATION_16_9.jpg,2026-09-19,20:00,onsale,Music,World,World,Cirkus,Stockholm,Djurgårdsslätten 43-45,59.32457,18.09969,Saturday,September,9,2026,20
Z698xZq2Z1k0Zk3Ap,MAFFIA COMEDY SUPERWEEKEND,https://www.ticketmaster.se/event/maffia-comedy-superweekend-biljetter/900192156,https://s1.ticketm.net/dam/a/2f9/43412b6f-da4a-4529-afd0-31ba4b1162f9_RECOMENDATION_16_9.jpg,2026-09-19,20:00,onsale,Arts & Theatre,Comedy,Comedy,Clarion Hotel Sign,Stockholm, Östra Järnvägsgatan 35,59.99333,18.89062,Saturday,September,9,2026,20
Z698xZq2Z16eek4S-s,"A$AP Rocky - Don't Be Dumb World Tour, Platinum Tickets",https://www.ticketmaster.se/event/aap-rocky-dont-be-dumb-world-tour-platinumbiljetter-biljetter/2086573871,https://s1.ticketm.net/dam/a/3f7/d4773445-3bc0-4087-a14b-f89c67f3f3f7_RETINA_LANDSCAPE_16_9.jpg,2026-09-21,19:30,onsale,Music,Hip-Hop/Rap,Hip-Hop/Rap,Avicii Arena,Stockholm,Globentorget 2,59.29416,18.08081,Monday,September,9,2026,19
Z698xZq2Z16vx_vb13,FRÅN ELVIS PRESLEY TILL JERRY WILLIAMS,https://www.ticketmaster.se/event/fran-elvis-presley-till-jerry-williams-biljetter/1899058292,https://s1.ticketm.net/dam/a/42f/eafd6da5-4dc4-4565-b1ef-ca2e9c1ab42f_TABLET_LANDSCAPE_16_9.jpg,2026-09-23,19:30,onsale,Arts & Theatre,Spectacular,Spectacular,Rival,Stockholm,Mariatorget 3,59.31816,18.06364,Wednesday,September,9,2026,19
Z698xZq2Z16vZt7JFv,MAMMA MIA! THE PARTY,https://www.ticketmaster.se/event/mamma-mia-the-party-biljetter/1029126201,https://s1.ticketm.net/dam/a/08d/3e62af05-2974-4fea-836f-c0c75ed0008d_RETINA_LANDSCAPE_16_9.jpg,2026-09-24,18:30,onsale,Arts & Theatre,Theatre,Miscellaneous,Tyrol,Stockholm,Lilla Allmänna Gränd 2,59.324127,18.096259,Thursday,September,9,2026,18
Z698xZq2Z16v_0ZbGe,Torka aldrig tårar utan handskar,https://www.ticketmaster.se/event/torka-aldrig-tarar-utan-handskar-biljetter/1664018302,https://s1.ticketm.net/dam/a/c04/e189e030-d506-413c-9877-abbf392eac04_TABLET_LANDSCAPE_16_9.jpg,2026-09-24,19:30,onsale,Arts & Theatre,Theatre,Musical,Göta Lejon,Stockholm,Götgatan 55,59.31378,18.07384,Thursday,September,9,2026,19
Z698xZq2Z16vZ4Qe_-,Holly Humberstone,https://www.ticketmaster.se/event/holly-humberstone-biljetter/1015682661,https://s1.ticketm.net/dam/e/377/671911f9-7827-48a4-8812-f8bcbc9ff377_TABLET_LANDSCAPE_LARGE_16_9.jpg,2026-09-24,20:00,onsale,Music,Rock,Pop,Nalen,Stockholm,Regeringsgatan 74,59.33706,18.06749,Thursday,September,9,2026,20
Z698xZq2Z1AdFUQ6,Labero's Magic World,https://www.ticketmaster.se/event/laberos-magic-world-biljetter/3236687,https://s1.ticketm.net/dam/a/f00/7a24bdb3-8f78-408b-85aa-125463437f00_TABLET_LANDSCAPE_3_2.jpg,2026-09-25,18:00,onsale,Miscellaneous,Food & Drink,Food & Drink,La Botanica,Stockholm,Tel: 08-751 09 65 - Stjärntorget 2,59.36898,18.00585,Friday,September,9,2026,18
Z698xZq2Z16vO9PNOd,MAMMA MIA! THE PARTY,https://www.ticketmaster.se/event/mamma-mia-the-party-biljetter/1817963803,https://s1.ticketm.net/dam/a/08d/3e62af05-2974-4fea-836f-c0c75ed0008d_RETINA_LANDSCAPE_16_9.jpg,2026-09-25,18:30,onsale,Arts & Theatre,Theatre,Musical,Tyrol,Stockholm,Lilla Allmänna Gränd 2,59.324127,18.096259,Friday,September,9,2026,18
Z698xZq2Z1k8KPKP_,Torka aldrig tårar utan handskar,https://www.ticketmaster.se/event/torka-aldrig-tarar-utan-handskar-biljetter/413953959,https://s1.ticketm.net/dam/a/c04/e189e030-d506-413c-9877-abbf392eac04_TABLET_LANDSCAPE_16_9.jpg,2026-09-25,19:30,onsale,Arts & Theatre,Theatre,Musical,Göta Lejon,Stockholm,Götgatan 55,59.31378,18.07384,Friday,September,9,2026,19
Z698xZq2Z1k_vftx_,"OSVENSK? - Fika, falafel och falukorv",https://www.ticketmaster.se/event/osvensk-fika-falafel-och-falukorv-biljetter/641529899,https://s1.ticketm.net/dam/e/63f/aa10a43d-9037-46d4-99aa-70c47c5b863f_EVENT_DETAIL_PAGE_16_9.jpg,2026-09-25,19:30,onsale,Arts & Theatre,Comedy,Comedy,Nya Cirkus,Stockholm,Djurgårdsslätten 43-45,59.32458,18.0997,Friday,September,9,2026,19
Z698xZq2Z16vvaoYv0,MAMMA MIA! THE PARTY,https://www.ticketmaster.se/event/mamma-mia-the-party-biljetter/1049470064,https://s1.ticketm.net/dam/a/08d/3e62af05-2974-4fea-836f-c0c75ed0008d_RETINA_LANDSCAPE_16_9.jpg,2026-09-26,13:00,onsale,Arts & Theatre,Theatre,Musical,Tyrol,Stockholm,Lilla Allmänna Gränd 2,59.324127,18.096259,Saturday,September,9,2026,13
Z698xZq2Z1ke9C8bd,Torka aldrig tårar utan handskar,https://www.ticketmaster.se/event/torka-aldrig-tarar-utan-handskar-biljetter/97390603,https://s1.ticketm.net/dam/a/c04/e189e030-d506-413c-9877-abbf392eac04_TABLET_LANDSCAPE_16_9.jpg,2026-09-26,15:00,onsale,Arts & Theatre,Theatre,Musical,Göta Lejon,Stockholm,Götgatan 55,59.31378,18.07384,Saturday,September,9,2026,15
Z698xZq2Z16vOS7v-F,Labero's Magic World,https://www.ticketmaster.se/event/laberos-magic-world-biljetter/1833101848,https://s1.ticketm.net/dam/a/f00/7a24bdb3-8f78-408b-85aa-125463437f00_TABLET_LANDSCAPE_3_2.jpg,2026-09-26,18:00,onsale,Arts & Theatre,Magic & Illusion,Magic,La Botanica,Stockholm,Tel: 08-751 09 65 - Stjärntorget 2,59.36898,18.00585,Saturday,September,9,2026,18
Z698xZq2Z16vG4bV1A,Torka aldrig tårar utan handskar,https://www.ticketmaster.se/event/torka-aldrig-tarar-utan-handskar-biljetter/1315634285,https://s1.ticketm.net/dam/a/c04/e189e030-d506-413c-9877-abbf392eac04_TABLET_LANDSCAPE_16_9.jpg,2026-09-26,19:30,onsale,Arts & Theatre,Theatre,Musical,Göta Lejon,Stockholm,Götgatan 55,59.31378,18.07384,Saturday,September,9,2026,19
Z698xZq2Z1kuV7orv,MAMMA MIA! THE PARTY,https://www.ticketmaster.se/event/mamma-mia-the-party-biljetter/374111781,https://s1.ticketm.net/dam/a/08d/3e62af05-2974-4fea-836f-c0c75ed0008d_RETINA_LANDSCAPE_16_9.jpg,2026-09-26,19:30,onsale,Arts & Theatre,Theatre,Musical,Tyrol,Stockholm,Lilla Allmänna Gränd 2,59.324127,18.096259,Saturday,September,9,2026,19
Z698xZq2Z16vQeAgO_,MAFFIA COMEDY SUPERWEEKEND med Viktor Engberg m.fl,https://www.ticketmaster.se/event/maffia-comedy-superweekend-med-viktor-engberg-mfl-biljetter/1682175819,https://s1.ticketm.net/dam/a/2f9/43412b6f-da4a-4529-afd0-31ba4b1162f9_RECOMENDATION_16_9.jpg,2026-09-26,20:00,onsale,Arts & Theatre,Comedy,Comedy,Clarion Hotel Sign,Stockholm, Östra Järnvägsgatan 35,59.99333,18.89062,Saturday,September,9,2026,20
Z698xZq2Z1ko7bgJv,"OSVENSK? - Fika, falafel och falukorv",https://www.ticketmaster.se/event/osvensk-fika-falafel-och-falukorv-biljetter/444635981,https://s1.ticketm.net/dam/e/ad8/e53b89ba-a28b-43d9-a929-b083f06cfad8_SOURCE,2026-09-26,20:00,onsale,Arts & Theatre,Comedy,Comedy,Nya Cirkus,Stockholm,Djurgårdsslätten 43-45,59.32458,18.0997,Saturday,September,9,2026,20
Z698xZq2Z1kb8_E4_,MAMMA MIA! THE PARTY,https://www.ticketmaster.se/event/mamma-mia-the-party-biljetter/610667559,https://s1.ticketm.net/dam/a/08d/3e62af05-2974-4fea-836f-c0c75ed0008d_RETINA_LANDSCAPE_16_9.jpg,2026-10-01,18:30,onsale,Arts & Theatre,Theatre,Miscellaneous,Tyrol,Stockholm,Lilla Allmänna Gränd 2,59.324127,18.096259,Thursday,October,10,2026,18
Z698xZq2Z16vOSFwqw,Hofesh Shechter Company - Theatre of Dreams,https://www.ticketmaster.se/event/hofesh-shechter-company-theatre-of-dreams-biljetter/1833232772,https://s1.ticketm.net/dam/a/a05/94236972-2595-4d88-90e6-51a7d4b6ca05_ARTIST_PAGE_3_2.jpg,2026-10-01,19:00,onsale,Arts & Theatre,Dance,Dance,Dansens Hus - Stora Scen,Stockholm,Barnhusgatan 12-14,59.33623,18.05644,Thursday,October,10,2026,19
Z698xZq2Z16v7zGabK,Torka aldrig tårar utan handskar,https://www.ticketmaster.se/event/torka-aldrig-tarar-utan-handskar-biljetter/1138309613,https://s1.ticketm.net/dam/a/c04/e189e030-d506-413c-9877-abbf392eac04_TABLET_LANDSCAPE_16_9.jpg,2026-10-01,19:30,onsale,Arts & Theatre,Theatre,Musical,Göta Lejon,Stockholm,Götgatan 55,59.31378,18.07384,Thursday,October,10,2026,19
Z698xZq2Z16vJpqg_a,The Best of Mike Oldfield’s Tubular Bells I II & III,https://www.ticketmaster.se/event/the-best-of-mike-oldfields-tubular-bells-i-ii--iii-biljetter/1996775649,https://s1.ticketm.net/dam/a/5ad/da0cee97-b9b8-45f7-852c-1773b37355ad_ARTIST_PAGE_3_2.jpg,2026-10-01,19:30,onsale,Music,Rock,Pop,Filadelfia Convention Center,Stockholm,Rörstrandsgatan 5,59.33948,18.03484,Thursday,October,10,2026,19
Z698xZq2Z1kFaPF4_,Labero's Magic World,https://www.ticketmaster.se/event/laberos-magic-world-biljetter/209948559,https://s1.ticketm.net/dam/a/f00/7a24bdb3-8f78-408b-85aa-125463437f00_TABLET_LANDSCAPE_3_2.jpg,2026-10-02,18:00,onsale,Arts & Theatre,Magic & Illusion,Magic,La Botanica,Stockholm,Tel: 08-751 09 65 - Stjärntorget 2,59.36898,18.00585,Friday,October,10,2026,18
Z698xZq2Z16v0tZef-,MAMMA MIA! THE PARTY,https://www.ticketmaster.se/event/mamma-mia-the-party-biljetter/1929002521,https://s1.ticketm.net/dam/a/08d/3e62af05-2974-4fea-836f-c0c75ed0008d_RETINA_LANDSCAPE_16_9.jpg,2026-10-02,18:30,onsale,Arts & Theatre,Theatre,Miscellaneous,Tyrol,Stockholm,Lilla Allmänna Gränd 2,59.324127,18.096259,Friday,October,10,2026,18
Z698xZq2Z1kG473x8,Hofesh Shechter Company - Theatre of Dreams,https://www.ticketmaster.se/event/hofesh-shechter-company-theatre-of-dreams-biljetter/315112890,https://s1.ticketm.net/dam/a/a05/94236972-2595-4d88-90e6-51a7d4b6ca05_ARTIST_PAGE_3_2.jpg,2026-10-02,19:00,onsale,Arts & Theatre,Dance,Dance,Dansens Hus - Stora Scen,Stockholm,Barnhusgatan 12-14,59.33623,18.05644,Friday,October,10,2026,19
Z698xZq2Z16vqe_AaU,Torka aldrig tårar utan handskar,https://www.ticketmaster.se/event/torka-aldrig-tarar-utan-handskar-biljetter/1742645276,https://s1.ticketm.net/dam/a/c04/e189e030-d506-413c-9877-abbf392eac04_TABLET_LANDSCAPE_16_9.jpg,2026-10-02,19:30,onsale,Arts & Theatre,Theatre,Musical,Göta Lejon,Stockholm,Götgatan 55,59.31378,18.07384,Friday,October,10,2026,19
Z698xZq2Z16vf3GeQF,MAFFIA COMEDY SUPERWEEKEND med Diyari Mahmoud m.fl,https://www.ticketmaster.se/event/maffia-comedy-superweekend-med-diyari-mahmoud-mfl-biljetter/1512302688,https://s1.ticketm.net/dam/a/2f9/43412b6f-da4a-4529-afd0-31ba4b1162f9_RECOMENDATION_16_9.jpg,2026-10-02,20:00,onsale,Arts & Theatre,Comedy,Comedy,Clarion Hotel Sign,Stockholm, Östra Järnvägsgatan 35,59.99333,18.89062,Friday,October,10,2026,20
Z698xZq2Z16vGYa4e4,MAMMA MIA! THE PARTY,https://www.ticketmaster.se/event/mamma-mia-the-party-biljetter/1330255095,https://s1.ticketm.net/dam/a/08d/3e62af05-2974-4fea-836f-c0c75ed0008d_RETINA_LANDSCAPE_16_9.jpg,2026-10-03,13:00,onsale,Arts & Theatre,Theatre,Miscellaneous,Tyrol,Stockholm,Lilla Allmänna Gränd 2,59.324127,18.096259,Saturday,October,10,2026,13
Z698xZq2Z16v7SPwA4,Torka aldrig tårar utan handskar,https://www.ticketmaster.se/event/torka-aldrig-tarar-utan-handskar-biljetter/1133972155,https://s1.ticketm.net/dam/a/c04/e189e030-d506-413c-9877-abbf392eac04_TABLET_LANDSCAPE_16_9.jpg,2026-10-03,15:00,onsale,Arts & Theatre,Theatre,Musical,Göta Lejon,Stockholm,Götgatan 55,59.31378,18.07384,Saturday,October,10,2026,15
Z698xZq2Z16v-e8MG-,Labero's Magic World,https://www.ticketmaster.se/event/laberos-magic-world-biljetter/1842437321,https://s1.ticketm.net/dam/a/f00/7a24bdb3-8f78-408b-85aa-125463437f00_TABLET_LANDSCAPE_3_2.jpg,2026-10-03,18:00,onsale,Arts & Theatre,Magic & Illusion,Magic,La Botanica,Stockholm,Tel: 08-751 09 65 - Stjärntorget 2,59.36898,18.00585,Saturday,October,10,2026,18
Z698xZq2Z1kjEp7uY,Hofesh Shechter Company - Theatre of Dreams,https://www.ticketmaster.se/event/hofesh-shechter-company-theatre-of-dreams-biljetter/727584370,https://s1.ticketm.net/dam/a/a05/94236972-2595-4d88-90e6-51a7d4b6ca05_ARTIST_PAGE_3_2.jpg,2026-10-03,19:00,onsale,Arts & Theatre,Dance,Dance,Dansens Hus - Stora Scen,Stockholm,Barnhusgatan 12-14,59.33623,18.05644,Saturday,October,10,2026,19
Z698xZq2Z16v0xZyGp,Jon Anderson & The Band Geeks,https://www.ticketmaster.se/event/jon-anderson--the-band-geeks-biljetter/1922039316,https://s1.ticketm.net/dam/e/f7e/f9e98f62-622f-4cd0-861e-a15d26c62f7e_ARTIST_PAGE_3_2.jpg,2026-10-03,19:30,onsale,Music,Rock,Pop,Cirkus,Stockholm,Djurgårdsslätten 43-45,59.32457,18.09969,Saturday,October,10,2026,19
Z698xZq2Z16v7Z19bd,Torka aldrig tårar utan handskar,https://www.ticketmaster.se/event/torka-aldrig-tarar-utan-handskar-biljetter/1100297603,https://s1.ticketm.net/dam/a/c04/e189e030-d506-413c-9877-abbf392eac04_TABLET_LANDSCAPE_16_9.jpg,2026-10-03,19:30,onsale,Arts & Theatre,Theatre,Musical,Göta Lejon,Stockholm,Götgatan 55,59.31378,18.07384,Saturday,October,10,2026,19
Z698xZq2Z16vf9ZaJ6,MAMMA MIA! THE PARTY,https://www.ticketmaster.se/event/mamma-mia-the-party-biljetter/1517009987,https://s1.ticketm.net/dam/a/08d/3e62af05-2974-4fea-836f-c0c75ed0008d_RETINA_LANDSCAPE_16_9.jpg,2026-10-03,19:30,onsale,Arts & Theatre,Theatre,Musical,Tyrol,Stockholm,Lilla Allmänna Gränd 2,59.324127,18.096259,Saturday,October,10,2026,19
Z698xZq2Z1k8fJkvF,MAFFIA COMEDY SUPERWEEKEND med Diyari Mahmoud m.fl,https://www.ticketmaster.se/event/maffia-comedy-superweekend-med-diyari-mahmoud-mfl-biljetter/414986048,https://s1.ticketm.net/dam/a/2f9/43412b6f-da4a-4529-afd0-31ba4b1162f9_RECOMENDATION_16_9.jpg,2026-10-03,20:00,onsale,Arts & Theatre,Comedy,Comedy,Clarion Hotel Sign,Stockholm, Östra Järnvägsgatan 35,59.99333,18.89062,Saturday,October,10,2026,20
Z698xZq2Z1kaxZ3fF,"Tomas Andersson Wij, Kyrkorna 2026 - Finalen",https://www.ticketmaster.se/event/tomas-andersson-wij-kyrkorna-2026-finalen-biljetter/262012508,https://s1.ticketm.net/dam/e/238/61da3782-fc1f-47c7-ae9c-453cce932238_CUSTOM.jpg,2026-10-03,20:00,onsale,Music,Other,Other,Filadelfia Convention Center,Stockholm,Rörstrandsgatan 5,59.33948,18.03484,Saturday,October,10,2026,20
Z698xZq2Z1kp3pdaZ,Hofesh Shechter Company - Theatre of Dreams,https://www.ticketmaster.se/event/hofesh-shechter-company-theatre-of-dreams-biljetter/592583240,https://s1.ticketm.net/dam/a/a05/94236972-2595-4d88-90e6-51a7d4b6ca05_ARTIST_PAGE_3_2.jpg,2026-10-04,16:00,onsale,Arts & Theatre,Dance,Dance,Dansens Hus - Stora Scen,Stockholm,Barnhusgatan 12-14,59.33623,18.05644,Sunday,October,10,2026,16
Z698xZq2Z1kA4afPU,Max Raabe & Palast Orchester,https://www.ticketmaster.se/event/max-raabe--palast-orchester-biljetter/155254976,https://s1.ticketm.net/dam/a/122/5abd36df-4a79-4f2c-b637-d7fcfc533122_RETINA_LANDSCAPE_16_9.jpg,2026-10-05,19:00,onsale,Music,Other,Other,Cirkus,Stockholm,Djurgårdsslätten 43-45,59.32457,18.09969,Monday,October,10,2026,19
Z698xZq2Z16v-8rpa0,Max Raabe & Palast Orchester,https://www.ticketmaster.se/event/max-raabe--palast-orchester-biljetter/1850796264,https://s1.ticketm.net/dam/a/122/5abd36df-4a79-4f2c-b637-d7fcfc533122_RETINA_LANDSCAPE_16_9.jpg,2026-10-06,19:00,onsale,Music,Other,Other,Cirkus,Stockholm,Djurgårdsslätten 43-45,59.32457,18.09969,Tuesday,October,10,2026,19
Z698xZq2Z16vG8o3ao,THE VERY BEST OF THIN LIZZY - PHIL LYNOTT AND GARY MOORE,https://www.ticketmaster.se/event/the-very-best-of-thin-lizzy-phil-lynott-and-gary-moore-biljetter/1310452251,https://s1.ticketm.net/dam/e/2ff/3df2ac23-23f3-4ccd-98d1-2874b16d32ff_TABLET_LANDSCAPE_3_2.jpg,2026-10-07,19:30,onsale,Music,Rock,Pop,Nya Cirkus,Stockholm,Djurgårdsslätten 43-45,59.32458,18.0997,Wednesday,October,10,2026,19
Z698xZq2Z16vrpve8y,MAMMA MIA! THE PARTY,https://www.ticketmaster.se/event/mamma-mia-the-party-biljetter/1796042439,https://s1.ticketm.net/dam/a/08d/3e62af05-2974-4fea-836f-c0c75ed0008d_RETINA_LANDSCAPE_16_9.jpg,2026-10-08,18:30,onsale,Arts & Theatre,Theatre,Musical,Tyrol,Stockholm,Lilla Allmänna Gränd 2,59.324127,18.096259,Thursday,October,10,2026,18
Z698xZq2Z1kas43a8,Torka aldrig tårar utan handskar,https://www.ticketmaster.se/event/torka-aldrig-tarar-utan-handskar-biljetter/271552250,https://s1.ticketm.net/dam/a/c04/e189e030-d506-413c-9877-abbf392eac04_TABLET_LANDSCAPE_16_9.jpg,2026-10-08,19:30,onsale,Arts & Theatre,Theatre,Musical,Göta Lejon,Stockholm,Götgatan 55,59.31378,18.07384,Thursday,October,10,2026,19
Z698xZq2Z1kkFuZJk,Labero's Magic World,https://www.ticketmaster.se/event/laberos-magic-world-biljetter/188340986,https://s1.ticketm.net/dam/a/f00/7a24bdb3-8f78-408b-85aa-125463437f00_TABLET_LANDSCAPE_3_2.jpg,2026-10-09,18:00,onsale,Arts & Theatre,Magic & Illusion,Magic,La Botanica,Stockholm,Tel: 08-751 09 65 - Stjärntorget 2,59.36898,18.00585,Friday,October,10,2026,18
Z698xZq2Z1kFske1p,MAMMA MIA! THE PARTY,https://www.ticketmaster.se/event/mamma-mia-the-party-biljetter/231182296,https://s1.ticketm.net/dam/a/08d/3e62af05-2974-4fea-836f-c0c75ed0008d_RETINA_LANDSCAPE_16_9.jpg,2026-10-09,18:30,onsale,Arts & Theatre,Theatre,Miscellaneous,Tyrol,Stockholm,Lilla Allmänna Gränd 2,59.324127,18.096259,Friday,October,10,2026,18
Z698xZq2Z1kFs7YJ7,The Magic Numbers,https://www.ticketmaster.se/event/the-magic-numbers-biljetter/231130984,https://s1.ticketm.net/dam/a/ef4/dd7d3356-ba6e-4e26-8a82-0e1f685f0ef4_TABLET_LANDSCAPE_16_9.jpg,2026-10-09,19:00,onsale,Music,Alternative,Indie Pop,Debaser Strand,Stockholm,Hornstulls strand 4,59.31465,18.03185,Friday,October,10,2026,19
Z698xZq2Z16vxo8oZ7, BRA SURR – med Fredrik Hallgren & Victor Sundberg,https://www.ticketmaster.se/event/-bra-surr--med-fredrik-hallgren--victor-sundberg-biljetter/1891411004,https://s1.ticketm.net/dam/e/212/0d054eb6-5c09-4932-b232-e5f75d0ce212_EVENT_DETAIL_PAGE_16_9.jpg,2026-10-09,19:30,onsale,Miscellaneous,Family,Other,Vasateatern,Stockholm,Vasagatan 19,59.3342,18.05586,Friday,October,10,2026,19
Z698xZq2Z1kA3-Ifa,Torka aldrig tårar utan handskar,https://www.ticketmaster.se/event/torka-aldrig-tarar-utan-handskar-biljetter/152868509,https://s1.ticketm.net/dam/a/c04/e189e030-d506-413c-9877-abbf392eac04_TABLET_LANDSCAPE_16_9.jpg,2026-10-09,19:30,onsale,Arts & Theatre,Theatre,Musical,Göta Lejon,Stockholm,Götgatan 55,59.31378,18.07384,Friday,October,10,2026,19
Z698xZq2Z1kApa7fV,Khalid: It’s Always Summer Somewhere Tour,https://www.ticketmaster.se/event/khalid-its-always-summer-somewhere-tour-biljetter/156244534,https://s1.ticketm.net/dam/e/e70/96c5a07d-3eba-45f7-99fb-1f2ab8015e70_RECOMENDATION_16_9.jpg,2026-10-09,19:30,onsale,Music,Rock,Pop,B-K,Stockholm,Frihamnsgatan 14,59.3417,18.11862,Friday,October,10,2026,19
Z698xZq2Z16vjwZxae,MAFFIA COMEDY SUPERWEEKEND med Tobbe Ström m.fl,https://www.ticketmaster.se/event/maffia-comedy-superweekend-med-tobbe-strom-mfl-biljetter/1732022242,https://s1.ticketm.net/dam/a/2f9/43412b6f-da4a-4529-afd0-31ba4b1162f9_RECOMENDATION_16_9.jpg,2026-10-09,20:00,onsale,Arts & Theatre,Comedy,Comedy,Clarion Hotel Sign,Stockholm, Östra Järnvägsgatan 35,59.99333,18.89062,Friday,October,10,2026,20
Z698xZq2Z16v8e-Pua,MAMMA MIA! THE PARTY,https://www.ticketmaster.se/event/mamma-mia-the-party-biljetter/1402865349,https://s1.ticketm.net/dam/a/08d/3e62af05-2974-4fea-836f-c0c75ed0008d_RETINA_LANDSCAPE_16_9.jpg,2026-10-10,13:00,onsale,Arts & Theatre,Theatre,Musical,Tyrol,Stockholm,Lilla Allmänna Gränd 2,59.324127,18.096259,Saturday,October,10,2026,13
Z698xZq2Z16vAyQaZY,Torka aldrig tårar utan handskar,https://www.ticketmaster.se/event/torka-aldrig-tarar-utan-handskar-biljetter/1179689030,https://s1.ticketm.net/dam/a/c04/e189e030-d506-413c-9877-abbf392eac04_TABLET_LANDSCAPE_16_9.jpg,2026-10-10,15:00,onsale,Arts & Theatre,Theatre,Musical,Göta Lejon,Stockholm,Götgatan 55,59.31378,18.07384,Saturday,October,10,2026,15
Z698xZq2Z16vjkCKZg,Labero's Magic World,https://www.ticketmaster.se/event/laberos-magic-world-biljetter/1706393035,https://s1.ticketm.net/dam/a/f00/7a24bdb3-8f78-408b-85aa-125463437f00_TABLET_LANDSCAPE_3_2.jpg,2026-10-10,18:00,onsale,Arts & Theatre,Magic & Illusion,Magic,La Botanica,Stockholm,Tel: 08-751 09 65 - Stjärntorget 2,59.36898,18.00585,Saturday,October,10,2026,18
Z698xZq2Z16evAQA--,Torka aldrig tårar utan handskar,https://www.ticketmaster.se/event/torka-aldrig-tarar-utan-handskar-biljetter/2045685861,https://s1.ticketm.net/dam/a/c04/e189e030-d506-413c-9877-abbf392eac04_TABLET_LANDSCAPE_16_9.jpg,2026-10-10,19:30,onsale,Arts & Theatre,Theatre,Musical,Göta Lejon,Stockholm,Götgatan 55,59.31378,18.07384,Saturday,October,10,2026,19
Z698xZq2Z16ev_r7Fw,MAMMA MIA! THE PARTY,https://www.ticketmaster.se/event/mamma-mia-the-party-biljetter/2059784232,https://s1.ticketm.net/dam/a/08d/3e62af05-2974-4fea-836f-c0c75ed0008d_RETINA_LANDSCAPE_16_9.jpg,2026-10-10,19:30,onsale,Arts & Theatre,Theatre,Miscellaneous,Tyrol,Stockholm,Lilla Allmänna Gränd 2,59.324127,18.096259,Saturday,October,10,2026,19
Z698xZq2Z1k3948Qp,Original Enigma Voices,https://www.ticketmaster.se/event/original-enigma-voices-biljetter/497550696,https://s1.ticketm.net/dam/a/860/d039db1d-e182-4bfd-95c4-238b57f43860_TABLET_LANDSCAPE_3_2.jpg,2026-10-10,19:30,onsale,Music,Other,Other,Cirkus,Stockholm,Djurgårdsslätten 43-45,59.32457,18.09969,Saturday,October,10,2026,19
Z698xZq2Z16v7_AK7I,MAFFIA COMEDY SUPERWEEKEND med Tobbe Ström m.fl,https://www.ticketmaster.se/event/maffia-comedy-superweekend-med-tobbe-strom-mfl-biljetter/1119153128,https://s1.ticketm.net/dam/a/2f9/43412b6f-da4a-4529-afd0-31ba4b1162f9_RECOMENDATION_16_9.jpg,2026-10-10,20:00,onsale,Arts & Theatre,Comedy,Comedy,Clarion Hotel Sign,Stockholm, Östra Järnvägsgatan 35,59.99333,18.89062,Saturday,October,10,2026,20
Z698xZq2Z1kQ9QFGd,Djungelboken The Musical,https://www.ticketmaster.se/event/djungelboken-the-musical-biljetter/697688303,https://s1.ticketm.net/dam/a/5f0/557a8a2a-fa47-48e2-affb-d813332e15f0_SOURCE,2026-10-11,16:00,onsale,Arts & Theatre,Theatre,Musical,Göta Lejon,Stockholm,Götgatan 55,59.31378,18.07384,Sunday,October,10,2026,16
Z698xZq2Z1ko9kAAZ,London Symphonic Rock Orchestra,https://www.ticketmaster.se/event/london-symphonic-rock-orchestra-biljetter/457185140,https://s1.ticketm.net/dam/a/780/98309a4b-5764-4ce5-ae9e-817a49282780_RECOMENDATION_16_9.jpg,2026-10-12,19:00,onsale,Music,Rock,Pop,Göta Lejon,Stockholm,Götgatan 55,59.31378,18.07384,Monday,October,10,2026,19
Z698xZq2Z1A4b3oK,Marko Hietala,https://www.ticketmaster.se/event/marko-hietala-biljetter/15612453,https://s1.ticketm.net/dam/a/a3f/109820b7-6483-4d50-a90d-ce3ef71efa3f_SOURCE,2026-10-13,19:30,onsale,Music,Other,Other,Debaser Nova,Stockholm,Hornstulls strand,59.31366,18.03503,Tuesday,October,10,2026,19
Z698xZq2Z16vFNo_bw,Dylan Moran,https://www.ticketmaster.se/event/dylan-moran-biljetter/1223459632,https://s1.ticketm.net/dam/e/433/e972b675-cb61-44db-88f5-00bea9466433_RECOMENDATION_16_9.jpg,2026-10-13,20:00,onsale,Arts & Theatre,Comedy,Comedy,Göta Lejon,Stockholm,Götgatan 55,59.31378,18.07384,Tuesday,October,10,2026,20
Z698xZq2Z16vFouVGs,MAMMA MIA! THE PARTY,https://www.ticketmaster.se/event/mamma-mia-the-party-biljetter/1211374331,https://s1.ticketm.net/dam/a/08d/3e62af05-2974-4fea-836f-c0c75ed0008d_RETINA_LANDSCAPE_16_9.jpg,2026-10-15,18:30,onsale,Arts & Theatre,Theatre,Miscellaneous,Tyrol,Stockholm,Lilla Allmänna Gränd 2,59.324127,18.096259,Thursday,October,10,2026,18
Z698xZq2Z1kxdr8oJ,Janne Schaffer - My Music Story Band fokus Ted Gärdestad 70,https://www.ticketmaster.se/event/janne-schaffer-my-music-story-band-fokus-ted-gardestad-70-biljetter/883790466,https://s1.ticketm.net/dam/e/0cb/4b0ca433-5046-49fe-9de4-219152d160cb_TABLET_LANDSCAPE_3_2.jpg,2026-10-15,19:00,onsale,Music,Other,Other,Cirkus,Stockholm,Djurgårdsslätten 43-45,59.32457,18.09969,Thursday,October,10,2026,19
Z698xZq2Z16vugON-Z,Torka aldrig tårar utan handskar,https://www.ticketmaster.se/event/torka-aldrig-tarar-utan-handskar-biljetter/1375823840,https://s1.ticketm.net/dam/a/c04/e189e030-d506-413c-9877-abbf392eac04_TABLET_LANDSCAPE_16_9.jpg,2026-10-15,19:30,onsale,Arts & Theatre,Theatre,Musical,Göta Lejon,Stockholm,Götgatan 55,59.31378,18.07384,Thursday,October,10,2026,19
Z698xZq2Z16vPSf_ZI,MAMMA MIA! THE PARTY,https://www.ticketmaster.se/event/mamma-mia-the-party-biljetter/1973519028,https://s1.ticketm.net/dam/a/08d/3e62af05-2974-4fea-836f-c0c75ed0008d_RETINA_LANDSCAPE_16_9.jpg,2026-10-16,18:30,onsale,Arts & Theatre,Theatre,Musical,Tyrol,Stockholm,Lilla Allmänna Gränd 2,59.324127,18.096259,Friday,October,10,2026,18
Z698xZq2Z16vCkfJr9,The Watch plays Genesis - Tales from 1970-1976,https://www.ticketmaster.se/event/the-watch-plays-genesis-tales-from-1970-1976-biljetter/1386526797,https://s1.ticketm.net/dam/e/db9/5f4f5201-6683-4a40-b86d-0a24e2701db9_ARTIST_PAGE_3_2.jpg,2026-10-16,19:00,onsale,Music,Rock,Pop,Nya Cirkus,Stockholm,Djurgårdsslätten 43-45,59.32458,18.0997,Friday,October,10,2026,19
Z698xZq2Z16v0vQp8F,Peter Stormare – Från Arbrå till Hollywood,https://www.ticketmaster.se/event/peter-stormare--fran-arbra-till-hollywood-biljetter/1901696408,https://s1.ticketm.net/dam/e/e88/c0c66856-3d1a-4adb-9624-1a48544a2e88_RECOMENDATION_16_9.jpg,2026-10-16,19:30,onsale,Miscellaneous,Family,Other,Vasateatern,Stockholm,Vasagatan 19,59.3342,18.05586,Friday,October,10,2026,19
Z698xZq2Z1kqZv-Qe,Torka aldrig tårar utan handskar,https://www.ticketmaster.se/event/torka-aldrig-tarar-utan-handskar-biljetter/740061682,https://s1.ticketm.net/dam/a/c04/e189e030-d506-413c-9877-abbf392eac04_TABLET_LANDSCAPE_16_9.jpg,2026-10-16,19:30,onsale,Arts & Theatre,Theatre,Musical,Göta Lejon,Stockholm,Götgatan 55,59.31378,18.07384,Friday,October,10,2026,19
Z698xZq2Z1kC9QbJZ,MAFFIA COMEDY SUPERWEEKEND med Shanthi Rydwall Menon m.fl,https://www.ticketmaster.se/event/maffia-comedy-superweekend-med-shanthi-rydwall-menon-mfl-biljetter/397698980,https://s1.ticketm.net/dam/a/2f9/43412b6f-da4a-4529-afd0-31ba4b1162f9_RECOMENDATION_16_9.jpg,2026-10-16,20:00,onsale,Arts & Theatre,Comedy,Comedy,Clarion Hotel Sign,Stockholm, Östra Järnvägsgatan 35,59.99333,18.89062,Friday,October,10,2026,20
Z698xZq2Z16vqkZ8r6,Babblarna & Klonks Klapp-kalas,https://www.ticketmaster.se/event/babblarna--klonks-klapp-kalas-biljetter/1746010787,https://s1.ticketm.net/dam/a/2fe/0e037444-3367-4146-9ee7-4d4eab58c2fe_TABLET_LANDSCAPE_LARGE_16_9.jpg,2026-10-17,11:00,onsale,Miscellaneous,Family,Other,Nya Cirkus,Stockholm,Djurgårdsslätten 43-45,59.32458,18.0997,Saturday,October,10,2026,11
Z698xZq2Z1k0N4-fO,MAMMA MIA! THE PARTY,https://www.ticketmaster.se/event/mamma-mia-the-party-biljetter/923561520,https://s1.ticketm.net/dam/a/08d/3e62af05-2974-4fea-836f-c0c75ed0008d_RETINA_LANDSCAPE_16_9.jpg,2026-10-17,13:00,onsale,Arts & Theatre,Theatre,Miscellaneous,Tyrol,Stockholm,Lilla Allmänna Gränd 2,59.324127,18.096259,Saturday,October,10,2026,13
Z698xZq2Z1kG8o0_8,Babblarna & Klonks Klapp-kalas,https://www.ticketmaster.se/event/babblarna--klonks-klapp-kalas-biljetter/310464650,https://s1.ticketm.net/dam/a/2fe/0e037444-3367-4146-9ee7-4d4eab58c2fe_TABLET_LANDSCAPE_LARGE_16_9.jpg,2026-10-17,14:00,onsale,Miscellaneous,Family,Other,Nya Cirkus,Stockholm,Djurgårdsslätten 43-45,59.32458,18.0997,Saturday,October,10,2026,14
Z698xZq2Z1kCpfIq8,Torka aldrig tårar utan handskar,https://www.ticketmaster.se/event/torka-aldrig-tarar-utan-handskar-biljetter/396528750,https://s1.ticketm.net/dam/a/c04/e189e030-d506-413c-9877-abbf392eac04_TABLET_LANDSCAPE_16_9.jpg,2026-10-17,15:00,onsale,Arts & Theatre,Theatre,Musical,Göta Lejon,Stockholm,Götgatan 55,59.31378,18.07384,Saturday,October,10,2026,15
Z698xZq2Z1kfF18P_,Babblarna & Klonks Klapp-kalas,https://www.ticketmaster.se/event/babblarna--klonks-klapp-kalas-biljetter/508290959,https://s1.ticketm.net/dam/a/2fe/0e037444-3367-4146-9ee7-4d4eab58c2fe_TABLET_LANDSCAPE_LARGE_16_9.jpg,2026-10-17,16:00,onsale,Arts & Theatre,Children's Theatre,Children's Theatre,Nya Cirkus,Stockholm,Djurgårdsslätten 43-45,59.32458,18.0997,Saturday,October,10,2026,16
Z698xZq2Z16eZgowFF,MAMMA MIA! THE PARTY,https://www.ticketmaster.se/event/mamma-mia-the-party-biljetter/2035472208,https://s1.ticketm.net/dam/a/08d/3e62af05-2974-4fea-836f-c0c75ed0008d_RETINA_LANDSCAPE_16_9.jpg,2026-10-17,19:30,onsale,Arts & Theatre,Theatre,Miscellaneous,Tyrol,Stockholm,Lilla Allmänna Gränd 2,59.324127,18.096259,Saturday,October,10,2026,19
Z698xZq2Z16v_IOUP9,Torka aldrig tårar utan handskar,https://www.ticketmaster.se/event/torka-aldrig-tarar-utan-handskar-biljetter/1668836957,https://s1.ticketm.net/dam/a/c04/e189e030-d506-413c-9877-abbf392eac04_TABLET_LANDSCAPE_16_9.jpg,2026-10-17,19:30,onsale,Arts & Theatre,Theatre,Musical,Göta Lejon,Stockholm,Götgatan 55,59.31378,18.07384,Saturday,October,10,2026,19
Z698xZq2Z1k_87_ZF,Peter Stormare – Från Arbrå till Hollywood,https://www.ticketmaster.se/event/peter-stormare--fran-arbra-till-hollywood-biljetter/650119008,https://s1.ticketm.net/dam/e/fcc/1a430eb7-85be-4858-9cfc-95a099e09fcc_RETINA_LANDSCAPE_16_9.jpg,2026-10-17,19:30,onsale,Miscellaneous,Family,Other,Vasateatern,Stockholm,Vasagatan 19,59.3342,18.05586,Saturday,October,10,2026,19
Z698xZq2Z1kjEZgpd,MAFFIA MAFFIA COMEDY SUPERWEEKEND med Shanthi Rydwall Menon m.fl,https://www.ticketmaster.se/event/maffia-maffia-comedy-superweekend-med-shanthi-rydwall-menon-mfl-biljetter/727035583,https://s1.ticketm.net/dam/a/2f9/43412b6f-da4a-4529-afd0-31ba4b1162f9_RECOMENDATION_16_9.jpg,2026-10-17,20:00,onsale,Arts & Theatre,Comedy,Comedy,Clarion Hotel Sign,Stockholm, Östra Järnvägsgatan 35,59.99333,18.89062,Saturday,October,10,2026,20
Z698xZq2Z16vop13Gb,Zucchero,https://www.ticketmaster.se/event/zucchero-biljetter/1456292318,https://s1.ticketm.net/dam/a/acc/73f04a2d-e594-4e76-87ad-7ddc47468acc_TABLET_LANDSCAPE_3_2.jpg,2026-10-21,19:30,onsale,Music,Rock,Pop,Cirkus,Stockholm,Djurgårdsslätten 43-45,59.32457,18.09969,Wednesday,October,10,2026,19
Z698xZq2Z1kx_axAN,Rosanne Cash with John Leventhal,https://www.ticketmaster.se/event/rosanne-cash-with-john-leventhal-biljetter/899262163,https://s1.ticketm.net/dam/e/378/25929c20-3d29-4238-b10a-1b14953a3378_CUSTOM.jpg,2026-10-21,19:30,onsale,Music,Folk,Folk,Göta Lejon,Stockholm,Götgatan 55,59.31378,18.07384,Wednesday,October,10,2026,19
Z698xZq2Z1kvbO7Zb,MAMMA MIA! THE PARTY,https://www.ticketmaster.se/event/mamma-mia-the-party-biljetter/58804018,https://s1.ticketm.net/dam/a/08d/3e62af05-2974-4fea-836f-c0c75ed0008d_RETINA_LANDSCAPE_16_9.jpg,2026-10-22,18:30,onsale,Arts & Theatre,Theatre,Musical,Tyrol,Stockholm,Lilla Allmänna Gränd 2,59.324127,18.096259,Thursday,October,10,2026,18
Z698xZq2Z16v0PJ_r_,Torka aldrig tårar utan handskar,https://www.ticketmaster.se/event/torka-aldrig-tarar-utan-handskar-biljetter/1925999799,https://s1.ticketm.net/dam/a/c04/e189e030-d506-413c-9877-abbf392eac04_TABLET_LANDSCAPE_16_9.jpg,2026-10-22,19:30,onsale,Arts & Theatre,Theatre,Musical,Göta Lejon,Stockholm,Götgatan 55,59.31378,18.07384,Thursday,October,10,2026,19
Z698xZq2Z1kud-F1v,GRYMLINGS,https://www.ticketmaster.se/event/grymlings-biljetter/343848281,https://s1.ticketm.net/dam/a/969/2b2efd08-f2a7-4d2d-8391-7f55d1535969_TABLET_LANDSCAPE_LARGE_16_9.jpg,2026-10-22,19:30,onsale,Music,Other,Other,Nya Cirkus,Stockholm,Djurgårdsslätten 43-45,59.32458,18.0997,Thursday,October,10,2026,19
Z698xZq2Z1koybdfg,MAMMA MIA! THE PARTY,https://www.ticketmaster.se/event/mamma-mia-the-party-biljetter/479603535,https://s1.ticketm.net/dam/a/08d/3e62af05-2974-4fea-836f-c0c75ed0008d_RETINA_LANDSCAPE_16_9.jpg,2026-10-23,18:30,onsale,Arts & Theatre,Theatre,Musical,Tyrol,Stockholm,Lilla Allmänna Gränd 2,59.324127,18.096259,Friday,October,10,2026,18
Z698xZq2Z1k8P3Fka,Torka aldrig tårar utan handskar,https://www.ticketmaster.se/event/torka-aldrig-tarar-utan-handskar-biljetter/425488189,https://s1.ticketm.net/dam/a/c04/e189e030-d506-413c-9877-abbf392eac04_TABLET_LANDSCAPE_16_9.jpg,2026-10-23,19:30,onsale,Arts & Theatre,Theatre,Musical,Göta Lejon,Stockholm,Götgatan 55,59.31378,18.07384,Friday,October,10,2026,19
Z698xZq2Z16v4x0IFA,"Joe Bonamassa: Live in concert,Platinum Tickets",https://www.ticketmaster.se/event/joe-bonamassa-live-in-concerts-platinumbiljetter-biljetter/1562928205,https://media.ticketmaster.eu/sweden/8856bd6917b55886a5cbfe5c472f5f91.jpg,2026-10-23,20:00,onsale,Music,Rock,Pop,Avicii Arena,Stockholm,Globentorget 2,59.29416,18.08081,Friday,October,10,2026,20
Z698xZq2Z1kueevZy,MAFFIA COMEDY SUPERWEEKEND med Ann Westin m.fl,https://www.ticketmaster.se/event/maffia-comedy-superweekend-med-ann-westin-mfl-biljetter/342081039,https://s1.ticketm.net/dam/a/2f9/43412b6f-da4a-4529-afd0-31ba4b1162f9_RECOMENDATION_16_9.jpg,2026-10-23,20:00,onsale,Arts & Theatre,Comedy,Comedy,Clarion Hotel Sign,Stockholm, Östra Järnvägsgatan 35,59.99333,18.89062,Friday,October,10,2026,20
Z698xZq2Z1k86FobO,MAMMA MIA! THE PARTY,https://www.ticketmaster.se/event/mamma-mia-the-party-biljetter/407211620,https://s1.ticketm.net/dam/a/08d/3e62af05-2974-4fea-836f-c0c75ed0008d_RETINA_LANDSCAPE_16_9.jpg,2026-10-24,13:00,onsale,Arts & Theatre,Theatre,Musical,Tyrol,Stockholm,Lilla Allmänna Gränd 2,59.324127,18.096259,Saturday,October,10,2026,13
Z698xZq2Z1kfy4UjN,Torka aldrig tårar utan handskar,https://www.ticketmaster.se/event/torka-aldrig-tarar-utan-handskar-biljetter/539576723,https://s1.ticketm.net/dam/a/c04/e189e030-d506-413c-9877-abbf392eac04_TABLET_LANDSCAPE_16_9.jpg,2026-10-24,15:00,onsale,Arts & Theatre,Theatre,Musical,Göta Lejon,Stockholm,Götgatan 55,59.31378,18.07384,Saturday,October,10,2026,15
Z698xZq2Z1k4dovbp,Torka aldrig tårar utan handskar,https://www.ticketmaster.se/event/torka-aldrig-tarar-utan-handskar-biljetter/543441616,https://s1.ticketm.net/dam/a/c04/e189e030-d506-413c-9877-abbf392eac04_TABLET_LANDSCAPE_16_9.jpg,2026-10-24,19:30,onsale,Arts & Theatre,Theatre,Musical,Göta Lejon,Stockholm,Götgatan 55,59.31378,18.07384,Saturday,October,10,2026,19
Z698xZq2Z1k7-bAQA,MAMMA MIA! THE PARTY,https://www.ticketmaster.se/event/mamma-mia-the-party-biljetter/121605685,https://s1.ticketm.net/dam/a/08d/3e62af05-2974-4fea-836f-c0c75ed0008d_RETINA_LANDSCAPE_16_9.jpg,2026-10-24,19:30,onsale,Arts & Theatre,Theatre,Musical,Tyrol,Stockholm,Lilla Allmänna Gränd 2,59.324127,18.096259,Saturday,October,10,2026,19
Z698xZq2Z16vbP1bfo,MAFFIA COMEDY SUPERWEEKEND med Ann Westin m.fl,https://www.ticketmaster.se/event/maffia-comedy-superweekend-med-ann-westin-mfl-biljetter/1625298511,https://s1.ticketm.net/dam/a/2f9/43412b6f-da4a-4529-afd0-31ba4b1162f9_RECOMENDATION_16_9.jpg,2026-10-24,20:00,onsale,Arts & Theatre,Comedy,Comedy,Clarion Hotel Sign,Stockholm, Östra Järnvägsgatan 35,59.99333,18.89062,Saturday,October,10,2026,20
Z698xZq2Z1k__ag4w,EUROPE,https://www.ticketmaster.se/event/europe-biljetter/659275572,https://s1.ticketm.net/dam/a/050/e11d7ec8-e51f-4335-8657-e3f9b02d6050_CUSTOM.jpg,2026-10-24,20:00,onsale,Music,Other,Other,B-K,Stockholm,Frihamnsgatan 14,59.3417,18.11862,Saturday,October,10,2026,20
Z698xZq2Z16vvg4M0x,FAMILY SHOW - MAMMA MIA! THE PARTY,https://www.ticketmaster.se/event/familjefest-mamma-mia-the-party-biljetter/1075577922,https://s1.ticketm.net/dam/a/08d/3e62af05-2974-4fea-836f-c0c75ed0008d_RETINA_LANDSCAPE_16_9.jpg,2026-10-25,14:00,onsale,Arts & Theatre,Theatre,Musical,Tyrol,Stockholm,Lilla Allmänna Gränd 2,59.324127,18.096259,Sunday,October,10,2026,14
Z698xZq2Z1kuoe383,"Deep Purple, Platinum tickets",https://www.ticketmaster.se/event/deep-purple-platinumbiljetter-biljetter/351092412,https://s1.ticketm.net/dam/a/1ab/d2166ea6-ff9e-4067-8c0e-02ae0a38e1ab_TABLET_LANDSCAPE_LARGE_16_9.jpg,2026-10-26,19:30,onsale,Music,Rock,Pop,Avicii Arena,Stockholm,Globentorget 2,59.29416,18.08081,Monday,October,10,2026,19
Z698xZq2Z1kpb1v7M,DJ Krush,https://www.ticketmaster.se/event/dj-krush-biljetter/598281137,https://s1.ticketm.net/dam/c/fbc/b293c0ad-c904-4215-bc59-8d7f2414dfbc_106141_ARTIST_PAGE_3_2.jpg,2026-10-28,18:30,onsale,Music,Rock,Alternative Rock,Kollektivet Livet,Stockholm,Stadsgårdsterminalen,59.31897,18.0799,Wednesday,October,10,2026,18
Z698xZq2Z16vvA0zG6,Behemoth & Dimmu Borgir: In League With Satan Tour 2026,https://www.ticketmaster.se/event/behemoth--dimmu-borgir-in-league-with-satan-tour-2026-biljetter/1045938307,https://s1.ticketm.net/dam/a/ecc/d7371ef8-e823-430a-a592-af8e9d944ecc_TABLET_LANDSCAPE_16_9.jpg,2026-10-29,19:00,onsale,Music,Other,Other,B-K,Stockholm,Frihamnsgatan 14,59.3417,18.11862,Thursday,October,10,2026,19
Z698xZq2Z16v8zqd4g,Torka aldrig tårar utan handskar,https://www.ticketmaster.se/event/torka-aldrig-tarar-utan-handskar-biljetter/1438743575,https://s1.ticketm.net/dam/a/c04/e189e030-d506-413c-9877-abbf392eac04_TABLET_LANDSCAPE_16_9.jpg,2026-10-29,19:30,onsale,Arts & Theatre,Theatre,Musical,Göta Lejon,Stockholm,Götgatan 55,59.31378,18.07384,Thursday,October,10,2026,19
Z698xZq2Z16vaPF9xF,MAMMA MIA! THE PARTY,https://www.ticketmaster.se/event/mamma-mia-the-party-biljetter/1265217888,https://s1.ticketm.net/dam/a/08d/3e62af05-2974-4fea-836f-c0c75ed0008d_RETINA_LANDSCAPE_16_9.jpg,2026-10-30,18:30,onsale,Arts & Theatre,Theatre,Miscellaneous,Tyrol,Stockholm,Lilla Allmänna Gränd 2,59.324127,18.096259,Friday,October,10,2026,18
Z698xZq2Z16vuPCKeo,Torka aldrig tårar utan handskar,https://www.ticketmaster.se/event/torka-aldrig-tarar-utan-handskar-biljetter/1365393091,https://s1.ticketm.net/dam/a/c04/e189e030-d506-413c-9877-abbf392eac04_TABLET_LANDSCAPE_16_9.jpg,2026-10-30,19:30,onsale,Arts & Theatre,Theatre,Musical,Göta Lejon,Stockholm,Götgatan 55,59.31378,18.07384,Friday,October,10,2026,19
Z698xZq2Z1kO7aafZ,MAFFIA COMEDY SUPERWEEKEND,https://www.ticketmaster.se/event/maffia-comedy-superweekend-biljetter/804249500,https://s1.ticketm.net/dam/a/2f9/43412b6f-da4a-4529-afd0-31ba4b1162f9_RECOMENDATION_16_9.jpg,2026-10-30,20:00,onsale,Arts & Theatre,Comedy,Comedy,Clarion Hotel Sign,Stockholm, Östra Järnvägsgatan 35,59.99333,18.89062,Friday,October,10,2026,20
Z698xZq2Z1ka9v9Q8,The Fray - Autumn Light Tour,https://www.ticketmaster.se/event/the-fray-autumn-light-tour-biljetter/257057690,https://s1.ticketm.net/dam/a/934/5c3b06ec-78b0-4b96-ae7e-56425753f934_RETINA_PORTRAIT_3_2.jpg,2026-10-30,20:00,onsale,Music,Other,Other,B-K,Stockholm,Frihamnsgatan 14,59.3417,18.11862,Friday,October,10,2026,20
Z698xZq2Z16vu-uSb6,MAMMA MIA! THE PARTY,https://www.ticketmaster.se/event/mamma-mia-the-party-biljetter/1361373607,https://s1.ticketm.net/dam/a/08d/3e62af05-2974-4fea-836f-c0c75ed0008d_RETINA_LANDSCAPE_16_9.jpg,2026-10-31,13:00,onsale,Arts & Theatre,Theatre,Miscellaneous,Tyrol,Stockholm,Lilla Allmänna Gränd 2,59.324127,18.096259,Saturday,October,10,2026,13
Z698xZq2Z1k8oxfuo,Harry Potter och Dödsrelikerna™ – Del 1 In Concert,https://www.ticketmaster.se/event/harry-potter-och-dodsrelikernaTM--del-1-in-concert-biljetter/411894351,https://s1.ticketm.net/dam/e/e7c/e421a886-a8e0-4898-bc1b-b77824305e7c_RECOMENDATION_16_9.jpg,2026-10-31,14:00,onsale,Miscellaneous,Family,Other,Stockholm Waterfront,Stockholm,Nils Ericsons Plan 4,59.32982,18.05621,Saturday,October,10,2026,14
Z698xZq2Z16vfk198S,Torka aldrig tårar utan handskar,https://www.ticketmaster.se/event/torka-aldrig-tarar-utan-handskar-biljetter/1506297433,https://s1.ticketm.net/dam/a/c04/e189e030-d506-413c-9877-abbf392eac04_TABLET_LANDSCAPE_16_9.jpg,2026-10-31,15:00,onsale,Arts & Theatre,Theatre,Musical,Göta Lejon,Stockholm,Götgatan 55,59.31378,18.07384,Saturday,October,10,2026,15
Z698xZq2Z1kO-FxaK,Harry Potter och Dödsrelikerna™ – Del 1 In Concert,https://www.ticketmaster.se/event/harry-potter-och-dodsrelikernaTM--del-1-in-concert-biljetter/821222253,https://s1.ticketm.net/dam/e/8cc/2962d370-0ee4-452f-862f-2c397377b8cc_RETINA_PORTRAIT_16_9.jpg,2026-10-31,19:00,onsale,Miscellaneous,Family,Other,Stockholm Waterfront,Stockholm,Nils Ericsons Plan 4,59.32982,18.05621,Saturday,October,10,2026,19
Z698xZq2Z16vqNawoA,MAMMA MIA! THE PARTY,https://www.ticketmaster.se/event/mamma-mia-the-party-biljetter/1763272445,https://s1.ticketm.net/dam/a/08d/3e62af05-2974-4fea-836f-c0c75ed0008d_RETINA_LANDSCAPE_16_9.jpg,2026-10-31,19:30,onsale,Arts & Theatre,Theatre,Miscellaneous,Tyrol,Stockholm,Lilla Allmänna Gränd 2,59.324127,18.096259,Saturday,October,10,2026,19
Z698xZq2Z1k88jVrf,Torka aldrig tårar utan handskar,https://www.ticketmaster.se/event/torka-aldrig-tarar-utan-handskar-biljetter/410734794,https://s1.ticketm.net/dam/a/c04/e189e030-d506-413c-9877-abbf392eac04_TABLET_LANDSCAPE_16_9.jpg,2026-10-31,19:30,onsale,Arts & Theatre,Theatre,Musical,Göta Lejon,Stockholm,Götgatan 55,59.31378,18.07384,Saturday,October,10,2026,19
Z698xZq2Z16vavu3Zw,MAFFIA COMEDY SUPERWEEKEND,https://www.ticketmaster.se/event/maffia-comedy-superweekend-biljetter/1241352032,https://s1.ticketm.net/dam/a/2f9/43412b6f-da4a-4529-afd0-31ba4b1162f9_RECOMENDATION_16_9.jpg,2026-10-31,20:00,onsale,Arts & Theatre,Comedy,Comedy,Clarion Hotel Sign,Stockholm, Östra Järnvägsgatan 35,59.99333,18.89062,Saturday,October,10,2026,20
Z698xZq2Z1kQbatuI,Alice i Underlandet Cirkusshow,https://www.ticketmaster.se/event/alice-i-underlandet-cirkusshow-biljetter/698269368,https://s1.ticketm.net/dam/a/30a/f83316c5-2350-432d-8acf-00773d95130a_SOURCE,2026-11-03,18:00,onsale,Arts & Theatre,Circus & Specialty Acts,Circus,Cirkus,Stockholm,Djurgårdsslätten 43-45,59.32457,18.09969,Tuesday,November,11,2026,18
Z698xZq2Z1k8V4oFs,Alice i Underlandet Cirkusshow,https://www.ticketmaster.se/event/alice-i-underlandet-cirkusshow-biljetter/434551231,https://s1.ticketm.net/dam/a/30a/f83316c5-2350-432d-8acf-00773d95130a_SOURCE,2026-11-04,18:00,onsale,Arts & Theatre,Spectacular,Spectacular,Cirkus,Stockholm,Djurgårdsslätten 43-45,59.32457,18.09969,Wednesday,November,11,2026,18
Z698xZq2Z1kjpa7Os,Mo Gilligan - The Mo You Know,https://www.ticketmaster.se/event/mo-gilligan-the-mo-you-know-biljetter/716244831,https://s1.ticketm.net/dam/e/396/efc51530-cf22-4b96-a8c7-a77178e5d396_RETINA_PORTRAIT_16_9.jpg,2026-11-04,20:00,onsale,Arts & Theatre,Comedy,Comedy,Göta Lejon,Stockholm,Götgatan 55,59.31378,18.07384,Wednesday,November,11,2026,20
Z698xZq2Z1kOxjFbE,MAMMA MIA! THE PARTY,https://www.ticketmaster.se/event/mamma-mia-the-party-biljetter/822708627,https://s1.ticketm.net/dam/a/08d/3e62af05-2974-4fea-836f-c0c75ed0008d_RETINA_LANDSCAPE_16_9.jpg,2026-11-05,18:30,onsale,Arts & Theatre,Theatre,Miscellaneous,Tyrol,Stockholm,Lilla Allmänna Gränd 2,59.324127,18.096259,Thursday,November,11,2026,18
Z698xZq2Z16vP-_6aJ,"Elvis, Elvis, Elvis!",https://www.ticketmaster.se/event/elvis-elvis-elvis-2026-biljetter/1961647266,https://s1.ticketm.net/dam/a/743/ffe78e3c-4f1d-44b0-8303-99bfcf80d743_ARTIST_PAGE_3_2.jpg,2026-11-05,19:00,onsale,Music,Rock,Pop,Nya Cirkus,Stockholm,Djurgårdsslätten 43-45,59.32458,18.0997,Thursday,November,11,2026,19
Z698xZq2Z1kvK3fqP,Torka aldrig tårar utan handskar,https://www.ticketmaster.se/event/torka-aldrig-tarar-utan-handskar-biljetter/53494765,https://s1.ticketm.net/dam/a/c04/e189e030-d506-413c-9877-abbf392eac04_TABLET_LANDSCAPE_16_9.jpg,2026-11-05,19:30,onsale,Arts & Theatre,Theatre,Musical,Göta Lejon,Stockholm,Götgatan 55,59.31378,18.07384,Thursday,November,11,2026,19
Z698xZq2Z1kq6708k,Goran Bregovic,https://www.ticketmaster.se/event/goran-bregovic-biljetter/747124406,https://s1.ticketm.net/dam/e/217/9ade317c-898d-476d-a29c-38d88a433217_RECOMENDATION_16_9.jpg,2026-11-05,20:30,onsale,Music,World,Europe,Filadelfia Convention Center,Stockholm,Rörstrandsgatan 5,59.33948,18.03484,Thursday,November,11,2026,20
Z698xZq2Z16v_YPe1Z,Labero's Magic World,https://www.ticketmaster.se/event/laberos-magic-world-biljetter/1670942280,https://s1.ticketm.net/dam/a/f00/7a24bdb3-8f78-408b-85aa-125463437f00_TABLET_LANDSCAPE_3_2.jpg,2026-11-06,18:00,onsale,Arts & Theatre,Magic & Illusion,Magic,La Botanica,Stockholm,Tel: 08-751 09 65 - Stjärntorget 2,59.36898,18.00585,Friday,November,11,2026,18
Z698xZq2Z1k0_jP-0,MAMMA MIA! THE PARTY,https://www.ticketmaster.se/event/mamma-mia-the-party-biljetter/919725864,https://s1.ticketm.net/dam/a/08d/3e62af05-2974-4fea-836f-c0c75ed0008d_RETINA_LANDSCAPE_16_9.jpg,2026-11-06,18:30,onsale,Arts & Theatre,Theatre,Musical,Tyrol,Stockholm,Lilla Allmänna Gränd 2,59.324127,18.096259,Friday,November,11,2026,18
Z698xZq2Z16v4wOMQK,Soweto Gospel Choir,https://www.ticketmaster.se/event/soweto-gospel-choir-biljetter/1572837693,https://s1.ticketm.net/dam/e/4b3/aebdbc8d-c649-4601-b189-8a6948e3c4b3_TABLET_LANDSCAPE_16_9.jpg,2026-11-06,19:00,onsale,Music,Classical,Classical/Vocal,Nya Cirkus,Stockholm,Djurgårdsslätten 43-45,59.32458,18.0997,Friday,November,11,2026,19
Z698xZq2Z1k8p7F1a,Lia Rodrigues - Borda,https://www.ticketmaster.se/event/lia-rodrigues-borda-biljetter/416108289,https://s1.ticketm.net/dam/e/6c0/0915527c-b619-4e6c-ad5e-5b428c2386c0_RECOMENDATION_16_9.jpg,2026-11-06,19:00,offsale,Arts & Theatre,Dance,Dance,Dansens Hus - Stora Scen,Stockholm,Barnhusgatan 12-14,59.33623,18.05644,Friday,November,11,2026,19
Z698xZq2Z16v7satfk,Torka aldrig tårar utan handskar,https://www.ticketmaster.se/event/torka-aldrig-tarar-utan-handskar-biljetter/1131269506,https://s1.ticketm.net/dam/a/c04/e189e030-d506-413c-9877-abbf392eac04_TABLET_LANDSCAPE_16_9.jpg,2026-11-06,19:30,onsale,Arts & Theatre,Theatre,Musical,Göta Lejon,Stockholm,Götgatan 55,59.31378,18.07384,Friday,November,11,2026,19
Z698xZq2Z16vQfZojJ,MAFFIA COMEDY SUPERWEEKEND,https://www.ticketmaster.se/event/maffia-comedy-superweekend-biljetter/1694011726,https://s1.ticketm.net/dam/a/2f9/43412b6f-da4a-4529-afd0-31ba4b1162f9_RECOMENDATION_16_9.jpg,2026-11-06,20:00,onsale,Arts & Theatre,Comedy,Comedy,Clarion Hotel Sign,Stockholm, Östra Järnvägsgatan 35,59.99333,18.89062,Friday,November,11,2026,20
Z698xZq2Z16vC6FSFM,MAMMA MIA! THE PARTY,https://www.ticketmaster.se/event/mamma-mia-the-party-biljetter/1387233237,https://s1.ticketm.net/dam/a/08d/3e62af05-2974-4fea-836f-c0c75ed0008d_RETINA_LANDSCAPE_16_9.jpg,2026-11-07,13:00,onsale,Arts & Theatre,Theatre,Miscellaneous,Tyrol,Stockholm,Lilla Allmänna Gränd 2,59.324127,18.096259,Saturday,November,11,2026,13
Z698xZq2Z16vjfq9vp,Torka aldrig tårar utan handskar,https://www.ticketmaster.se/event/torka-aldrig-tarar-utan-handskar-biljetter/1714757056,https://s1.ticketm.net/dam/a/c04/e189e030-d506-413c-9877-abbf392eac04_TABLET_LANDSCAPE_16_9.jpg,2026-11-07,15:00,onsale,Arts & Theatre,Theatre,Musical,Göta Lejon,Stockholm,Götgatan 55,59.31378,18.07384,Saturday,November,11,2026,15
Z698xZq2Z16v7gfwuO,Labero's Magic World,https://www.ticketmaster.se/event/laberos-magic-world-biljetter/1135532360,https://s1.ticketm.net/dam/a/f00/7a24bdb3-8f78-408b-85aa-125463437f00_TABLET_LANDSCAPE_3_2.jpg,2026-11-07,18:00,onsale,Miscellaneous,Food & Drink,Food & Drink,La Botanica,Stockholm,Tel: 08-751 09 65 - Stjärntorget 2,59.36898,18.00585,Saturday,November,11,2026,18
Z698xZq2Z16vqkoaFS,Lia Rodrigues - Borda,https://www.ticketmaster.se/event/lia-rodrigues-borda-biljetter/1746449233,https://s1.ticketm.net/dam/a/e40/2625c567-de76-40d3-82c4-c616f56b4e40_RETINA_LANDSCAPE_16_9.jpg,2026-11-07,19:00,offsale,Arts & Theatre,Dance,Dance,Dansens Hus - Stora Scen,Stockholm,Barnhusgatan 12-14,59.33623,18.05644,Saturday,November,11,2026,19
Z698xZq2Z16v19-NGZ,Torka aldrig tårar utan handskar,https://www.ticketmaster.se/event/torka-aldrig-tarar-utan-handskar-biljetter/1297863300,https://s1.ticketm.net/dam/a/c04/e189e030-d506-413c-9877-abbf392eac04_TABLET_LANDSCAPE_16_9.jpg,2026-11-07,19:30,onsale,Arts & Theatre,Theatre,Musical,Göta Lejon,Stockholm,Götgatan 55,59.31378,18.07384,Saturday,November,11,2026,19
Z698xZq2Z1AYfdfA,MAMMA MIA! THE PARTY,https://www.ticketmaster.se/event/mamma-mia-the-party-biljetter/30503505,https://s1.ticketm.net/dam/a/08d/3e62af05-2974-4fea-836f-c0c75ed0008d_RETINA_LANDSCAPE_16_9.jpg,2026-11-07,19:30,onsale,Arts & Theatre,Theatre,Miscellaneous,Tyrol,Stockholm,Lilla Allmänna Gränd 2,59.324127,18.096259,Saturday,November,11,2026,19
Z698xZq2Z1kkex7_4,Nisse Hallberg - 8 år senare,https://www.ticketmaster.se/event/nisse-hallberg-8-ar-senare-biljetter/182884655,https://s1.ticketm.net/dam/a/964/7915f558-0e29-4a50-a4c0-9ac271640964_TABLET_LANDSCAPE_3_2.jpg,2026-11-07,19:30,onsale,Arts & Theatre,Comedy,Comedy,Nya Cirkus,Stockholm,Djurgårdsslätten 43-45,59.32458,18.0997,Saturday,November,11,2026,19
Z698xZq2Z1k4FZepp,MAFFIA COMEDY SUPERWEEKEND,https://www.ticketmaster.se/event/maffia-comedy-superweekend-biljetter/548002596,https://s1.ticketm.net/dam/a/2f9/43412b6f-da4a-4529-afd0-31ba4b1162f9_RECOMENDATION_16_9.jpg,2026-11-07,20:00,onsale,Arts & Theatre,Comedy,Comedy,Clarion Hotel Sign,Stockholm, Östra Järnvägsgatan 35,59.99333,18.89062,Saturday,November,11,2026,20
Z698xZq2Z1kF3fKab,Beth Hart,https://www.ticketmaster.se/event/beth-hart-biljetter/212513258,https://s1.ticketm.net/dam/a/b4c/91190663-23ba-4a63-bb2f-0e8187e2db4c_EVENT_DETAIL_PAGE_16_9.jpg,2026-11-07,20:00,rescheduled,Music,Rock,Pop,B-K,Stockholm,Frihamnsgatan 14,59.3417,18.11862,Saturday,November,11,2026,20
Z698xZq2Z16vx7jybF,Djungelboken The Musical,https://www.ticketmaster.se/event/djungelboken-the-musical-biljetter/1884739608,https://s1.ticketm.net/dam/a/5f0/557a8a2a-fa47-48e2-affb-d813332e15f0_SOURCE,2026-11-08,16:00,onsale,Miscellaneous,Family,Other,Göta Lejon,Stockholm,Götgatan 55,59.31378,18.07384,Sunday,November,11,2026,16
Z698xZq2Z1kfxfAbf,THE BEST OF CHRISTER SJÖGREN,https://www.ticketmaster.se/event/the-best-of-christer-sjogren-biljetter/522505614,https://s1.ticketm.net/dam/a/165/dd3de441-2279-4f12-9446-2615818c8165_RETINA_LANDSCAPE_16_9.jpg,2026-11-08,18:00,onsale,Music,Other,Other,Rival,Stockholm,Mariatorget 3,59.31816,18.06364,Sunday,November,11,2026,18
Z698xZq2Z16vJaG9Ob,Manfred Mann´s Earth Band,https://www.ticketmaster.se/event/manfred-manns-earth-band-biljetter/1989317818,https://s1.ticketm.net/dam/e/4c2/9dcf7380-7f54-41ec-bdc3-e0ca0d3fa4c2_TABLET_LANDSCAPE_16_9.jpg,2026-11-09,19:30,onsale,Music,Rock,Pop,Cirkus,Stockholm,Djurgårdsslätten 43-45,59.32457,18.09969,Monday,November,11,2026,19
Z698xZq2Z1k-vaeGt,Kneecap,https://www.ticketmaster.se/event/kneecap-biljetter/841242329,https://s1.ticketm.net/dam/a/933/7ddad2cb-140c-4c3f-a6d5-03fca1e2e933_RETINA_PORTRAIT_16_9.jpg,2026-11-09,19:30,onsale,Music,Other,Other,B-K,Stockholm,Frihamnsgatan 14,59.3417,18.11862,Monday,November,11,2026,19
Z698xZq2Z16v7fjbbP,The Simon & Garfunkel Story,https://www.ticketmaster.se/event/the-simon--garfunkel-story-biljetter/1114718625,https://s1.ticketm.net/dam/a/557/31b196dd-1d1f-4bf0-a44a-b1cb9876a557_TABLET_LANDSCAPE_LARGE_16_9.jpg,2026-11-11,19:30,onsale,Music,Other,Other,Nya Cirkus,Stockholm,Djurgårdsslätten 43-45,59.32458,18.0997,Wednesday,November,11,2026,19
Z698xZq2Z16vovpkGM,"J. Cole: The Fall-Off Tour, Platinum Tickets",https://www.ticketmaster.se/event/j-cole-the-fall-off-tour-platinumbiljetter-biljetter/1441586337,https://s1.ticketm.net/dam/a/00a/087c7d8e-2940-4e0a-9600-f85e2193000a_EVENT_DETAIL_PAGE_16_9.jpg,2026-11-11,19:30,onsale,Music,Hip-Hop/Rap,Hip-Hop/Rap,Avicii Arena,Stockholm,Globentorget 2,59.29416,18.08081,Wednesday,November,11,2026,19
Z698xZq2Z16vp6GyJb,MAMMA MIA! THE PARTY,https://www.ticketmaster.se/event/mamma-mia-the-party-biljetter/1587339998,https://s1.ticketm.net/dam/a/08d/3e62af05-2974-4fea-836f-c0c75ed0008d_RETINA_LANDSCAPE_16_9.jpg,2026-11-12,18:30,onsale,Arts & Theatre,Theatre,Musical,Tyrol,Stockholm,Lilla Allmänna Gränd 2,59.324127,18.096259,Thursday,November,11,2026,18
Z698xZq2Z1kJ4fFv7,Torka aldrig tårar utan handskar,https://www.ticketmaster.se/event/torka-aldrig-tarar-utan-handskar-biljetter/995508044,https://s1.ticketm.net/dam/a/c04/e189e030-d506-413c-9877-abbf392eac04_TABLET_LANDSCAPE_16_9.jpg,2026-11-12,19:30,onsale,Arts & Theatre,Theatre,Musical,Göta Lejon,Stockholm,Götgatan 55,59.31378,18.07384,Thursday,November,11,2026,19
Z698xZq2Z1k_xOgZ0,Labero's Magic World,https://www.ticketmaster.se/event/laberos-magic-world-biljetter/662835024,https://s1.ticketm.net/dam/a/f00/7a24bdb3-8f78-408b-85aa-125463437f00_TABLET_LANDSCAPE_3_2.jpg,2026-11-13,18:00,onsale,Miscellaneous,Food & Drink,Food & Drink,La Botanica,Stockholm,Tel: 08-751 09 65 - Stjärntorget 2,59.36898,18.00585,Friday,November,11,2026,18
Z698xZq2Z16v4akafy,MAMMA MIA! THE PARTY,https://www.ticketmaster.se/event/mamma-mia-the-party-biljetter/1549189539,https://s1.ticketm.net/dam/a/08d/3e62af05-2974-4fea-836f-c0c75ed0008d_RETINA_LANDSCAPE_16_9.jpg,2026-11-13,18:30,onsale,Arts & Theatre,Theatre,Miscellaneous,Tyrol,Stockholm,Lilla Allmänna Gränd 2,59.324127,18.096259,Friday,November,11,2026,18
Z698xZq2Z16vevP8Ck,Torka aldrig tårar utan handskar,https://www.ticketmaster.se/event/torka-aldrig-tarar-utan-handskar-biljetter/1081950386,https://s1.ticketm.net/dam/a/c04/e189e030-d506-413c-9877-abbf392eac04_TABLET_LANDSCAPE_16_9.jpg,2026-11-13,19:30,onsale,Arts & Theatre,Theatre,Musical,Göta Lejon,Stockholm,Götgatan 55,59.31378,18.07384,Friday,November,11,2026,19
Z698xZq2Z1kAejaCo,BENJAMIN INGROSSO | WHAT HAPPENS NEXT? | Platinum tickets,https://www.ticketmaster.se/event/benjamin-ingrosso-%7C-what-happens-next-%7C-platinumbiljetter-biljetter/142709391,https://s1.ticketm.net/dam/a/d86/a8e3f394-502b-42f4-ac39-d9b7cedbbd86_ARTIST_PAGE_3_2.jpg,2026-11-13,19:30,onsale,Music,Rock,Pop,Avicii Arena,Stockholm,Globentorget 2,59.29416,18.08081,Friday,November,11,2026,19
Z698xZq2Z16v-oPM-I,MAFFIA COMEDY SUPERWEEKEND med Elina Du Rietz m.fl,https://www.ticketmaster.se/event/maffia-comedy-superweekend-med-elina-du-rietz-mfl-biljetter/1851977868,https://s1.ticketm.net/dam/a/2f9/43412b6f-da4a-4529-afd0-31ba4b1162f9_RECOMENDATION_16_9.jpg,2026-11-13,20:00,onsale,Arts & Theatre,Comedy,Comedy,Clarion Hotel Sign,Stockholm, Östra Järnvägsgatan 35,59.99333,18.89062,Friday,November,11,2026,20
Z698xZq2Z16vbwuSAP,Comedy Store,https://www.ticketmaster.se/event/comedy-store-biljetter/1632373165,https://s1.ticketm.net/dam/a/c84/3cbb4874-e6ce-493e-9b2e-98d7b6bf0c84_RETINA_PORTRAIT_3_2.jpg,2026-11-13,20:00,onsale,Arts & Theatre,Comedy,Comedy,The Laugh House på Scandic Klara,Stockholm,Slöjdgatan 7,59.33397,18.06195,Friday,November,11,2026,20
Z698xZq2Z1kq3vA8I,MAMMA MIA! THE PARTY,https://www.ticketmaster.se/event/mamma-mia-the-party-biljetter/752045428,https://s1.ticketm.net/dam/a/08d/3e62af05-2974-4fea-836f-c0c75ed0008d_RETINA_LANDSCAPE_16_9.jpg,2026-11-14,13:00,onsale,Arts & Theatre,Theatre,Miscellaneous,Tyrol,Stockholm,Lilla Allmänna Gränd 2,59.324127,18.096259,Saturday,November,11,2026,13
Z698xZq2Z16vPfxKvF,Torka aldrig tårar utan handskar,https://www.ticketmaster.se/event/torka-aldrig-tarar-utan-handskar-biljetter/1954893048,https://s1.ticketm.net/dam/a/c04/e189e030-d506-413c-9877-abbf392eac04_TABLET_LANDSCAPE_16_9.jpg,2026-11-14,15:00,onsale,Arts & Theatre,Theatre,Musical,Göta Lejon,Stockholm,Götgatan 55,59.31378,18.07384,Saturday,November,11,2026,15
Z698xZq2Z16eZd4z76,Labero's Magic World,https://www.ticketmaster.se/event/laberos-magic-world-biljetter/2003578107,https://s1.ticketm.net/dam/a/f00/7a24bdb3-8f78-408b-85aa-125463437f00_TABLET_LANDSCAPE_3_2.jpg,2026-11-14,18:00,onsale,Miscellaneous,Food & Drink,Food & Drink,La Botanica,Stockholm,Tel: 08-751 09 65 - Stjärntorget 2,59.36898,18.00585,Saturday,November,11,2026,18
Z698xZq2Z1kGNFE-x,Torka aldrig tårar utan handskar,https://www.ticketmaster.se/event/torka-aldrig-tarar-utan-handskar-biljetter/323227862,https://s1.ticketm.net/dam/a/c04/e189e030-d506-413c-9877-abbf392eac04_TABLET_LANDSCAPE_16_9.jpg,2026-11-14,19:30,onsale,Arts & Theatre,Theatre,Musical,Göta Lejon,Stockholm,Götgatan 55,59.31378,18.07384,Saturday,November,11,2026,19
Z698xZq2Z1kr6_zC7,BENJAMIN INGROSSO | WHAT HAPPENS NEXT? | Platinum tickets,https://www.ticketmaster.se/event/benjamin-ingrosso-%7C-what-happens-next-%7C-platinumbiljetter-biljetter/787678384,https://s1.ticketm.net/dam/a/d86/a8e3f394-502b-42f4-ac39-d9b7cedbbd86_ARTIST_PAGE_3_2.jpg,2026-11-14,19:30,onsale,Music,Rock,Pop,Avicii Arena,Stockholm,Globentorget 2,59.29416,18.08081,Saturday,November,11,2026,19
Z698xZq2Z1kxd0Eq0,MAMMA MIA! THE PARTY,https://www.ticketmaster.se/event/mamma-mia-the-party-biljetter/883927764,https://s1.ticketm.net/dam/a/08d/3e62af05-2974-4fea-836f-c0c75ed0008d_RETINA_LANDSCAPE_16_9.jpg,2026-11-14,19:30,onsale,Arts & Theatre,Theatre,Musical,Tyrol,Stockholm,Lilla Allmänna Gränd 2,59.324127,18.096259,Saturday,November,11,2026,19
Z698xZq2Z16vG_xvb4,MAFFIA COMEDY SUPERWEEKEND med Elina Du Rietz m.fl,https://www.ticketmaster.se/event/maffia-comedy-superweekend-med-elina-du-rietz-mfl-biljetter/1319881615,https://s1.ticketm.net/dam/a/2f9/43412b6f-da4a-4529-afd0-31ba4b1162f9_RECOMENDATION_16_9.jpg,2026-11-14,20:00,onsale,Arts & Theatre,Comedy,Comedy,Clarion Hotel Sign,Stockholm, Östra Järnvägsgatan 35,59.99333,18.89062,Saturday,November,11,2026,20
Z698xZq2Z16vZVbSkf,Djungelboken The Musical,https://www.ticketmaster.se/event/djungelboken-the-musical-biljetter/1034633194,https://s1.ticketm.net/dam/a/5f0/557a8a2a-fa47-48e2-affb-d813332e15f0_SOURCE,2026-11-15,16:00,onsale,Miscellaneous,Family,Other,Göta Lejon,Stockholm,Götgatan 55,59.31378,18.07384,Sunday,November,11,2026,16
Z698xZq2Z16v-IvYat,MAMMA MIA! THE PARTY,https://www.ticketmaster.se/event/mamma-mia-the-party-biljetter/1868070269,https://s1.ticketm.net/dam/a/08d/3e62af05-2974-4fea-836f-c0c75ed0008d_RETINA_LANDSCAPE_16_9.jpg,2026-11-19,18:30,onsale,Arts & Theatre,Theatre,Miscellaneous,Tyrol,Stockholm,Lilla Allmänna Gränd 2,59.324127,18.096259,Thursday,November,11,2026,18
Z698xZq2Z1koJ1FFb,Torka aldrig tårar utan handskar,https://www.ticketmaster.se/event/torka-aldrig-tarar-utan-handskar-biljetter/466288218,https://s1.ticketm.net/dam/a/c04/e189e030-d506-413c-9877-abbf392eac04_TABLET_LANDSCAPE_16_9.jpg,2026-11-19,19:30,onsale,Arts & Theatre,Theatre,Musical,Göta Lejon,Stockholm,Götgatan 55,59.31378,18.07384,Thursday,November,11,2026,19
Z698xZq2Z1kqwvSC_,Tomten är far till alla barnen,https://www.ticketmaster.se/event/tomten-ar-far-till-alla-barnen-biljetter/772073399,https://s1.ticketm.net/dam/a/485/f1148298-044b-465e-852e-b6195da2c485_CUSTOM.jpg,2026-11-19,19:30,onsale,Arts & Theatre,Theatre,Musical,Cirkus,Stockholm,Djurgårdsslätten 43-45,59.32457,18.09969,Thursday,November,11,2026,19
Z698xZq2Z1kC34I7p,MAMMA MIA! THE PARTY,https://www.ticketmaster.se/event/mamma-mia-the-party-biljetter/392568116,https://s1.ticketm.net/dam/a/08d/3e62af05-2974-4fea-836f-c0c75ed0008d_RETINA_LANDSCAPE_16_9.jpg,2026-11-20,18:30,onsale,Arts & Theatre,Theatre,Miscellaneous,Tyrol,Stockholm,Lilla Allmänna Gränd 2,59.324127,18.096259,Friday,November,11,2026,18
Z698xZq2Z16v-A8sOO,Tomten är far till alla barnen,https://www.ticketmaster.se/event/tomten-ar-far-till-alla-barnen-biljetter/1845431820,https://s1.ticketm.net/dam/a/485/f1148298-044b-465e-852e-b6195da2c485_CUSTOM.jpg,2026-11-20,19:30,onsale,Arts & Theatre,Theatre,Miscellaneous,Cirkus,Stockholm,Djurgårdsslätten 43-45,59.32457,18.09969,Friday,November,11,2026,19
Z698xZq2Z16vu_q94E,Torka aldrig tårar utan handskar,https://www.ticketmaster.se/event/torka-aldrig-tarar-utan-handskar-biljetter/1359757567,https://s1.ticketm.net/dam/a/c04/e189e030-d506-413c-9877-abbf392eac04_TABLET_LANDSCAPE_16_9.jpg,2026-11-20,19:30,onsale,Arts & Theatre,Theatre,Musical,Göta Lejon,Stockholm,Götgatan 55,59.31378,18.07384,Friday,November,11,2026,19
Z698xZq2Z16vvvoVfz,MAFFIA COMEDY SUPERWEEKEND med Elin Almén m.fl,https://www.ticketmaster.se/event/maffia-comedy-superweekend-med-elin-almen-mfl-biljetter/1041474538,https://s1.ticketm.net/dam/a/2f9/43412b6f-da4a-4529-afd0-31ba4b1162f9_RECOMENDATION_16_9.jpg,2026-11-20,20:00,onsale,Arts & Theatre,Comedy,Comedy,Clarion Hotel Sign,Stockholm, Östra Järnvägsgatan 35,59.99333,18.89062,Friday,November,11,2026,20
Z698xZq2Z16eeo4yFx,Italienska vindagen 2026,https://www.ticketmaster.se/event/italienska-vindagen-2026-biljetter/2091579222,https://s1.ticketm.net/dam/a/252/7aef2c40-5083-43f5-8f9b-e338735c9252_RETINA_PORTRAIT_16_9.jpg,2026-11-21,12:00,onsale,Miscellaneous,Food & Drink,Food & Drink,Grand Hotel,Stockholm,Blasieholmshamnen 8,59.330854,18.076456,Saturday,November,11,2026,12
Z698xZq2Z16vQffE39,MAMMA MIA! THE PARTY,https://www.ticketmaster.se/event/mamma-mia-the-party-biljetter/1694527497,https://s1.ticketm.net/dam/a/08d/3e62af05-2974-4fea-836f-c0c75ed0008d_RETINA_LANDSCAPE_16_9.jpg,2026-11-21,13:00,onsale,Arts & Theatre,Theatre,Miscellaneous,Tyrol,Stockholm,Lilla Allmänna Gränd 2,59.324127,18.096259,Saturday,November,11,2026,13
Z698xZq2Z1k8wkf7V,Torka aldrig tårar utan handskar,https://www.ticketmaster.se/event/torka-aldrig-tarar-utan-handskar-biljetter/432194134,https://s1.ticketm.net/dam/a/c04/e189e030-d506-413c-9877-abbf392eac04_TABLET_LANDSCAPE_16_9.jpg,2026-11-21,15:00,onsale,Arts & Theatre,Theatre,Musical,Göta Lejon,Stockholm,Götgatan 55,59.31378,18.07384,Saturday,November,11,2026,15
Z698xZq2Z1kGVk3fI,Tomten är far till alla barnen,https://www.ticketmaster.se/event/tomten-ar-far-till-alla-barnen-biljetter/334192528,https://s1.ticketm.net/dam/a/485/f1148298-044b-465e-852e-b6195da2c485_CUSTOM.jpg,2026-11-21,15:00,onsale,Arts & Theatre,Theatre,Miscellaneous,Cirkus,Stockholm,Djurgårdsslätten 43-45,59.32457,18.09969,Saturday,November,11,2026,15
Z698xZq2Z16vFv0Nak,Torka aldrig tårar utan handskar,https://www.ticketmaster.se/event/torka-aldrig-tarar-utan-handskar-biljetter/1201923246,https://s1.ticketm.net/dam/a/c04/e189e030-d506-413c-9877-abbf392eac04_TABLET_LANDSCAPE_16_9.jpg,2026-11-21,19:30,onsale,Arts & Theatre,Theatre,Musical,Göta Lejon,Stockholm,Götgatan 55,59.31378,18.07384,Saturday,November,11,2026,19
Z698xZq2Z1k43btOM,MAMMA MIA! THE PARTY,https://www.ticketmaster.se/event/mamma-mia-the-party-biljetter/552629837,https://s1.ticketm.net/dam/a/08d/3e62af05-2974-4fea-836f-c0c75ed0008d_RETINA_LANDSCAPE_16_9.jpg,2026-11-21,19:30,onsale,Arts & Theatre,Theatre,Miscellaneous,Tyrol,Stockholm,Lilla Allmänna Gränd 2,59.324127,18.096259,Saturday,November,11,2026,19
Z698xZq2Z1kGg19p7,Tomten är far till alla barnen,https://www.ticketmaster.se/event/tomten-ar-far-till-alla-barnen-biljetter/335297584,https://s1.ticketm.net/dam/a/485/f1148298-044b-465e-852e-b6195da2c485_CUSTOM.jpg,2026-11-21,19:30,onsale,Arts & Theatre,Theatre,Musical,Cirkus,Stockholm,Djurgårdsslätten 43-45,59.32457,18.09969,Saturday,November,11,2026,19
Z698xZq2Z16vaAjE0k,MAFFIA COMEDY SUPERWEEKEND med Elin Almén m.fl,https://www.ticketmaster.se/event/maffia-comedy-superweekend-med-elin-almen-mfl-biljetter/1245727906,https://s1.ticketm.net/dam/a/2f9/43412b6f-da4a-4529-afd0-31ba4b1162f9_RECOMENDATION_16_9.jpg,2026-11-21,20:00,onsale,Arts & Theatre,Comedy,Comedy,Clarion Hotel Sign,Stockholm, Östra Järnvägsgatan 35,59.99333,18.89062,Saturday,November,11,2026,20
Z698xZq2Z16vbfP6F3,Djungelboken The Musical,https://www.ticketmaster.se/event/djungelboken-the-musical-biljetter/1614947212,https://s1.ticketm.net/dam/a/5f0/557a8a2a-fa47-48e2-affb-d813332e15f0_SOURCE,2026-11-22,16:00,onsale,Miscellaneous,Family,Other,Göta Lejon,Stockholm,Götgatan 55,59.31378,18.07384,Sunday,November,11,2026,16
Z698xZq2Z1kA6oy0-,KAJ,https://www.ticketmaster.se/event/kaj-biljetter/147479921,https://s1.ticketm.net/dam/e/eba/e784f333-ceff-4f11-95b6-1c697dfa3eba_RECOMENDATION_16_9.jpg,2026-11-24,19:30,onsale,Arts & Theatre,Spectacular,Spectacular,Göta Lejon,Stockholm,Götgatan 55,59.31378,18.07384,Tuesday,November,11,2026,19
Z698xZq2Z16vJ6JFr6,Svansjön med Liveorkester,https://www.ticketmaster.se/event/svansjon-med-liveorkester-biljetter/1987988787,https://s1.ticketm.net/dam/e/b3b/a24baa89-93ba-46a5-93f4-84c897efdb3b_RETINA_LANDSCAPE_16_9.jpg,2026-11-25,19:00,onsale,Arts & Theatre,Dance,Ballet,Göta Lejon,Stockholm,Götgatan 55,59.31378,18.07384,Wednesday,November,11,2026,19
Z698xZq2Z16vpdo707,MAMMA MIA! THE PARTY,https://www.ticketmaster.se/event/mamma-mia-the-party-biljetter/1583444904,https://s1.ticketm.net/dam/a/08d/3e62af05-2974-4fea-836f-c0c75ed0008d_RETINA_LANDSCAPE_16_9.jpg,2026-11-26,18:30,onsale,Arts & Theatre,Theatre,Musical,Tyrol,Stockholm,Lilla Allmänna Gränd 2,59.324127,18.096259,Thursday,November,11,2026,18
Z698xZq2Z16v0Iudp3,Torka aldrig tårar utan handskar,https://www.ticketmaster.se/event/torka-aldrig-tarar-utan-handskar-biljetter/1928343592,https://s1.ticketm.net/dam/a/c04/e189e030-d506-413c-9877-abbf392eac04_TABLET_LANDSCAPE_16_9.jpg,2026-11-26,19:30,onsale,Arts & Theatre,Theatre,Musical,Göta Lejon,Stockholm,Götgatan 55,59.31378,18.07384,Thursday,November,11,2026,19
Z698xZq2Z1k_NvtPK,Tomten är far till alla barnen,https://www.ticketmaster.se/event/tomten-ar-far-till-alla-barnen-biljetter/663069953,https://s1.ticketm.net/dam/a/485/f1148298-044b-465e-852e-b6195da2c485_CUSTOM.jpg,2026-11-26,19:30,onsale,Arts & Theatre,Theatre,Miscellaneous,Cirkus,Stockholm,Djurgårdsslätten 43-45,59.32457,18.09969,Thursday,November,11,2026,19
Z698xZq2Z16ev-GgvS,MAMMA MIA! THE PARTY,https://www.ticketmaster.se/event/mamma-mia-the-party-biljetter/2061335073,https://s1.ticketm.net/dam/a/08d/3e62af05-2974-4fea-836f-c0c75ed0008d_RETINA_LANDSCAPE_16_9.jpg,2026-11-27,18:30,onsale,Arts & Theatre,Theatre,Miscellaneous,Tyrol,Stockholm,Lilla Allmänna Gränd 2,59.324127,18.096259,Friday,November,11,2026,18
Z698xZq2Z16vOMPF16,Torka aldrig tårar utan handskar,https://www.ticketmaster.se/event/torka-aldrig-tarar-utan-handskar-biljetter/1837948287,https://s1.ticketm.net/dam/a/c04/e189e030-d506-413c-9877-abbf392eac04_TABLET_LANDSCAPE_16_9.jpg,2026-11-27,19:30,onsale,Arts & Theatre,Theatre,Musical,Göta Lejon,Stockholm,Götgatan 55,59.31378,18.07384,Friday,November,11,2026,19
Z698xZq2Z1kF3qwak,Tomten är far till alla barnen,https://www.ticketmaster.se/event/tomten-ar-far-till-alla-barnen-biljetter/212772246,https://s1.ticketm.net/dam/a/485/f1148298-044b-465e-852e-b6195da2c485_CUSTOM.jpg,2026-11-27,19:30,onsale,Arts & Theatre,Theatre,Miscellaneous,Cirkus,Stockholm,Djurgårdsslätten 43-45,59.32457,18.09969,Friday,November,11,2026,19
Z698xZq2Z16vZ7F4J7,MAFFIA COMEDY SUPERWEEKEND med Diyari Mahmoud m.fl,https://www.ticketmaster.se/event/maffia-comedy-superweekend-med-diyari-mahmoud-mfl-biljetter/1004215984,https://s1.ticketm.net/dam/a/2f9/43412b6f-da4a-4529-afd0-31ba4b1162f9_RECOMENDATION_16_9.jpg,2026-11-27,20:00,onsale,Arts & Theatre,Comedy,Comedy,Clarion Hotel Sign,Stockholm, Östra Järnvägsgatan 35,59.99333,18.89062,Friday,November,11,2026,20
Z698xZq2Z16eZbfvax,MAMMA MIA! THE PARTY,https://www.ticketmaster.se/event/mamma-mia-the-party-biljetter/2018501262,https://s1.ticketm.net/dam/a/08d/3e62af05-2974-4fea-836f-c0c75ed0008d_RETINA_LANDSCAPE_16_9.jpg,2026-11-28,13:00,onsale,Arts & Theatre,Theatre,Musical,Tyrol,Stockholm,Lilla Allmänna Gränd 2,59.324127,18.096259,Saturday,November,11,2026,13
Z698xZq2Z16vZpPZ3p,Tomten är far till alla barnen,https://www.ticketmaster.se/event/tomten-ar-far-till-alla-barnen-biljetter/1016940496,https://s1.ticketm.net/dam/a/485/f1148298-044b-465e-852e-b6195da2c485_CUSTOM.jpg,2026-11-28,15:00,onsale,Arts & Theatre,Theatre,Musical,Cirkus,Stockholm,Djurgårdsslätten 43-45,59.32457,18.09969,Saturday,November,11,2026,15
Z698xZq2Z1k381opK,Torka aldrig tårar utan handskar,https://www.ticketmaster.se/event/torka-aldrig-tarar-utan-handskar-biljetter/490291593,https://s1.ticketm.net/dam/a/c04/e189e030-d506-413c-9877-abbf392eac04_TABLET_LANDSCAPE_16_9.jpg,2026-11-28,15:00,onsale,Arts & Theatre,Theatre,Musical,Göta Lejon,Stockholm,Götgatan 55,59.31378,18.07384,Saturday,November,11,2026,15
Z698xZq2Z16vAY_o8V,Tomten är far till alla barnen,https://www.ticketmaster.se/event/tomten-ar-far-till-alla-barnen-biljetter/1170651434,https://s1.ticketm.net/dam/a/485/f1148298-044b-465e-852e-b6195da2c485_CUSTOM.jpg,2026-11-28,19:30,onsale,Arts & Theatre,Theatre,Musical,Cirkus,Stockholm,Djurgårdsslätten 43-45,59.32457,18.09969,Saturday,November,11,2026,19
Z698xZq2Z16vG7j8j0,Torka aldrig tårar utan handskar,https://www.ticketmaster.se/event/torka-aldrig-tarar-utan-handskar-biljetter/1304710724,https://s1.ticketm.net/dam/a/c04/e189e030-d506-413c-9877-abbf392eac04_TABLET_LANDSCAPE_16_9.jpg,2026-11-28,19:30,onsale,Arts & Theatre,Theatre,Musical,Göta Lejon,Stockholm,Götgatan 55,59.31378,18.07384,Saturday,November,11,2026,19
Z698xZq2Z16vubuZj9,MAMMA MIA! THE PARTY,https://www.ticketmaster.se/event/mamma-mia-the-party-biljetter/1358340717,https://s1.ticketm.net/dam/a/08d/3e62af05-2974-4fea-836f-c0c75ed0008d_RETINA_LANDSCAPE_16_9.jpg,2026-11-28,19:30,onsale,Arts & Theatre,Theatre,Musical,Tyrol,Stockholm,Lilla Allmänna Gränd 2,59.324127,18.096259,Saturday,November,11,2026,19
Z698xZq2Z16v1vxpa0,MAFFIA COMEDY SUPERWEEKEND med Diyari Mahmoud m.fl,https://www.ticketmaster.se/event/maffia-comedy-superweekend-med-diyari-mahmoud-mfl-biljetter/1281896264,https://s1.ticketm.net/dam/a/2f9/43412b6f-da4a-4529-afd0-31ba4b1162f9_RECOMENDATION_16_9.jpg,2026-11-28,20:00,onsale,Arts & Theatre,Comedy,Comedy,Clarion Hotel Sign,Stockholm, Östra Järnvägsgatan 35,59.99333,18.89062,Saturday,November,11,2026,20
Z698xZq2Z16vk9kke_,Maggie Reilly - Everytime we touch tour 2026,https://www.ticketmaster.se/event/maggie-reilly-everytime-we-touch-tour-2026-biljetter/1197186099,https://s1.ticketm.net/dam/e/136/f9d47e23-153c-42c5-abfb-27b00fbdb136_RECOMENDATION_16_9.jpg,2026-11-29,19:30,onsale,Music,Rock,Pop,Göta Lejon,Stockholm,Götgatan 55,59.31378,18.07384,Sunday,November,11,2026,19
Z698xZq2Z1kfOpe8v,ARLO PARKS - DESIRE TOUR,https://www.ticketmaster.se/event/arlo-parks-desire-tour-biljetter/520582401,https://s1.ticketm.net/dam/a/47e/d532f689-dc81-43ac-9fb8-8e2ea364e47e_RECOMENDATION_16_9.jpg,2026-12-02,20:00,onsale,Music,Alternative,Alternative Rock,Slaktkyrkan,Stockholm,Styckmästergatan 10,59.29224,18.08012,Wednesday,December,12,2026,20
Z698xZq2Z16vZ6jFO-,Torka aldrig tårar utan handskar,https://www.ticketmaster.se/event/torka-aldrig-tarar-utan-handskar-biljetter/1007708821,https://s1.ticketm.net/dam/a/c04/e189e030-d506-413c-9877-abbf392eac04_TABLET_LANDSCAPE_16_9.jpg,2026-12-03,19:30,onsale,Arts & Theatre,Theatre,Musical,Göta Lejon,Stockholm,Götgatan 55,59.31378,18.07384,Thursday,December,12,2026,19
Z698xZq2Z16v4YqFad,Tomten är far till alla barnen,https://www.ticketmaster.se/event/tomten-ar-far-till-alla-barnen-biljetter/1570748243,https://s1.ticketm.net/dam/a/485/f1148298-044b-465e-852e-b6195da2c485_CUSTOM.jpg,2026-12-04,19:30,onsale,Arts & Theatre,Theatre,Musical,Cirkus,Stockholm,Djurgårdsslätten 43-45,59.32457,18.09969,Friday,December,12,2026,19
Z698xZq2Z16v7x83ZZ,Torka aldrig tårar utan handskar,https://www.ticketmaster.se/event/torka-aldrig-tarar-utan-handskar-biljetter/1122412000,https://s1.ticketm.net/dam/a/c04/e189e030-d506-413c-9877-abbf392eac04_TABLET_LANDSCAPE_16_9.jpg,2026-12-04,19:30,onsale,Arts & Theatre,Theatre,Musical,Göta Lejon,Stockholm,Götgatan 55,59.31378,18.07384,Friday,December,12,2026,19
Z698xZq2Z16v1pOS8w,MAFFIA COMEDY SUPERWEEKEND med Ann Westin m.fl,https://www.ticketmaster.se/event/maffia-comedy-superweekend-med-ann-westin-mfl-biljetter/1296833432,https://s1.ticketm.net/dam/a/2f9/43412b6f-da4a-4529-afd0-31ba4b1162f9_RECOMENDATION_16_9.jpg,2026-12-04,20:00,onsale,Arts & Theatre,Comedy,Comedy,Clarion Hotel Sign,Stockholm, Östra Järnvägsgatan 35,59.99333,18.89062,Friday,December,12,2026,20
Z698xZq2Z1kFJ__Oy,Babblarna & Klonks Klapp-kalas,https://www.ticketmaster.se/event/babblarna--klonks-klapp-kalas-biljetter/226659839,https://s1.ticketm.net/dam/a/2fe/0e037444-3367-4146-9ee7-4d4eab58c2fe_TABLET_LANDSCAPE_LARGE_16_9.jpg,2026-12-05,11:00,onsale,Arts & Theatre,Children's Theatre,Children's Theatre,Nya Cirkus,Stockholm,Djurgårdsslätten 43-45,59.32458,18.0997,Saturday,December,12,2026,11
Z698xZq2Z16vbFvO06,Babblarna & Klonks Klapp-kalas,https://www.ticketmaster.se/event/babblarna--klonks-klapp-kalas-biljetter/1608060907,https://s1.ticketm.net/dam/a/2fe/0e037444-3367-4146-9ee7-4d4eab58c2fe_TABLET_LANDSCAPE_LARGE_16_9.jpg,2026-12-05,14:00,onsale,Arts & Theatre,Children's Theatre,Children's Theatre,Nya Cirkus,Stockholm,Djurgårdsslätten 43-45,59.32458,18.0997,Saturday,December,12,2026,14
Z698xZq2Z16vA3-gbY,Torka aldrig tårar utan handskar,https://www.ticketmaster.se/event/torka-aldrig-tarar-utan-handskar-biljetter/1152875630,https://s1.ticketm.net/dam/a/c04/e189e030-d506-413c-9877-abbf392eac04_TABLET_LANDSCAPE_16_9.jpg,2026-12-05,15:00,onsale,Arts & Theatre,Theatre,Musical,Göta Lejon,Stockholm,Götgatan 55,59.31378,18.07384,Saturday,December,12,2026,15
Z698xZq2Z1kb70_ro,Tomten är far till alla barnen,https://www.ticketmaster.se/event/tomten-ar-far-till-alla-barnen-biljetter/604919791,https://s1.ticketm.net/dam/a/485/f1148298-044b-465e-852e-b6195da2c485_CUSTOM.jpg,2026-12-05,15:00,onsale,Arts & Theatre,Theatre,Miscellaneous,Cirkus,Stockholm,Djurgårdsslätten 43-45,59.32457,18.09969,Saturday,December,12,2026,15
Z698xZq2Z1kfbv-pk,Fredrik ”Benke” Rydman – Romeo & Julia,https://www.ticketmaster.se/event/fredrik-benke-rydman--romeo--julia-biljetter/518061586,https://s1.ticketm.net/dam/a/8ad/c2e90a71-ea96-448b-8d07-52c4b9a8b8ad_SOURCE,2026-12-05,19:00,onsale,Arts & Theatre,Dance,Dance,Dansens Hus - Stora Scen,Stockholm,Barnhusgatan 12-14,59.33623,18.05644,Saturday,December,12,2026,19
Z698xZq2Z1k3F0Sbv,Torka aldrig tårar utan handskar,https://www.ticketmaster.se/event/torka-aldrig-tarar-utan-handskar-biljetter/488933601,https://s1.ticketm.net/dam/a/c04/e189e030-d506-413c-9877-abbf392eac04_TABLET_LANDSCAPE_16_9.jpg,2026-12-05,19:30,onsale,Arts & Theatre,Theatre,Musical,Göta Lejon,Stockholm,Götgatan 55,59.31378,18.07384,Saturday,December,12,2026,19
Z698xZq2Z1k8Fuf1o,Tomten är far till alla barnen,https://www.ticketmaster.se/event/tomten-ar-far-till-alla-barnen-biljetter/408354291,https://s1.ticketm.net/dam/a/485/f1148298-044b-465e-852e-b6195da2c485_CUSTOM.jpg,2026-12-05,19:30,onsale,Arts & Theatre,Theatre,Miscellaneous,Cirkus,Stockholm,Djurgårdsslätten 43-45,59.32457,18.09969,Saturday,December,12,2026,19
Z698xZq2Z1kfzoz8V,MAFFIA COMEDY SUPERWEEKEND med Ann Westin m.fl,https://www.ticketmaster.se/event/maffia-comedy-superweekend-med-ann-westin-mfl-biljetter/538478434,https://s1.ticketm.net/dam/a/2f9/43412b6f-da4a-4529-afd0-31ba4b1162f9_RECOMENDATION_16_9.jpg,2026-12-05,20:00,onsale,Arts & Theatre,Comedy,Comedy,Clarion Hotel Sign,Stockholm, Östra Järnvägsgatan 35,59.99333,18.89062,Saturday,December,12,2026,20
Z698xZq2Z1kFPZ3AF,Tomten är far till alla barnen,https://www.ticketmaster.se/event/tomten-ar-far-till-alla-barnen-biljetter/225012148,https://s1.ticketm.net/dam/a/485/f1148298-044b-465e-852e-b6195da2c485_CUSTOM.jpg,2026-12-06,15:00,onsale,Arts & Theatre,Theatre,Musical,Cirkus,Stockholm,Djurgårdsslätten 43-45,59.32457,18.09969,Sunday,December,12,2026,15
Z698xZq2Z1kPvAvqS,Fredrik ”Benke” Rydman – Romeo & Julia,https://www.ticketmaster.se/event/fredrik-benke-rydman--romeo--julia-biljetter/941141773,https://s1.ticketm.net/dam/a/8ad/c2e90a71-ea96-448b-8d07-52c4b9a8b8ad_SOURCE,2026-12-06,15:00,onsale,Arts & Theatre,Dance,Dance,Dansens Hus - Stora Scen,Stockholm,Barnhusgatan 12-14,59.33623,18.05644,Sunday,December,12,2026,15
Z698xZq2Z1kG8xf-S,Ben Folds - Paper Airplane Request Tour,https://www.ticketmaster.se/event/ben-folds-paper-airplane-request-tour-biljetter/310894873,https://s1.ticketm.net/dam/e/ecf/57604eef-a988-495e-a290-e28957681ecf_RETINA_PORTRAIT_3_2.jpg,2026-12-06,19:30,onsale,Music,Rock,Pop,Göta Lejon,Stockholm,Götgatan 55,59.31378,18.07384,Sunday,December,12,2026,19
Z698xZq2Z1k-dbe4J,Fredrik ”Benke” Rydman – Romeo & Julia,https://www.ticketmaster.se/event/fredrik-benke-rydman--romeo--julia-biljetter/843602566,https://s1.ticketm.net/dam/a/8ad/c2e90a71-ea96-448b-8d07-52c4b9a8b8ad_SOURCE,2026-12-10,19:00,onsale,Arts & Theatre,Dance,Dance,Dansens Hus - Stora Scen,Stockholm,Barnhusgatan 12-14,59.33623,18.05644,Thursday,December,12,2026,19
Z698xZq2Z16vAS8wvs,Torka aldrig tårar utan handskar,https://www.ticketmaster.se/event/torka-aldrig-tarar-utan-handskar-biljetter/1173432071,https://s1.ticketm.net/dam/a/c04/e189e030-d506-413c-9877-abbf392eac04_TABLET_LANDSCAPE_16_9.jpg,2026-12-10,19:30,onsale,Arts & Theatre,Theatre,Musical,Göta Lejon,Stockholm,Götgatan 55,59.31378,18.07384,Thursday,December,12,2026,19
Z698xZq2Z16vC3p64y,Fredrik ”Benke” Rydman – Romeo & Julia,https://www.ticketmaster.se/event/fredrik-benke-rydman--romeo--julia-biljetter/1392587579,https://s1.ticketm.net/dam/a/8ad/c2e90a71-ea96-448b-8d07-52c4b9a8b8ad_SOURCE,2026-12-11,19:00,onsale,Arts & Theatre,Dance,Dance,Dansens Hus - Stora Scen,Stockholm,Barnhusgatan 12-14,59.33623,18.05644,Friday,December,12,2026,19
Z698xZq2Z1kFeu_b9,Torka aldrig tårar utan handskar,https://www.ticketmaster.se/event/torka-aldrig-tarar-utan-handskar-biljetter/202359617,https://s1.ticketm.net/dam/a/c04/e189e030-d506-413c-9877-abbf392eac04_TABLET_LANDSCAPE_16_9.jpg,2026-12-11,19:30,onsale,Arts & Theatre,Theatre,Musical,Göta Lejon,Stockholm,Götgatan 55,59.31378,18.07384,Friday,December,12,2026,19
Z698xZq2Z1kx9xo0z,MAFFIA COMEDY SUPERWEEKEND med Tobbe Ström m.fl,https://www.ticketmaster.se/event/maffia-comedy-superweekend-med-tobbe-strom-mfl-biljetter/897891938,https://s1.ticketm.net/dam/a/2f9/43412b6f-da4a-4529-afd0-31ba4b1162f9_RECOMENDATION_16_9.jpg,2026-12-11,20:00,onsale,Arts & Theatre,Comedy,Comedy,Clarion Hotel Sign,Stockholm, Östra Järnvägsgatan 35,59.99333,18.89062,Friday,December,12,2026,20
Z698xZq2Z1kFV7Ya_,Fredrik ”Benke” Rydman – Romeo & Julia,https://www.ticketmaster.se/event/fredrik-benke-rydman--romeo--julia-biljetter/234130259,https://s1.ticketm.net/dam/a/8ad/c2e90a71-ea96-448b-8d07-52c4b9a8b8ad_SOURCE,2026-12-12,15:00,onsale,Arts & Theatre,Dance,Dance,Dansens Hus - Stora Scen,Stockholm,Barnhusgatan 12-14,59.33623,18.05644,Saturday,December,12,2026,15
Z698xZq2Z1ke4fd8w,Torka aldrig tårar utan handskar,https://www.ticketmaster.se/event/torka-aldrig-tarar-utan-handskar-biljetter/95503432,https://s1.ticketm.net/dam/a/c04/e189e030-d506-413c-9877-abbf392eac04_TABLET_LANDSCAPE_16_9.jpg,2026-12-12,15:00,onsale,Arts & Theatre,Theatre,Musical,Göta Lejon,Stockholm,Götgatan 55,59.31378,18.07384,Saturday,December,12,2026,15
Z698xZq2Z16vkkxFbJ,Fredrik ”Benke” Rydman – Romeo & Julia,https://www.ticketmaster.se/event/fredrik-benke-rydman--romeo--julia-biljetter/1186888626,https://s1.ticketm.net/dam/a/8ad/c2e90a71-ea96-448b-8d07-52c4b9a8b8ad_SOURCE,2026-12-12,19:00,onsale,Arts & Theatre,Dance,Dance,Dansens Hus - Stora Scen,Stockholm,Barnhusgatan 12-14,59.33623,18.05644,Saturday,December,12,2026,19
Z698xZq2Z16vQAfv0M,Torka aldrig tårar utan handskar,https://www.ticketmaster.se/event/torka-aldrig-tarar-utan-handskar-biljetter/1685501937,https://s1.ticketm.net/dam/a/c04/e189e030-d506-413c-9877-abbf392eac04_TABLET_LANDSCAPE_16_9.jpg,2026-12-12,19:30,onsale,Arts & Theatre,Theatre,Musical,Göta Lejon,Stockholm,Götgatan 55,59.31378,18.07384,Saturday,December,12,2026,19
Z698xZq2Z16v4e09Cd,Brad Williams - Tall Tales Tour,https://www.ticketmaster.se/event/brad-williams-tall-tales-tour-biljetter/1542917383,https://s1.ticketm.net/dam/a/a7c/9adc62bf-18be-4b9a-987e-97e11500ba7c_EVENT_DETAIL_PAGE_16_9.jpg,2026-12-12,20:00,onsale,Arts & Theatre,Comedy,Comedy,Nya Cirkus,Stockholm,Djurgårdsslätten 43-45,59.32458,18.0997,Saturday,December,12,2026,20
Z698xZq2Z1kqVZ0oo,MAFFIA COMEDY SUPERWEEKEND med Tobbe Ström m.fl,https://www.ticketmaster.se/event/maffia-comedy-superweekend-med-tobbe-strom-mfl-biljetter/774024451,https://s1.ticketm.net/dam/a/2f9/43412b6f-da4a-4529-afd0-31ba4b1162f9_RECOMENDATION_16_9.jpg,2026-12-12,20:00,onsale,Arts & Theatre,Comedy,Comedy,Clarion Hotel Sign,Stockholm, Östra Järnvägsgatan 35,59.99333,18.89062,Saturday,December,12,2026,20
Z698xZq2Z16vafuNk3,John Lundvik med Mats Björkes Caravan – Julturné 2026,https://www.ticketmaster.se/event/john-lundvik-med-mats-bjorkes-caravan--julturne-2026-biljetter/1254363192,https://s1.ticketm.net/dam/e/78c/3cc5b5dd-8d71-452c-a57c-8eb9e0d6278c_RECOMENDATION_16_9.jpg,2026-12-15,19:30,offsale,Music,Holiday,Christmas Music,Rival,Stockholm,Mariatorget 3,59.31816,18.06364,Tuesday,December,12,2026,19
Z698xZq2Z16vf08Yx4,Torka aldrig tårar utan handskar,https://www.ticketmaster.se/event/torka-aldrig-tarar-utan-handskar-biljetter/1524430895,https://s1.ticketm.net/dam/a/c04/e189e030-d506-413c-9877-abbf392eac04_TABLET_LANDSCAPE_16_9.jpg,2026-12-17,19:30,onsale,Arts & Theatre,Theatre,Musical,Göta Lejon,Stockholm,Götgatan 55,59.31378,18.07384,Thursday,December,12,2026,19
Z698xZq2Z1koP_Fjt,Torka aldrig tårar utan handskar,https://www.ticketmaster.se/event/torka-aldrig-tarar-utan-handskar-biljetter/465648729,https://s1.ticketm.net/dam/a/c04/e189e030-d506-413c-9877-abbf392eac04_TABLET_LANDSCAPE_16_9.jpg,2026-12-18,19:30,onsale,Arts & Theatre,Theatre,Musical,Göta Lejon,Stockholm,Götgatan 55,59.31378,18.07384,Friday,December,12,2026,19
Z698xZq2Z16vAVokf6,MAFFIA COMEDY SUPERWEEKEND med Viktor Engberg m.fl,https://www.ticketmaster.se/event/maffia-comedy-superweekend-med-viktor-engberg-mfl-biljetter/1174446507,https://s1.ticketm.net/dam/a/2f9/43412b6f-da4a-4529-afd0-31ba4b1162f9_RECOMENDATION_16_9.jpg,2026-12-18,20:00,onsale,Arts & Theatre,Comedy,Comedy,Clarion Hotel Sign,Stockholm, Östra Järnvägsgatan 35,59.99333,18.89062,Friday,December,12,2026,20
Z698xZq2Z16vF3x8GM,Torka aldrig tårar utan handskar,https://www.ticketmaster.se/event/torka-aldrig-tarar-utan-handskar-biljetter/1212890337,https://s1.ticketm.net/dam/a/c04/e189e030-d506-413c-9877-abbf392eac04_TABLET_LANDSCAPE_16_9.jpg,2026-12-19,15:00,onsale,Arts & Theatre,Theatre,Musical,Göta Lejon,Stockholm,Götgatan 55,59.31378,18.07384,Saturday,December,12,2026,15
Z698xZq2Z1kjMO07O,Fredrik ”Benke” Rydman – Romeo & Julia,https://www.ticketmaster.se/event/fredrik-benke-rydman--romeo--julia-biljetter/737824120,https://s1.ticketm.net/dam/a/8ad/c2e90a71-ea96-448b-8d07-52c4b9a8b8ad_SOURCE,2026-12-19,15:00,onsale,Arts & Theatre,Dance,Dance,Dansens Hus - Stora Scen,Stockholm,Barnhusgatan 12-14,59.33623,18.05644,Saturday,December,12,2026,15
Z698xZq2Z1kPxGsx7,Fredrik ”Benke” Rydman – Romeo & Julia,https://www.ticketmaster.se/event/fredrik-benke-rydman--romeo--julia-biljetter/962331884,https://s1.ticketm.net/dam/a/8ad/c2e90a71-ea96-448b-8d07-52c4b9a8b8ad_SOURCE,2026-12-19,19:00,onsale,Arts & Theatre,Dance,Dance,Dansens Hus - Stora Scen,Stockholm,Barnhusgatan 12-14,59.33623,18.05644,Saturday,December,12,2026,19
Z698xZq2Z16vPFPoZP,Torka aldrig tårar utan handskar,https://www.ticketmaster.se/event/torka-aldrig-tarar-utan-handskar-biljetter/1948951025,https://s1.ticketm.net/dam/a/c04/e189e030-d506-413c-9877-abbf392eac04_TABLET_LANDSCAPE_16_9.jpg,2026-12-19,19:30,onsale,Arts & Theatre,Theatre,Musical,Göta Lejon,Stockholm,Götgatan 55,59.31378,18.07384,Saturday,December,12,2026,19
Z698xZq2Z16vo8A_ak,MAFFIA COMEDY SUPERWEEKEND med Viktor Engberg m.fl,https://www.ticketmaster.se/event/maffia-comedy-superweekend-med-viktor-engberg-mfl-biljetter/1450159246,https://s1.ticketm.net/dam/a/2f9/43412b6f-da4a-4529-afd0-31ba4b1162f9_RECOMENDATION_16_9.jpg,2026-12-19,20:00,onsale,Arts & Theatre,Comedy,Comedy,Clarion Hotel Sign,Stockholm, Östra Järnvägsgatan 35,59.99333,18.89062,Saturday,December,12,2026,20
Z698xZq2Z1k3bk67E,Fredrik ”Benke” Rydman – Romeo & Julia,https://www.ticketmaster.se/event/fredrik-benke-rydman--romeo--julia-biljetter/498187127,https://s1.ticketm.net/dam/a/8ad/c2e90a71-ea96-448b-8d07-52c4b9a8b8ad_SOURCE,2026-12-20,15:00,onsale,Arts & Theatre,Dance,Dance,Dansens Hus - Stora Scen,Stockholm,Barnhusgatan 12-14,59.33623,18.05644,Sunday,December,12,2026,15
Z698xZq2Z16vQ_PZvk,Fredrik ”Benke” Rydman – Romeo & Julia,https://www.ticketmaster.se/event/fredrik-benke-rydman--romeo--julia-biljetter/1699940046,https://s1.ticketm.net/dam/a/8ad/c2e90a71-ea96-448b-8d07-52c4b9a8b8ad_SOURCE,2026-12-26,15:00,onsale,Arts & Theatre,Dance,Dance,Dansens Hus - Stora Scen,Stockholm,Barnhusgatan 12-14,59.33623,18.05644,Saturday,December,12,2026,15
Z698xZq2Z1kja7z03,Fredrik ”Benke” Rydman – Romeo & Julia,https://www.ticketmaster.se/event/fredrik-benke-rydman--romeo--julia-biljetter/709138912,https://s1.ticketm.net/dam/a/8ad/c2e90a71-ea96-448b-8d07-52c4b9a8b8ad_SOURCE,2026-12-27,15:00,onsale,Arts & Theatre,Dance,Dance,Dansens Hus - Stora Scen,Stockholm,Barnhusgatan 12-14,59.33623,18.05644,Sunday,December,12,2026,15
Z698xZq2Z1k4v-V3F,Fredrik ”Benke” Rydman – Romeo & Julia,https://www.ticketmaster.se/event/fredrik-benke-rydman--romeo--julia-biljetter/541874488,https://s1.ticketm.net/dam/a/8ad/c2e90a71-ea96-448b-8d07-52c4b9a8b8ad_SOURCE,2026-12-27,19:00,onsale,Arts & Theatre,Dance,Dance,Dansens Hus - Stora Scen,Stockholm,Barnhusgatan 12-14,59.33623,18.05644,Sunday,December,12,2026,19
Z698xZq2Z1k4yP4qt,Fredrik ”Benke” Rydman – Romeo & Julia,https://www.ticketmaster.se/event/fredrik-benke-rydman--romeo--julia-biljetter/579955769,https://s1.ticketm.net/dam/a/8ad/c2e90a71-ea96-448b-8d07-52c4b9a8b8ad_SOURCE,2026-12-28,19:00,onsale,Arts & Theatre,Dance,Dance,Dansens Hus - Stora Scen,Stockholm,Barnhusgatan 12-14,59.33623,18.05644,Monday,December,12,2026,19
Z698xZq2Z1kqwOUfy,Djungelboken The Musical,https://www.ticketmaster.se/event/djungelboken-the-musical-biljetter/772836539,https://s1.ticketm.net/dam/a/5f0/557a8a2a-fa47-48e2-affb-d813332e15f0_SOURCE,2026-12-29,16:00,onsale,Arts & Theatre,Theatre,Musical,Göta Lejon,Stockholm,Götgatan 55,59.31378,18.07384,Tuesday,December,12,2026,16
Z698xZq2Z16vawA4ok,Fredrik ”Benke” Rydman – Romeo & Julia,https://www.ticketmaster.se/event/fredrik-benke-rydman--romeo--julia-biljetter/1272155446,https://s1.ticketm.net/dam/a/8ad/c2e90a71-ea96-448b-8d07-52c4b9a8b8ad_SOURCE,2026-12-29,19:00,onsale,Arts & Theatre,Dance,Dance,Dansens Hus - Stora Scen,Stockholm,Barnhusgatan 12-14,59.33623,18.05644,Tuesday,December,12,2026,19
Z698xZq2Z1k8x0aJA,Fredrik ”Benke” Rydman – Romeo & Julia,https://www.ticketmaster.se/event/fredrik-benke-rydman--romeo--julia-biljetter/422909985,https://s1.ticketm.net/dam/a/8ad/c2e90a71-ea96-448b-8d07-52c4b9a8b8ad_SOURCE,2026-12-30,15:00,onsale,Arts & Theatre,Dance,Dance,Dansens Hus - Stora Scen,Stockholm,Barnhusgatan 12-14,59.33623,18.05644,Wednesday,December,12,2026,15
Z698xZq2Z16v74uv7E,Djungelboken The Musical,https://www.ticketmaster.se/event/djungelboken-the-musical-biljetter/1115341127,https://s1.ticketm.net/dam/a/5f0/557a8a2a-fa47-48e2-affb-d813332e15f0_SOURCE,2026-12-30,16:00,onsale,Arts & Theatre,Theatre,Musical,Göta Lejon,Stockholm,Götgatan 55,59.31378,18.07384,Wednesday,December,12,2026,16
Z698xZq2Z1kCfed_f,Fredrik ”Benke” Rydman – Romeo & Julia,https://www.ticketmaster.se/event/fredrik-benke-rydman--romeo--julia-biljetter/394083654,https://s1.ticketm.net/dam/a/8ad/c2e90a71-ea96-448b-8d07-52c4b9a8b8ad_SOURCE,2027-01-02,15:00,onsale,Arts & Theatre,Dance,Dance,Dansens Hus - Stora Scen,Stockholm,Barnhusgatan 12-14,59.33623,18.05644,Saturday,January,1,2027,15
Z698xZq2Z16vAbkpvy,Djungelboken The Musical,https://www.ticketmaster.se/event/djungelboken-the-musical-biljetter/1158196079,https://s1.ticketm.net/dam/a/5f0/557a8a2a-fa47-48e2-affb-d813332e15f0_SOURCE,2027-01-02,16:00,onsale,Arts & Theatre,Theatre,Musical,Göta Lejon,Stockholm,Götgatan 55,59.31378,18.07384,Saturday,January,1,2027,16
Z698xZq2Z1kQ_QFuy,Fredrik ”Benke” Rydman – Romeo & Julia,https://www.ticketmaster.se/event/fredrik-benke-rydman--romeo--julia-biljetter/699688379,https://s1.ticketm.net/dam/a/8ad/c2e90a71-ea96-448b-8d07-52c4b9a8b8ad_SOURCE,2027-01-02,19:00,onsale,Arts & Theatre,Dance,Dance,Dansens Hus - Stora Scen,Stockholm,Barnhusgatan 12-14,59.33623,18.05644,Saturday,January,1,2027,19
Z698xZq2Z1kFpk8Jb,Fredrik ”Benke” Rydman – Romeo & Julia,https://www.ticketmaster.se/event/fredrik-benke-rydman--romeo--julia-biljetter/216190998,https://s1.ticketm.net/dam/a/8ad/c2e90a71-ea96-448b-8d07-52c4b9a8b8ad_SOURCE,2027-01-03,15:00,onsale,Arts & Theatre,Dance,Dance,Dansens Hus - Stora Scen,Stockholm,Barnhusgatan 12-14,59.33623,18.05644,Sunday,January,1,2027,15
Z698xZq2Z1ku7P9eZ,Djungelboken The Musical,https://www.ticketmaster.se/event/djungelboken-the-musical-biljetter/344957080,https://s1.ticketm.net/dam/a/5f0/557a8a2a-fa47-48e2-affb-d813332e15f0_SOURCE,2027-01-05,16:00,onsale,Miscellaneous,Family,Other,Göta Lejon,Stockholm,Götgatan 55,59.31378,18.07384,Tuesday,January,1,2027,16
Z698xZq2Z1kbgeavE,HippHipp Live!,https://www.ticketmaster.se/event/hipphipp-live-biljetter/635089067,https://s1.ticketm.net/dam/a/788/b1b7464d-70c2-449d-8cc3-7ada530fe788_TABLET_LANDSCAPE_3_2.jpg,2027-01-20,19:00,onsale,Arts & Theatre,Theatre,Miscellaneous,Cirkus,Stockholm,Djurgårdsslätten 43-45,59.32457,18.09969,Wednesday,January,1,2027,19
Z698xZq2Z16vZPaI4_,HippHipp Live!,https://www.ticketmaster.se/event/hipphipp-live-biljetter/1025268559,https://s1.ticketm.net/dam/a/788/b1b7464d-70c2-449d-8cc3-7ada530fe788_TABLET_LANDSCAPE_3_2.jpg,2027-01-21,19:00,onsale,Arts & Theatre,Theatre,Miscellaneous,Cirkus,Stockholm,Djurgårdsslätten 43-45,59.32457,18.09969,Thursday,January,1,2027,19
Z698xZq2Z1kQk-Zog,HippHipp Live!,https://www.ticketmaster.se/event/hipphipp-live-biljetter/686840475,https://s1.ticketm.net/dam/a/788/b1b7464d-70c2-449d-8cc3-7ada530fe788_TABLET_LANDSCAPE_3_2.jpg,2027-01-22,17:00,onsale,Arts & Theatre,Comedy,Comedy,Cirkus,Stockholm,Djurgårdsslätten 43-45,59.32457,18.09969,Friday,January,1,2027,17
Z698xZq2Z1k4A074A,HippHipp Live!,https://www.ticketmaster.se/event/hipphipp-live-biljetter/545904545,https://s1.ticketm.net/dam/a/788/b1b7464d-70c2-449d-8cc3-7ada530fe788_TABLET_LANDSCAPE_3_2.jpg,2027-01-22,20:00,onsale,Arts & Theatre,Comedy,Comedy,Cirkus,Stockholm,Djurgårdsslätten 43-45,59.32457,18.09969,Friday,January,1,2027,20
Z698xZq2Z16vOpAAjs,HippHipp Live!,https://www.ticketmaster.se/event/hipphipp-live-biljetter/1816145731,https://s1.ticketm.net/dam/a/788/b1b7464d-70c2-449d-8cc3-7ada530fe788_TABLET_LANDSCAPE_3_2.jpg,2027-01-23,16:00,onsale,Arts & Theatre,Theatre,Miscellaneous,Cirkus,Stockholm,Djurgårdsslätten 43-45,59.32457,18.09969,Saturday,January,1,2027,16
Z698xZq2Z16vqaj97o,HippHipp Live!,https://www.ticketmaster.se/event/hipphipp-live-biljetter/1749717111,https://s1.ticketm.net/dam/a/788/b1b7464d-70c2-449d-8cc3-7ada530fe788_TABLET_LANDSCAPE_3_2.jpg,2027-01-23,19:30,onsale,Arts & Theatre,Comedy,Comedy,Cirkus,Stockholm,Djurgårdsslätten 43-45,59.32457,18.09969,Saturday,January,1,2027,19
Z698xZq2Z1k7ZA4vk,HippHipp Live!,https://www.ticketmaster.se/event/hipphipp-live-biljetter/100155046,https://s1.ticketm.net/dam/a/788/b1b7464d-70c2-449d-8cc3-7ada530fe788_TABLET_LANDSCAPE_3_2.jpg,2027-01-29,20:00,onsale,Arts & Theatre,Theatre,Miscellaneous,Cirkus,Stockholm,Djurgårdsslätten 43-45,59.32457,18.09969,Friday,January,1,2027,20
Z698xZq2Z1kofGouv,HippHipp Live!,https://www.ticketmaster.se/event/hipphipp-live-biljetter/454311341,https://s1.ticketm.net/dam/a/788/b1b7464d-70c2-449d-8cc3-7ada530fe788_TABLET_LANDSCAPE_3_2.jpg,2027-01-30,19:30,onsale,Arts & Theatre,Theatre,Miscellaneous,Cirkus,Stockholm,Djurgårdsslätten 43-45,59.32457,18.09969,Saturday,January,1,2027,19
Z698xZq2Z16vpdQKf-,The AMAZING HITS by KISS,https://www.ticketmaster.se/event/the-amazing-hits-by-kiss-biljetter/1583693521,https://s1.ticketm.net/dam/e/013/f93263a0-047e-494c-a0bc-511bb5dec013_RETINA_PORTRAIT_16_9.jpg,2027-02-09,19:00,onsale,Music,Rock,Pop,Cirkus,Stockholm,Djurgårdsslätten 43-45,59.32457,18.09969,Tuesday,February,2,2027,19
Z698xZq2Z16vqvxZb4,Babblarna & Klonks Klapp-kalas - 2027,https://www.ticketmaster.se/event/babblarna--klonks-klapp-kalas-2027-biljetter/1741880615,https://s1.ticketm.net/dam/a/2fe/0e037444-3367-4146-9ee7-4d4eab58c2fe_TABLET_LANDSCAPE_LARGE_16_9.jpg,2027-02-21,14:00,onsale,Arts & Theatre,Children's Theatre,Children's Theatre,Nya Cirkus,Stockholm,Djurgårdsslätten 43-45,59.32458,18.0997,Sunday,February,2,2027,14
Z698xZq2Z16v0PJ3a-,Outlander in Concert,https://www.ticketmaster.se/event/outlander-in-concert-biljetter/1925992261,https://s1.ticketm.net/dam/e/f6c/3fef3b80-54ec-4a33-b8df-331b08d93f6c_SOURCE,2027-03-03,19:00,onsale,Arts & Theatre,Theatre,Miscellaneous,Filadelfia Convention Center,Stockholm,Rörstrandsgatan 5,59.33948,18.03484,Wednesday,March,3,2027,19
Z698xZq2Z1kubuE3A,THE WALL - livekonsert,https://www.ticketmaster.se/event/the-wall-livekonsert-biljetter/358367485,https://s1.ticketm.net/dam/e/191/abcec349-d430-491b-94f7-5850facfd191_SOURCE,2027-03-06,17:00,onsale,Music,Rock,Pop,Filadelfia Convention Center,Stockholm,Rörstrandsgatan 5,59.33948,18.03484,Saturday,March,3,2027,17
Z698xZq2Z1kOAGMxd,Pink Floyd's DARK SIDE OF THE MOON,https://www.ticketmaster.se/event/pink-floyds-dark-side-of-the-moon-biljetter/805337883,https://s1.ticketm.net/dam/e/d87/d3ec39ba-6708-4852-be67-7f5c62465d87_TABLET_LANDSCAPE_16_9.jpg,2027-03-06,20:00,onsale,Miscellaneous,Family,Other,Filadelfia Convention Center,Stockholm,Rörstrandsgatan 5,59.33948,18.03484,Saturday,March,3,2027,20
Z698xZq2Z1kOb3o_E,THE MUSIC OF HARRY POTTER - in concert,https://www.ticketmaster.se/event/the-music-of-harry-potter-in-concert-biljetter/818491667,https://s1.ticketm.net/dam/e/aff/5c8007be-fe70-4563-8bea-96c45f601aff_RETINA_PORTRAIT_16_9.jpg,2027-03-13,16:00,onsale,Music,Other,Other,Filadelfia Convention Center,Stockholm,Rörstrandsgatan 5,59.33948,18.03484,Saturday,March,3,2027,16
Z698xZq2Z1kjUjEke,THE MUSIC OF JOHN WILLIAMS - in concert,https://www.ticketmaster.se/event/the-music-of-john-williams-in-concert-biljetter/736727182,https://s1.ticketm.net/dam/e/7c9/b3ecae4e-73e5-4c59-b7da-dd294aba27c9_RECOMENDATION_16_9.jpg,2027-03-13,20:00,onsale,Music,Other,Other,Filadelfia Convention Center,Stockholm,Rörstrandsgatan 5,59.33948,18.03484,Saturday,March,3,2027,20
Z698xZq2Z16v_KjfqY,"Sagan om Ringen, Hobbit och Maktens Ringar – Livekonsert",https://www.ticketmaster.se/event/sagan-om-ringen-hobbit-och-maktens-ringar--livekonsert-biljetter/1653714770,https://s1.ticketm.net/dam/e/e4f/7a94a952-e072-40b4-9f28-5d797dae5e4f_TABLET_LANDSCAPE_3_2.jpg,2027-03-20,16:00,onsale,Arts & Theatre,Theatre,Miscellaneous,Filadelfia Convention Center,Stockholm,Rörstrandsgatan 5,59.33948,18.03484,Saturday,March,3,2027,16
Z698xZq2Z1kP8-Z43,The Music of Hans Zimmer & more,https://www.ticketmaster.se/event/the-music-of-hans-zimmer--more-biljetter/950840552,https://s1.ticketm.net/dam/e/704/166d3f92-7a7b-470d-b9d8-0eb864a89704_RETINA_PORTRAIT_3_2.jpg,2027-03-20,20:00,onsale,Arts & Theatre,Theatre,Miscellaneous,Filadelfia Convention Center,Stockholm,Rörstrandsgatan 5,59.33948,18.03484,Saturday,March,3,2027,20
Z698xZq2Z16vv0_yv-,Star Wars: A New Hope Live in Concert,https://www.ticketmaster.se/event/star-wars-a-new-hope-live-in-concert-biljetter/1064679061,https://s1.ticketm.net/dam/a/e59/b92edc88-e6a7-485c-8180-118bf30c0e59_SOURCE,2027-03-27,15:00,onsale,Music,Other,Other,Stockholm Waterfront,Stockholm,Nils Ericsons Plan 4,59.32982,18.05621,Saturday,March,3,2027,15
Z698xZq2Z16vx40y09,Star Wars: A New Hope Live in Concert,https://www.ticketmaster.se/event/star-wars-a-new-hope-live-in-concert-biljetter/1895939917,https://s1.ticketm.net/dam/a/e59/b92edc88-e6a7-485c-8180-118bf30c0e59_SOURCE,2027-03-27,19:30,onsale,Music,Other,Other,Stockholm Waterfront,Stockholm,Nils Ericsons Plan 4,59.32982,18.05621,Saturday,March,3,2027,19
Z698xZq2Z1ANjx7Z,"RUSH, FIFTY SOMETHING, Platinum Tickets",https://www.ticketmaster.se/event/rush-fifty-something-platinumbiljetter-biljetter/23722100,https://s1.ticketm.net/dam/a/6bd/c02199ad-8d22-4668-8973-f400d85826bd_TABLET_LANDSCAPE_16_9.jpg,2027-04-08,20:00,onsale,Music,Rock,Pop,Avicii Arena,Stockholm,Globentorget 2,59.29416,18.08081,Thursday,April,4,2027,20
Z698xZq2Z16vqk3au6,Copenhagen Drummers - Next level tour,https://www.ticketmaster.se/event/copenhagen-drummers-next-level-tour-biljetter/1746489347,https://s1.ticketm.net/dam/e/c85/f346d0f9-1b2f-4dd8-853c-381a01cebc85_SOURCE,2027-04-14,19:30,onsale,Music,Dance/Electronic,Club Dance,Göta Lejon,Stockholm,Götgatan 55,59.31378,18.07384,Wednesday,April,4,2027,19
Z698xZq2Z1kkFuy7I,NANNE GRÖNVALLS JUBILEUMSTURNÈ - HÄR ÄR JAG,https://www.ticketmaster.se/event/nanne-gronvalls-jubileumsturne-har-ar-jag-biljetter/188379128,https://s1.ticketm.net/dam/e/385/3cee7fea-6fb8-4652-912c-41b3ca0df385_SOURCE,2027-04-18,18:00,rescheduled,Music,Other,Other,Cirkus,Stockholm,Djurgårdsslätten 43-45,59.32457,18.09969,Sunday,April,4,2027,18
Z698xZq2Z16vkd0spo,Fredrik Andersson - TOO SOON,https://www.ticketmaster.se/event/fredrik-andersson-too-soon-biljetter/1183931591,https://s1.ticketm.net/dam/a/58b/088437d8-99d3-4b7b-942e-fa28d163458b_RECOMENDATION_16_9.jpg,2027-04-23,19:00,onsale,Arts & Theatre,Comedy,Comedy,Nya Cirkus,Stockholm,Djurgårdsslätten 43-45,59.32458,18.0997,Friday,April,4,2027,19
Z698xZq2Z16evgf6fd,Babblarna & Klonks Klapp-kalas - 2027,https://www.ticketmaster.se/event/babblarna--klonks-klapp-kalas-2027-biljetter/2075507503,https://s1.ticketm.net/dam/a/2fe/0e037444-3367-4146-9ee7-4d4eab58c2fe_TABLET_LANDSCAPE_LARGE_16_9.jpg,2027-05-02,14:00,onsale,Arts & Theatre,Children's Theatre,Children's Theatre,Nya Cirkus,Stockholm,Djurgårdsslätten 43-45,59.32458,18.0997,Sunday,May,5,2027,14
Z698xZq2Z1k00fOqN,Fredrik Andersson - TOO SOON,https://www.ticketmaster.se/event/fredrik-andersson-too-soon-biljetter/924520763,https://s1.ticketm.net/dam/a/58b/088437d8-99d3-4b7b-942e-fa28d163458b_RECOMENDATION_16_9.jpg,2027-05-14,19:00,onsale,Arts & Theatre,Comedy,Comedy,Cirkus,Stockholm,Djurgårdsslätten 43-45,59.32457,18.09969,Friday,May,5,2027,19
Z698xZq2Z17_OjN,Sofia GA 0522 Real - Do not purchases,https://www.ticketmaster.se/event/sofia-ga-0522-real-do-not-purchase-biljetter/660723,https://s1.ticketm.net/dam/c/368/b70b1d5a-ce61-4ca9-a3c7-3381694ae368_105351_TABLET_LANDSCAPE_3_2.jpg,2027-12-22,01:00,onsale,Miscellaneous,Family,Other,Ticketmaster,Stockholm,Centralplan 15,59.33353,18.0572,Wednesday,December,12,2027,1
